Ticker,Name,Series Type,Currency,Country,Sector,Industry,Sic,Exchange,Cik,Fiscal_End,Units,Scale,Flow,Adjustment,Periodicity,Metadata,Corporate_History,Data Notes
CPDEUM,Germany Consumer Price Index Inflation Rate,Consumer Price Indices,Germany Deutschemark (Euro from 01/01/1999),Germany,,,,,,,Index Number,Units,Stock,none,Annual From Dec 1820 To Dec 1869<BR>Monthly From Jan 1870 To Jan 2019<BR>,"Sources: B. R. Mitchell, European Historical Statistics, 1750-1975, New York: Facts on File, 1980 (1820-1912), Richard Calwer, Monatliche Ubersichten uber Lebensmittelpreise, Berlin, (1913-1919), League of Nations (1920-1945); Bayerischen Statistician Landesamt, Bayern in Zahlen, Munchen: Bayerisches Statistisches Landesamt (1945-1948) Bundesamt, Wirtschaft und Statistik (1948-) Notes: Data are annual for 1820 to 1869.  Germany's official CPI began in February 1920, but prior to that a consumer price index calculated by Gielen is used. Also available is an index of the average level of foodstuff prices in 200 German cities is available (in CPDEUCFM).  See Richard Calwer, Monatliche Ubersichten uber Lebensmittelpreise, Berlin, 1913ff., as cited in Gerhard Bry, Wages in Germany 1871-1945, Princeton, 1960) 440-445. The base is July 1914 = 100.   Prices stabilized in December 1923, and a new series in gold Reichsmark was introduced.  The series are allowed to overlap for comparison.  The official German CPI series continued until February 1945 when it was halted.  The data for March 1945 through June 1948 is from Munich where a CPI index used the old 1913/14=100 gold marks base.  In July 1948 the Bundesamt once again began calculating an official CPI Index for the entire country, and this index is used currently.   Data are disseminated on the CPI, a Laspeyres price index (2000=100) which covers all population groups and all regions of the Federal Republic of Germany.The index is updated by collecting a sample of approximately 350,000 prices for approximately 750 commodities, collected from approximately 40,000 retail outlets in 190 municipalities throughout Germany. The prices are collected in the middle of the month.  The weights used in the index are based on surveys of household expenditure on goods and services, and are revised at five-yearly intervals. The next price base year of the index will be 2005. ne consumer price index is computed for Germany overall. In addition, consumer price indices are available for many federal states. Since January 1997, price changes are also measured monthly by the HICP (Harmonized Index of Consumer Prices) which is computed for European purposes.",,Split adjusted.
Date,Ticker,Open,High,Low,Close
12/31/1820,CPDEUM,,,,4.06302261E-11
12/31/1821,CPDEUM,,,,3.51125812E-11
12/31/1822,CPDEUM,,,,3.51125812E-11
12/31/1823,CPDEUM,,,,3.70186649E-11
12/31/1824,CPDEUM,,,,2.76887598E-11
12/31/1825,CPDEUM,,,,2.67858926E-11
12/31/1826,CPDEUM,,,,3.04977106E-11
12/31/1827,CPDEUM,,,,3.60154483E-11
12/31/1828,CPDEUM,,,,3.70186649E-11
12/31/1829,CPDEUM,,,,3.70186649E-11
12/31/1830,CPDEUM,,,,3.9727359E-11
12/31/1831,CPDEUM,,,,4.62482206E-11
12/31/1832,CPDEUM,,,,4.34392697E-11
12/31/1833,CPDEUM,,,,4.06302261E-11
12/31/1834,CPDEUM,,,,3.42096213E-11
12/31/1835,CPDEUM,,,,3.51125812E-11
12/31/1836,CPDEUM,,,,3.42096213E-11
12/31/1837,CPDEUM,,,,3.51125812E-11
12/31/1838,CPDEUM,,,,4.06302261E-11
12/31/1839,CPDEUM,,,,4.25363099E-11
12/31/1840,CPDEUM,,,,4.16334427E-11
12/31/1841,CPDEUM,,,,3.9727359E-11
12/31/1842,CPDEUM,,,,4.34392697E-11
12/31/1843,CPDEUM,,,,4.5245004E-11
12/31/1844,CPDEUM,,,,4.06302261E-11
12/31/1845,CPDEUM,,,,4.5245004E-11
12/31/1846,CPDEUM,,,,5.54777762E-11
12/31/1847,CPDEUM,,,,6.56102918E-11
12/31/1848,CPDEUM,,,,4.34392697E-11
12/31/1849,CPDEUM,,,,3.7921532E-11
12/31/1850,CPDEUM,,,,3.70186649E-11
12/31/1851,CPDEUM,,,,4.34392697E-11
12/31/1852,CPDEUM,,,,5.08629984E-11
12/31/1853,CPDEUM,,,,5.63807361E-11
12/31/1854,CPDEUM,,,,6.75163755E-11
12/31/1855,CPDEUM,,,,7.21311533E-11
12/31/1856,CPDEUM,,,,7.02250696E-11
12/31/1857,CPDEUM,,,,5.72836032E-11
12/31/1858,CPDEUM,,,,5.45749091E-11
12/31/1859,CPDEUM,,,,5.45749091E-11
12/31/1860,CPDEUM,,,,5.81864704E-11
12/31/1861,CPDEUM,,,,6.09955139E-11
12/31/1862,CPDEUM,,,,6.09955139E-11
12/31/1863,CPDEUM,,,,5.54777762E-11
12/31/1864,CPDEUM,,,,6.09955139E-11
12/31/1865,CPDEUM,,,,5.35716925E-11
12/31/1866,CPDEUM,,,,5.81864704E-11
12/31/1867,CPDEUM,,,,7.02250696E-11
12/31/1868,CPDEUM,,,,7.02250696E-11
12/31/1869,CPDEUM,,,,6.38044648E-11
01/31/1870,CPDEUM,,,,6.38044648E-11
02/28/1870,CPDEUM,,,,6.38044648E-11
03/31/1870,CPDEUM,,,,6.38044648E-11
04/30/1870,CPDEUM,,,,6.38044648E-11
05/31/1870,CPDEUM,,,,6.38044648E-11
06/30/1870,CPDEUM,,,,6.4406469E-11
07/31/1870,CPDEUM,,,,6.4406469E-11
08/31/1870,CPDEUM,,,,6.4406469E-11
09/30/1870,CPDEUM,,,,6.50083804E-11
10/31/1870,CPDEUM,,,,6.50083804E-11
11/30/1870,CPDEUM,,,,6.50083804E-11
12/31/1870,CPDEUM,,,,6.61119465E-11
01/31/1871,CPDEUM,,,,6.61119465E-11
02/28/1871,CPDEUM,,,,6.61119465E-11
03/31/1871,CPDEUM,,,,6.79176807E-11
04/30/1871,CPDEUM,,,,6.79176807E-11
05/31/1871,CPDEUM,,,,6.79176807E-11
06/30/1871,CPDEUM,,,,6.97235077E-11
07/31/1871,CPDEUM,,,,6.97235077E-11
08/31/1871,CPDEUM,,,,6.97235077E-11
09/30/1871,CPDEUM,,,,7.14289852E-11
10/31/1871,CPDEUM,,,,7.14289852E-11
11/30/1871,CPDEUM,,,,7.14289852E-11
12/31/1871,CPDEUM,,,,7.20308966E-11
01/31/1872,CPDEUM,,,,7.20308966E-11
02/29/1872,CPDEUM,,,,7.20308966E-11
03/31/1872,CPDEUM,,,,7.2632808E-11
04/30/1872,CPDEUM,,,,7.2632808E-11
05/31/1872,CPDEUM,,,,7.2632808E-11
06/30/1872,CPDEUM,,,,7.2632808E-11
07/31/1872,CPDEUM,,,,7.2632808E-11
08/31/1872,CPDEUM,,,,7.2632808E-11
09/30/1872,CPDEUM,,,,7.2632808E-11
10/31/1872,CPDEUM,,,,7.2632808E-11
11/30/1872,CPDEUM,,,,7.2632808E-11
12/31/1872,CPDEUM,,,,7.2632808E-11
01/31/1873,CPDEUM,,,,7.4438635E-11
02/28/1873,CPDEUM,,,,7.49401969E-11
03/31/1873,CPDEUM,,,,7.61440198E-11
04/30/1873,CPDEUM,,,,7.91536696E-11
05/31/1873,CPDEUM,,,,8.02572357E-11
06/30/1873,CPDEUM,,,,8.14610585E-11
07/31/1873,CPDEUM,,,,8.14610585E-11
08/31/1873,CPDEUM,,,,8.14610585E-11
09/30/1873,CPDEUM,,,,8.14610585E-11
10/31/1873,CPDEUM,,,,8.14610585E-11
11/30/1873,CPDEUM,,,,8.20630627E-11
12/31/1873,CPDEUM,,,,8.20630627E-11
01/31/1874,CPDEUM,,,,8.32668855E-11
02/28/1874,CPDEUM,,,,8.32668855E-11
03/31/1874,CPDEUM,,,,8.38687969E-11
04/30/1874,CPDEUM,,,,8.38687969E-11
05/31/1874,CPDEUM,,,,8.38687969E-11
06/30/1874,CPDEUM,,,,8.44707083E-11
07/31/1874,CPDEUM,,,,8.44707083E-11
08/31/1874,CPDEUM,,,,8.38687969E-11
09/30/1874,CPDEUM,,,,8.38687969E-11
10/31/1874,CPDEUM,,,,8.38687969E-11
11/30/1874,CPDEUM,,,,8.32668855E-11
12/31/1874,CPDEUM,,,,8.32668855E-11
01/31/1875,CPDEUM,,,,8.20630627E-11
02/28/1875,CPDEUM,,,,8.14610585E-11
03/31/1875,CPDEUM,,,,7.91536696E-11
04/30/1875,CPDEUM,,,,7.85517582E-11
05/31/1875,CPDEUM,,,,7.73479353E-11
06/30/1875,CPDEUM,,,,7.61440198E-11
07/31/1875,CPDEUM,,,,7.49401969E-11
08/31/1875,CPDEUM,,,,7.4438635E-11
09/30/1875,CPDEUM,,,,7.4438635E-11
10/31/1875,CPDEUM,,,,7.38366308E-11
11/30/1875,CPDEUM,,,,7.38366308E-11
12/31/1875,CPDEUM,,,,7.4438635E-11
01/31/1876,CPDEUM,,,,7.49401969E-11
02/29/1876,CPDEUM,,,,7.49401969E-11
03/31/1876,CPDEUM,,,,7.49401969E-11
04/30/1876,CPDEUM,,,,7.49401969E-11
05/31/1876,CPDEUM,,,,7.55421084E-11
06/30/1876,CPDEUM,,,,7.55421084E-11
07/31/1876,CPDEUM,,,,7.61440198E-11
08/30/1876,CPDEUM,,,,7.61440198E-11
09/30/1876,CPDEUM,,,,7.61440198E-11
10/31/1876,CPDEUM,,,,7.61440198E-11
11/30/1876,CPDEUM,,,,7.61440198E-11
12/31/1876,CPDEUM,,,,7.61440198E-11
01/31/1877,CPDEUM,,,,7.67460239E-11
02/28/1877,CPDEUM,,,,7.67460239E-11
03/31/1877,CPDEUM,,,,7.67460239E-11
04/30/1877,CPDEUM,,,,7.73479353E-11
05/31/1877,CPDEUM,,,,7.73479353E-11
06/30/1877,CPDEUM,,,,7.73479353E-11
07/31/1877,CPDEUM,,,,7.79498468E-11
08/31/1877,CPDEUM,,,,7.79498468E-11
09/30/1877,CPDEUM,,,,7.79498468E-11
10/31/1877,CPDEUM,,,,7.73479353E-11
11/30/1877,CPDEUM,,,,7.73479353E-11
12/31/1877,CPDEUM,,,,7.73479353E-11
01/31/1878,CPDEUM,,,,7.61440198E-11
02/28/1878,CPDEUM,,,,7.49401969E-11
03/31/1878,CPDEUM,,,,7.49401969E-11
04/30/1878,CPDEUM,,,,7.4438635E-11
05/31/1878,CPDEUM,,,,7.4438635E-11
06/30/1878,CPDEUM,,,,7.32347194E-11
07/31/1878,CPDEUM,,,,7.32347194E-11
08/31/1878,CPDEUM,,,,7.20308966E-11
09/30/1878,CPDEUM,,,,7.20308966E-11
10/31/1878,CPDEUM,,,,7.14289852E-11
11/30/1878,CPDEUM,,,,7.14289852E-11
12/31/1878,CPDEUM,,,,7.14289852E-11
01/31/1879,CPDEUM,,,,7.14289852E-11
02/28/1879,CPDEUM,,,,7.14289852E-11
03/31/1879,CPDEUM,,,,7.14289852E-11
04/30/1879,CPDEUM,,,,7.14289852E-11
05/31/1879,CPDEUM,,,,7.14289852E-11
06/30/1879,CPDEUM,,,,7.14289852E-11
07/31/1879,CPDEUM,,,,7.20308966E-11
08/31/1879,CPDEUM,,,,7.20308966E-11
09/30/1879,CPDEUM,,,,7.20308966E-11
10/31/1879,CPDEUM,,,,7.2632808E-11
11/30/1879,CPDEUM,,,,7.32347194E-11
12/31/1879,CPDEUM,,,,7.38366308E-11
01/31/1880,CPDEUM,,,,7.4438635E-11
02/29/1880,CPDEUM,,,,7.55421084E-11
03/31/1880,CPDEUM,,,,7.61440198E-11
04/30/1880,CPDEUM,,,,7.67460239E-11
05/31/1880,CPDEUM,,,,7.67460239E-11
06/30/1880,CPDEUM,,,,7.67460239E-11
07/31/1880,CPDEUM,,,,7.73479353E-11
08/31/1880,CPDEUM,,,,7.73479353E-11
09/30/1880,CPDEUM,,,,7.73479353E-11
10/31/1880,CPDEUM,,,,7.67460239E-11
11/30/1880,CPDEUM,,,,7.67460239E-11
12/31/1880,CPDEUM,,,,7.67460239E-11
01/31/1881,CPDEUM,,,,7.73479353E-11
02/28/1881,CPDEUM,,,,7.73479353E-11
03/31/1881,CPDEUM,,,,7.67460239E-11
04/30/1881,CPDEUM,,,,7.73479353E-11
05/31/1881,CPDEUM,,,,7.67460239E-11
06/30/1881,CPDEUM,,,,7.67460239E-11
07/31/1881,CPDEUM,,,,7.67460239E-11
08/31/1881,CPDEUM,,,,7.73479353E-11
09/30/1881,CPDEUM,,,,7.73479353E-11
10/31/1881,CPDEUM,,,,7.73479353E-11
11/30/1881,CPDEUM,,,,7.73479353E-11
12/31/1881,CPDEUM,,,,7.79498468E-11
01/31/1882,CPDEUM,,,,7.79498468E-11
02/28/1882,CPDEUM,,,,7.73479353E-11
03/31/1882,CPDEUM,,,,7.67460239E-11
04/30/1882,CPDEUM,,,,7.4438635E-11
05/31/1882,CPDEUM,,,,7.4438635E-11
06/30/1882,CPDEUM,,,,7.4438635E-11
07/31/1882,CPDEUM,,,,7.4438635E-11
08/31/1882,CPDEUM,,,,7.4438635E-11
09/30/1882,CPDEUM,,,,7.49401969E-11
10/31/1882,CPDEUM,,,,7.49401969E-11
11/30/1882,CPDEUM,,,,7.49401969E-11
12/31/1882,CPDEUM,,,,7.49401969E-11
01/31/1883,CPDEUM,,,,7.49401969E-11
02/28/1883,CPDEUM,,,,7.49401969E-11
03/31/1883,CPDEUM,,,,7.55421084E-11
04/30/1883,CPDEUM,,,,7.55421084E-11
05/31/1883,CPDEUM,,,,7.55421084E-11
06/30/1883,CPDEUM,,,,7.55421084E-11
07/31/1883,CPDEUM,,,,7.49401969E-11
08/31/1883,CPDEUM,,,,7.49401969E-11
09/30/1883,CPDEUM,,,,7.49401969E-11
10/31/1883,CPDEUM,,,,7.49401969E-11
11/30/1883,CPDEUM,,,,7.49401969E-11
12/31/1883,CPDEUM,,,,7.49401969E-11
01/31/1884,CPDEUM,,,,7.49401969E-11
02/29/1884,CPDEUM,,,,7.4438635E-11
03/31/1884,CPDEUM,,,,7.32347194E-11
04/30/1884,CPDEUM,,,,7.2632808E-11
05/31/1884,CPDEUM,,,,7.32347194E-11
06/30/1884,CPDEUM,,,,7.32347194E-11
07/31/1884,CPDEUM,,,,7.32347194E-11
08/31/1884,CPDEUM,,,,7.14289852E-11
09/30/1884,CPDEUM,,,,7.0826981E-11
10/31/1884,CPDEUM,,,,7.02250696E-11
11/30/1884,CPDEUM,,,,6.97235077E-11
12/31/1884,CPDEUM,,,,6.97235077E-11
01/31/1885,CPDEUM,,,,7.0826981E-11
02/28/1885,CPDEUM,,,,7.0826981E-11
03/31/1885,CPDEUM,,,,7.0826981E-11
04/30/1885,CPDEUM,,,,7.02250696E-11
05/31/1885,CPDEUM,,,,7.02250696E-11
06/30/1885,CPDEUM,,,,7.02250696E-11
07/31/1885,CPDEUM,,,,7.02250696E-11
08/31/1885,CPDEUM,,,,7.02250696E-11
09/30/1885,CPDEUM,,,,7.02250696E-11
10/31/1885,CPDEUM,,,,6.97235077E-11
11/30/1885,CPDEUM,,,,6.97235077E-11
12/31/1885,CPDEUM,,,,6.97235077E-11
01/31/1886,CPDEUM,,,,6.97235077E-11
02/28/1886,CPDEUM,,,,6.97235077E-11
03/31/1886,CPDEUM,,,,6.91215963E-11
04/30/1886,CPDEUM,,,,6.91215963E-11
05/31/1886,CPDEUM,,,,6.85195921E-11
06/30/1886,CPDEUM,,,,6.85195921E-11
07/31/1886,CPDEUM,,,,6.85195921E-11
08/31/1886,CPDEUM,,,,6.91215963E-11
09/30/1886,CPDEUM,,,,6.91215963E-11
10/31/1886,CPDEUM,,,,6.97235077E-11
11/30/1886,CPDEUM,,,,6.97235077E-11
12/31/1886,CPDEUM,,,,6.97235077E-11
01/31/1887,CPDEUM,,,,6.91215963E-11
02/28/1887,CPDEUM,,,,6.91215963E-11
03/31/1887,CPDEUM,,,,6.85195921E-11
04/30/1887,CPDEUM,,,,6.85195921E-11
05/31/1887,CPDEUM,,,,6.91215963E-11
06/30/1887,CPDEUM,,,,6.91215963E-11
07/31/1887,CPDEUM,,,,6.91215963E-11
08/31/1887,CPDEUM,,,,6.91215963E-11
09/30/1887,CPDEUM,,,,6.91215963E-11
10/31/1887,CPDEUM,,,,6.97235077E-11
11/30/1887,CPDEUM,,,,6.97235077E-11
12/31/1887,CPDEUM,,,,7.02250696E-11
01/31/1888,CPDEUM,,,,7.0826981E-11
02/29/1888,CPDEUM,,,,7.02250696E-11
03/31/1888,CPDEUM,,,,7.02250696E-11
04/30/1888,CPDEUM,,,,6.97235077E-11
05/31/1888,CPDEUM,,,,6.97235077E-11
06/30/1888,CPDEUM,,,,6.91215963E-11
07/31/1888,CPDEUM,,,,6.91215963E-11
08/31/1888,CPDEUM,,,,6.97235077E-11
09/30/1888,CPDEUM,,,,7.0826981E-11
10/31/1888,CPDEUM,,,,7.0826981E-11
11/30/1888,CPDEUM,,,,7.0826981E-11
12/31/1888,CPDEUM,,,,7.0826981E-11
01/31/1889,CPDEUM,,,,7.0826981E-11
02/28/1889,CPDEUM,,,,7.02250696E-11
03/31/1889,CPDEUM,,,,7.02250696E-11
04/30/1889,CPDEUM,,,,7.02250696E-11
05/31/1889,CPDEUM,,,,7.0826981E-11
06/30/1889,CPDEUM,,,,7.02250696E-11
07/31/1889,CPDEUM,,,,7.2632808E-11
08/31/1889,CPDEUM,,,,7.38366308E-11
09/30/1889,CPDEUM,,,,7.55421084E-11
10/31/1889,CPDEUM,,,,7.55421084E-11
11/30/1889,CPDEUM,,,,7.61440198E-11
12/31/1889,CPDEUM,,,,7.67460239E-11
01/31/1890,CPDEUM,,,,7.61440198E-11
02/28/1890,CPDEUM,,,,7.61440198E-11
03/31/1890,CPDEUM,,,,7.61440198E-11
04/30/1890,CPDEUM,,,,7.55421084E-11
05/31/1890,CPDEUM,,,,7.49401969E-11
06/30/1890,CPDEUM,,,,7.49401969E-11
07/31/1890,CPDEUM,,,,7.49401969E-11
08/31/1890,CPDEUM,,,,7.49401969E-11
09/30/1890,CPDEUM,,,,7.49401969E-11
10/31/1890,CPDEUM,,,,7.49401969E-11
11/30/1890,CPDEUM,,,,7.4438635E-11
12/31/1890,CPDEUM,,,,7.38366308E-11
01/31/1891,CPDEUM,,,,7.55421084E-11
02/28/1891,CPDEUM,,,,7.49401969E-11
03/31/1891,CPDEUM,,,,7.49401969E-11
04/30/1891,CPDEUM,,,,7.61440198E-11
05/31/1891,CPDEUM,,,,7.73479353E-11
06/30/1891,CPDEUM,,,,7.67460239E-11
07/31/1891,CPDEUM,,,,7.67460239E-11
08/31/1891,CPDEUM,,,,7.73479353E-11
09/30/1891,CPDEUM,,,,7.73479353E-11
10/31/1891,CPDEUM,,,,7.79498468E-11
11/30/1891,CPDEUM,,,,7.79498468E-11
12/31/1891,CPDEUM,,,,7.73479353E-11
01/31/1892,CPDEUM,,,,7.67460239E-11
02/28/1892,CPDEUM,,,,7.67460239E-11
03/31/1892,CPDEUM,,,,7.61440198E-11
04/30/1892,CPDEUM,,,,7.61440198E-11
05/31/1892,CPDEUM,,,,7.61440198E-11
06/30/1892,CPDEUM,,,,7.61440198E-11
07/31/1892,CPDEUM,,,,7.61440198E-11
08/31/1892,CPDEUM,,,,7.61440198E-11
09/30/1892,CPDEUM,,,,7.61440198E-11
10/31/1892,CPDEUM,,,,7.61440198E-11
11/30/1892,CPDEUM,,,,7.61440198E-11
12/31/1892,CPDEUM,,,,7.61440198E-11
01/31/1893,CPDEUM,,,,7.55421084E-11
02/28/1893,CPDEUM,,,,7.55421084E-11
03/31/1893,CPDEUM,,,,7.55421084E-11
04/30/1893,CPDEUM,,,,7.55421084E-11
05/31/1893,CPDEUM,,,,7.55421084E-11
06/30/1893,CPDEUM,,,,7.55421084E-11
07/31/1893,CPDEUM,,,,7.55421084E-11
08/31/1893,CPDEUM,,,,7.49401969E-11
09/30/1893,CPDEUM,,,,7.49401969E-11
10/31/1893,CPDEUM,,,,7.4438635E-11
11/30/1893,CPDEUM,,,,7.4438635E-11
12/31/1893,CPDEUM,,,,7.4438635E-11
01/31/1894,CPDEUM,,,,7.4438635E-11
02/28/1894,CPDEUM,,,,7.4438635E-11
03/31/1894,CPDEUM,,,,7.4438635E-11
04/30/1894,CPDEUM,,,,7.4438635E-11
05/31/1894,CPDEUM,,,,7.38366308E-11
06/30/1894,CPDEUM,,,,7.38366308E-11
07/31/1894,CPDEUM,,,,7.38366308E-11
08/31/1894,CPDEUM,,,,7.4438635E-11
09/30/1894,CPDEUM,,,,7.4438635E-11
10/31/1894,CPDEUM,,,,7.38366308E-11
11/30/1894,CPDEUM,,,,7.38366308E-11
12/31/1894,CPDEUM,,,,7.38366308E-11
01/31/1895,CPDEUM,,,,7.38366308E-11
02/28/1895,CPDEUM,,,,7.32347194E-11
03/31/1895,CPDEUM,,,,7.32347194E-11
04/30/1895,CPDEUM,,,,7.32347194E-11
05/31/1895,CPDEUM,,,,7.32347194E-11
06/30/1895,CPDEUM,,,,7.38366308E-11
07/31/1895,CPDEUM,,,,7.38366308E-11
08/31/1895,CPDEUM,,,,7.38366308E-11
09/30/1895,CPDEUM,,,,7.38366308E-11
10/31/1895,CPDEUM,,,,7.38366308E-11
11/30/1895,CPDEUM,,,,7.38366308E-11
12/31/1895,CPDEUM,,,,7.38366308E-11
01/31/1896,CPDEUM,,,,7.32347194E-11
02/29/1896,CPDEUM,,,,7.32347194E-11
03/31/1896,CPDEUM,,,,7.2632808E-11
04/30/1896,CPDEUM,,,,7.20308966E-11
05/31/1896,CPDEUM,,,,7.20308966E-11
06/30/1896,CPDEUM,,,,7.02250696E-11
07/31/1896,CPDEUM,,,,7.02250696E-11
08/31/1896,CPDEUM,,,,7.02250696E-11
09/30/1896,CPDEUM,,,,7.14289852E-11
10/31/1896,CPDEUM,,,,7.20308966E-11
11/30/1896,CPDEUM,,,,7.32347194E-11
12/31/1896,CPDEUM,,,,7.32347194E-11
01/31/1897,CPDEUM,,,,7.32347194E-11
02/28/1897,CPDEUM,,,,7.2632808E-11
03/31/1897,CPDEUM,,,,7.14289852E-11
04/30/1897,CPDEUM,,,,7.0826981E-11
05/31/1897,CPDEUM,,,,7.0826981E-11
06/30/1897,CPDEUM,,,,7.0826981E-11
07/31/1897,CPDEUM,,,,7.20308966E-11
08/31/1897,CPDEUM,,,,7.4438635E-11
09/30/1897,CPDEUM,,,,7.73479353E-11
10/31/1897,CPDEUM,,,,7.79498468E-11
11/30/1897,CPDEUM,,,,7.79498468E-11
12/31/1897,CPDEUM,,,,7.79498468E-11
01/31/1898,CPDEUM,,,,7.79498468E-11
02/28/1898,CPDEUM,,,,7.79498468E-11
03/31/1898,CPDEUM,,,,7.79498468E-11
04/30/1898,CPDEUM,,,,7.79498468E-11
05/31/1898,CPDEUM,,,,7.79498468E-11
06/30/1898,CPDEUM,,,,7.73479353E-11
07/31/1898,CPDEUM,,,,7.61440198E-11
08/31/1898,CPDEUM,,,,7.49401969E-11
09/30/1898,CPDEUM,,,,7.49401969E-11
10/31/1898,CPDEUM,,,,7.49401969E-11
11/30/1898,CPDEUM,,,,7.49401969E-11
12/31/1898,CPDEUM,,,,7.49401969E-11
01/31/1899,CPDEUM,,,,7.49401969E-11
02/28/1899,CPDEUM,,,,7.49401969E-11
03/31/1899,CPDEUM,,,,7.55421084E-11
04/30/1899,CPDEUM,,,,7.55421084E-11
05/31/1899,CPDEUM,,,,7.55421084E-11
06/30/1899,CPDEUM,,,,7.55421084E-11
07/31/1899,CPDEUM,,,,7.61440198E-11
08/31/1899,CPDEUM,,,,7.61440198E-11
09/30/1899,CPDEUM,,,,7.61440198E-11
10/31/1899,CPDEUM,,,,7.61440198E-11
11/30/1899,CPDEUM,,,,7.61440198E-11
12/31/1899,CPDEUM,,,,7.61440198E-11
01/31/1900,CPDEUM,,,,7.61440198E-11
02/28/1900,CPDEUM,,,,7.67460239E-11
03/31/1900,CPDEUM,,,,7.67460239E-11
04/30/1900,CPDEUM,,,,7.67460239E-11
05/31/1900,CPDEUM,,,,7.67460239E-11
06/30/1900,CPDEUM,,,,7.73479353E-11
07/31/1900,CPDEUM,,,,7.79498468E-11
08/31/1900,CPDEUM,,,,7.79498468E-11
09/30/1900,CPDEUM,,,,7.85517582E-11
10/31/1900,CPDEUM,,,,7.85517582E-11
11/30/1900,CPDEUM,,,,7.85517582E-11
12/31/1900,CPDEUM,,,,7.85517582E-11
01/31/1901,CPDEUM,,,,7.85517582E-11
02/28/1901,CPDEUM,,,,7.85517582E-11
03/31/1901,CPDEUM,,,,7.85517582E-11
04/30/1901,CPDEUM,,,,7.79498468E-11
05/31/1901,CPDEUM,,,,7.85517582E-11
06/30/1901,CPDEUM,,,,7.85517582E-11
07/31/1901,CPDEUM,,,,7.85517582E-11
08/31/1901,CPDEUM,,,,7.91536696E-11
09/30/1901,CPDEUM,,,,7.91536696E-11
10/31/1901,CPDEUM,,,,7.85517582E-11
11/30/1901,CPDEUM,,,,7.85517582E-11
12/31/1901,CPDEUM,,,,7.91536696E-11
01/31/1902,CPDEUM,,,,7.97556737E-11
02/28/1902,CPDEUM,,,,8.02572357E-11
03/31/1902,CPDEUM,,,,8.02572357E-11
04/30/1902,CPDEUM,,,,8.02572357E-11
05/31/1902,CPDEUM,,,,7.97556737E-11
06/30/1902,CPDEUM,,,,7.97556737E-11
07/31/1902,CPDEUM,,,,7.97556737E-11
08/31/1902,CPDEUM,,,,7.91536696E-11
09/30/1902,CPDEUM,,,,7.91536696E-11
10/31/1902,CPDEUM,,,,7.91536696E-11
11/30/1902,CPDEUM,,,,7.85517582E-11
12/31/1902,CPDEUM,,,,7.85517582E-11
01/31/1903,CPDEUM,,,,7.91536696E-11
02/28/1903,CPDEUM,,,,7.85517582E-11
03/31/1903,CPDEUM,,,,7.85517582E-11
04/30/1903,CPDEUM,,,,7.85517582E-11
05/31/1903,CPDEUM,,,,7.85517582E-11
06/30/1903,CPDEUM,,,,7.85517582E-11
07/31/1903,CPDEUM,,,,7.85517582E-11
08/31/1903,CPDEUM,,,,7.85517582E-11
09/30/1903,CPDEUM,,,,7.85517582E-11
10/31/1903,CPDEUM,,,,7.91536696E-11
11/30/1903,CPDEUM,,,,7.91536696E-11
12/31/1903,CPDEUM,,,,7.91536696E-11
01/31/1904,CPDEUM,,,,7.91536696E-11
02/29/1904,CPDEUM,,,,7.91536696E-11
03/31/1904,CPDEUM,,,,7.91536696E-11
04/30/1904,CPDEUM,,,,7.91536696E-11
05/31/1904,CPDEUM,,,,7.91536696E-11
06/30/1904,CPDEUM,,,,7.91536696E-11
07/31/1904,CPDEUM,,,,7.91536696E-11
08/31/1904,CPDEUM,,,,7.97556737E-11
09/30/1904,CPDEUM,,,,7.97556737E-11
10/31/1904,CPDEUM,,,,7.97556737E-11
11/30/1904,CPDEUM,,,,7.97556737E-11
12/31/1904,CPDEUM,,,,7.97556737E-11
01/31/1905,CPDEUM,,,,8.02572357E-11
02/28/1905,CPDEUM,,,,8.08591471E-11
03/31/1905,CPDEUM,,,,8.02572357E-11
04/30/1905,CPDEUM,,,,8.08591471E-11
05/31/1905,CPDEUM,,,,8.08591471E-11
06/30/1905,CPDEUM,,,,8.08591471E-11
07/31/1905,CPDEUM,,,,8.14610585E-11
08/31/1905,CPDEUM,,,,8.26649741E-11
09/30/1905,CPDEUM,,,,8.26649741E-11
10/31/1905,CPDEUM,,,,8.32668855E-11
11/30/1905,CPDEUM,,,,8.32668855E-11
12/31/1905,CPDEUM,,,,8.38687969E-11
01/31/1906,CPDEUM,,,,8.50727125E-11
02/28/1906,CPDEUM,,,,8.55742744E-11
03/31/1906,CPDEUM,,,,8.61761858E-11
04/30/1906,CPDEUM,,,,8.67780972E-11
05/31/1906,CPDEUM,,,,8.73801014E-11
06/30/1906,CPDEUM,,,,8.79820128E-11
07/31/1906,CPDEUM,,,,8.79820128E-11
08/31/1906,CPDEUM,,,,8.79820128E-11
09/30/1906,CPDEUM,,,,8.79820128E-11
10/31/1906,CPDEUM,,,,8.79820128E-11
11/30/1906,CPDEUM,,,,8.85839242E-11
12/31/1906,CPDEUM,,,,8.85839242E-11
01/31/1907,CPDEUM,,,,8.85839242E-11
02/28/1907,CPDEUM,,,,8.85839242E-11
03/31/1907,CPDEUM,,,,8.85839242E-11
04/30/1907,CPDEUM,,,,8.85839242E-11
05/31/1907,CPDEUM,,,,8.85839242E-11
06/30/1907,CPDEUM,,,,8.85839242E-11
07/31/1907,CPDEUM,,,,8.91858356E-11
08/31/1907,CPDEUM,,,,8.91858356E-11
09/30/1907,CPDEUM,,,,8.91858356E-11
10/31/1907,CPDEUM,,,,8.91858356E-11
11/30/1907,CPDEUM,,,,8.91858356E-11
12/31/1907,CPDEUM,,,,8.91858356E-11
01/31/1908,CPDEUM,,,,8.85839242E-11
02/29/1908,CPDEUM,,,,8.85839242E-11
03/31/1908,CPDEUM,,,,8.85839242E-11
04/30/1908,CPDEUM,,,,8.79820128E-11
05/30/1908,CPDEUM,,,,8.85839242E-11
06/30/1908,CPDEUM,,,,8.85839242E-11
07/31/1908,CPDEUM,,,,8.85839242E-11
08/31/1908,CPDEUM,,,,8.85839242E-11
09/30/1908,CPDEUM,,,,8.85839242E-11
10/31/1908,CPDEUM,,,,8.85839242E-11
11/30/1908,CPDEUM,,,,8.85839242E-11
12/31/1908,CPDEUM,,,,8.91858356E-11
01/31/1909,CPDEUM,,,,8.91858356E-11
02/28/1909,CPDEUM,,,,8.91858356E-11
03/31/1909,CPDEUM,,,,8.91858356E-11
04/30/1909,CPDEUM,,,,8.91858356E-11
05/31/1909,CPDEUM,,,,8.91858356E-11
06/30/1909,CPDEUM,,,,8.91858356E-11
07/31/1909,CPDEUM,,,,8.9787747E-11
08/31/1909,CPDEUM,,,,9.08913131E-11
09/30/1909,CPDEUM,,,,9.20952287E-11
10/31/1909,CPDEUM,,,,9.26971401E-11
11/30/1909,CPDEUM,,,,9.14932245E-11
12/31/1909,CPDEUM,,,,9.14932245E-11
01/31/1910,CPDEUM,,,,9.26971401E-11
02/28/1910,CPDEUM,,,,9.26971401E-11
03/31/1910,CPDEUM,,,,9.32990515E-11
04/30/1910,CPDEUM,,,,9.26971401E-11
05/31/1910,CPDEUM,,,,9.26971401E-11
06/30/1910,CPDEUM,,,,9.14932245E-11
07/31/1910,CPDEUM,,,,9.14932245E-11
08/31/1910,CPDEUM,,,,9.20952287E-11
09/30/1910,CPDEUM,,,,9.20952287E-11
10/31/1910,CPDEUM,,,,9.14932245E-11
11/30/1910,CPDEUM,,,,9.14932245E-11
12/31/1910,CPDEUM,,,,9.14932245E-11
01/31/1911,CPDEUM,,,,9.20952287E-11
02/28/1911,CPDEUM,,,,9.32990515E-11
03/31/1911,CPDEUM,,,,9.3900963E-11
04/30/1911,CPDEUM,,,,9.3900963E-11
05/31/1911,CPDEUM,,,,9.45028744E-11
06/30/1911,CPDEUM,,,,9.51048785E-11
07/31/1911,CPDEUM,,,,9.51048785E-11
08/31/1911,CPDEUM,,,,9.51048785E-11
09/30/1911,CPDEUM,,,,9.56064405E-11
10/31/1911,CPDEUM,,,,9.62083519E-11
11/30/1911,CPDEUM,,,,9.74122674E-11
12/31/1911,CPDEUM,,,,9.86160903E-11
01/31/1912,CPDEUM,,,,9.86160903E-11
02/29/1912,CPDEUM,,,,9.92180017E-11
03/31/1912,CPDEUM,,,,9.98199131E-11
04/30/1912,CPDEUM,,,,9.98199131E-11
05/31/1912,CPDEUM,,,,9.98199131E-11
06/30/1912,CPDEUM,,,,9.98199131E-11
07/31/1912,CPDEUM,,,,1.004219173E-10
08/30/1912,CPDEUM,,,,1.004219173E-10
09/30/1912,CPDEUM,,,,1.004219173E-10
10/31/1912,CPDEUM,,,,1.009234792E-10
11/30/1912,CPDEUM,,,,1.015253906E-10
12/31/1912,CPDEUM,,,,1.02127302E-10
01/31/1913,CPDEUM,,,,1.02127302E-10
02/28/1913,CPDEUM,,,,1.015253906E-10
03/31/1913,CPDEUM,,,,1.015253906E-10
04/30/1913,CPDEUM,,,,1.015253906E-10
05/31/1913,CPDEUM,,,,1.02127302E-10
06/30/1913,CPDEUM,,,,1.015253906E-10
07/31/1913,CPDEUM,,,,1.004219173E-10
08/31/1913,CPDEUM,,,,1.004219173E-10
09/30/1913,CPDEUM,,,,1.009234792E-10
10/31/1913,CPDEUM,,,,1.004219173E-10
11/30/1913,CPDEUM,,,,9.92180017E-11
12/31/1913,CPDEUM,,,,9.86160903E-11
01/31/1914,CPDEUM,,,,9.86160903E-11
02/28/1914,CPDEUM,,,,9.74122674E-11
03/31/1914,CPDEUM,,,,9.74122674E-11
04/30/1914,CPDEUM,,,,9.62083519E-11
05/31/1914,CPDEUM,,,,9.74122674E-11
06/30/1914,CPDEUM,,,,9.86160903E-11
07/31/1914,CPDEUM,,,,9.92180017E-11
08/31/1914,CPDEUM,,,,1.051369518E-10
09/30/1914,CPDEUM,,,,1.074443407E-10
10/31/1914,CPDEUM,,,,1.121594681E-10
11/30/1914,CPDEUM,,,,1.174765068E-10
12/31/1914,CPDEUM,,,,1.204861566E-10
01/31/1915,CPDEUM,,,,1.216900722E-10
02/28/1915,CPDEUM,,,,1.245993725E-10
03/31/1915,CPDEUM,,,,1.275086729E-10
04/30/1915,CPDEUM,,,,1.305183227E-10
05/31/1915,CPDEUM,,,,1.275086729E-10
06/30/1915,CPDEUM,,,,1.275086729E-10
07/31/1915,CPDEUM,,,,1.33427623E-10
08/31/1915,CPDEUM,,,,1.323241497E-10
09/30/1915,CPDEUM,,,,1.328257116E-10
10/31/1915,CPDEUM,,,,1.346315386E-10
11/30/1915,CPDEUM,,,,1.346315386E-10
12/31/1915,CPDEUM,,,,1.3523345E-10
01/31/1916,CPDEUM,,,,1.399485773E-10
02/29/1916,CPDEUM,,,,1.446637046E-10
03/31/1916,CPDEUM,,,,1.517864776E-10
04/30/1916,CPDEUM,,,,1.582070824E-10
05/31/1916,CPDEUM,,,,1.659318596E-10
06/30/1916,CPDEUM,,,,1.718508097E-10
07/31/1916,CPDEUM,,,,1.712488983E-10
08/31/1916,CPDEUM,,,,1.736566367E-10
09/30/1916,CPDEUM,,,,1.853941875E-10
10/31/1916,CPDEUM,,,,1.865981031E-10
11/30/1916,CPDEUM,,,,1.919151418E-10
12/31/1916,CPDEUM,,,,1.948244421E-10
01/31/1917,CPDEUM,,,,2.048566082E-10
02/28/1917,CPDEUM,,,,2.125813853E-10
03/31/1917,CPDEUM,,,,2.208077244E-10
04/30/1917,CPDEUM,,,,2.255228517E-10
05/31/1917,CPDEUM,,,,2.379627562E-10
06/30/1917,CPDEUM,,,,2.51004572E-10
07/31/1917,CPDEUM,,,,2.610366453E-10
08/31/1917,CPDEUM,,,,2.769878543E-10
09/30/1917,CPDEUM,,,,2.757839387E-10
10/31/1917,CPDEUM,,,,2.811009774E-10
11/30/1917,CPDEUM,,,,2.92838621E-10
12/31/1917,CPDEUM,,,,2.92838621E-10
01/31/1918,CPDEUM,,,,2.940424438E-10
02/28/1918,CPDEUM,,,,2.881234937E-10
03/31/1918,CPDEUM,,,,2.870199276E-10
04/30/1918,CPDEUM,,,,2.887254051E-10
05/31/1918,CPDEUM,,,,2.958482708E-10
06/30/1918,CPDEUM,,,,2.999614867E-10
07/31/1918,CPDEUM,,,,3.040746099E-10
08/31/1918,CPDEUM,,,,3.111974756E-10
09/30/1918,CPDEUM,,,,3.111974756E-10
10/31/1918,CPDEUM,,,,3.159126029E-10
11/30/1918,CPDEUM,,,,3.188219032E-10
12/31/1918,CPDEUM,,,,3.212296416E-10
01/31/1919,CPDEUM,,,,3.235370306E-10
02/28/1919,CPDEUM,,,,3.289544188E-10
03/31/1919,CPDEUM,,,,3.359768423E-10
04/30/1919,CPDEUM,,,,3.460090083E-10
05/31/1919,CPDEUM,,,,3.660733404E-10
06/30/1919,CPDEUM,,,,3.86238022E-10
07/31/1919,CPDEUM,,,,4.014868773E-10
08/31/1919,CPDEUM,,,,4.216514662E-10
09/30/1919,CPDEUM,,,,4.517479643E-10
10/31/1919,CPDEUM,,,,4.818444625E-10
11/30/1919,CPDEUM,,,,5.414354546E-10
12/31/1919,CPDEUM,,,,6.017287077E-10
01/31/1920,CPDEUM,,,,7.222148643E-10
02/29/1920,CPDEUM,,,,8.497235371E-10
03/31/1920,CPDEUM,,,,9.590740544E-10
04/30/1920,CPDEUM,,,,1.0453505897E-09
05/31/1920,CPDEUM,,,,1.1055434932E-09
06/30/1920,CPDEUM,,,,1.0864824705E-09
07/31/1920,CPDEUM,,,,1.0684245716E-09
08/30/1920,CPDEUM,,,,1.0262894742E-09
09/30/1920,CPDEUM,,,,1.0182637413E-09
10/31/1920,CPDEUM,,,,1.0744438712E-09
11/30/1920,CPDEUM,,,,1.1215949589E-09
12/31/1920,CPDEUM,,,,1.1617236231E-09
01/31/1921,CPDEUM,,,,1.1827910791E-09
02/28/1921,CPDEUM,,,,1.1506882405E-09
03/31/1921,CPDEUM,,,,1.141659291E-09
04/30/1921,CPDEUM,,,,1.1306239084E-09
05/31/1921,CPDEUM,,,,1.1236013921E-09
06/30/1921,CPDEUM,,,,1.1707525726E-09
07/31/1921,CPDEUM,,,,1.2630483147E-09
08/31/1921,CPDEUM,,,,1.3372863435E-09
09/30/1921,CPDEUM,,,,1.3784181316E-09
10/31/1921,CPDEUM,,,,1.5088361975E-09
11/30/1921,CPDEUM,,,,1.7807076193E-09
12/31/1921,CPDEUM,,,,1.9341995744E-09
01/31/1922,CPDEUM,,,,2.0475628653E-09
02/28/1922,CPDEUM,,,,2.4568748692E-09
03/31/1922,CPDEUM,,,,2.9063154446E-09
04/30/1922,CPDEUM,,,,3.4470485456E-09
05/31/1922,CPDEUM,,,,3.8152286687E-09
06/30/1922,CPDEUM,,,,4.1603348099E-09
07/31/1922,CPDEUM,,,,5.4093381849E-09
08/31/1922,CPDEUM,,,,7.7899686849E-09
09/30/1922,CPDEUM,,,,1.33618277744E-08
10/31/1922,CPDEUM,,,,2.21369540527E-08
11/30/1922,CPDEUM,,,,4.47534450861E-08
12/31/1922,CPDEUM,,,,6.87262835787E-08
01/31/1923,CPDEUM,,,,1.123872269874E-07
02/28/1923,CPDEUM,,,,2.651498664333E-07
03/31/1923,CPDEUM,,,,2.863177142655E-07
04/30/1923,CPDEUM,,,,2.963498695589E-07
05/31/1923,CPDEUM,,,,3.828270489224E-07
06/30/1923,CPDEUM,,,,7.674598857865E-07
07/31/1923,CPDEUM,,,,3.7772069179764E-06
08/31/1923,CPDEUM,,,,5.87929449353936E-05
09/30/1923,CPDEUM,,,,0.00150482330513633
10/31/1923,CPDEUM,,,,0.366875672575315
11/30/1923,CPDEUM,,,,16.0916240252037
12/31/1923,CPDEUM,,,,15.2711139664101
01/31/1924,CPDEUM,,,,13.7311852881906
02/29/1924,CPDEUM,,,,13.0767805210551
03/31/1924,CPDEUM,,,,13.2949154434336
04/30/1924,CPDEUM,,,,13.6657077137011
05/31/1924,CPDEUM,,,,13.8402527493798
06/30/1924,CPDEUM,,,,13.4693677346725
07/31/1924,CPDEUM,,,,13.7857190187852
08/31/1924,CPDEUM,,,,13.8184578060299
09/30/1924,CPDEUM,,,,14.1129214023529
10/31/1924,CPDEUM,,,,14.7126997
11/30/1924,CPDEUM,,,,14.7672334
12/31/1924,CPDEUM,,,,14.7672334
01/31/1925,CPDEUM,,,,14.7891211
02/28/1925,CPDEUM,,,,14.7891211
03/31/1925,CPDEUM,,,,14.832711
04/30/1925,CPDEUM,,,,14.9090397
05/31/1925,CPDEUM,,,,14.7781773
06/30/1925,CPDEUM,,,,15.0835847
07/31/1925,CPDEUM,,,,15.628922
08/31/1925,CPDEUM,,,,15.8143182
09/30/1925,CPDEUM,,,,15.8033743
10/31/1925,CPDEUM,,,,15.650717
11/30/1925,CPDEUM,,,,15.4216382
12/31/1925,CPDEUM,,,,15.3998432
01/31/1926,CPDEUM,,,,15.2471859
02/28/1926,CPDEUM,,,,15.1381184
03/31/1926,CPDEUM,,,,15.0835847
04/30/1926,CPDEUM,,,,15.2252982
05/31/1926,CPDEUM,,,,15.258037
06/30/1926,CPDEUM,,,,15.3235146
07/31/1926,CPDEUM,,,,15.5307057
08/31/1926,CPDEUM,,,,15.5416495
09/30/1926,CPDEUM,,,,15.4871158
10/31/1926,CPDEUM,,,,15.5089107
11/30/1926,CPDEUM,,,,15.6615681
12/31/1926,CPDEUM,,,,15.7379895
01/31/1927,CPDEUM,,,,15.7706355
02/28/1927,CPDEUM,,,,15.857908
03/31/1927,CPDEUM,,,,15.8033743
04/30/1927,CPDEUM,,,,15.9669755
05/31/1927,CPDEUM,,,,15.9779193
06/30/1927,CPDEUM,,,,16.1087817
07/31/1927,CPDEUM,,,,16.3596555
08/31/1927,CPDEUM,,,,15.9887704
09/30/1927,CPDEUM,,,,16.0433042
10/31/1927,CPDEUM,,,,16.3814504
11/30/1927,CPDEUM,,,,16.4250403
12/31/1927,CPDEUM,,,,16.501369
01/31/1928,CPDEUM,,,,16.4468352
02/29/1928,CPDEUM,,,,16.4250403
03/31/1928,CPDEUM,,,,16.4250403
04/30/1928,CPDEUM,,,,16.4359841
05/31/1928,CPDEUM,,,,16.4250403
06/30/1928,CPDEUM,,,,16.5123128
07/31/1928,CPDEUM,,,,16.6431752
08/31/1928,CPDEUM,,,,16.7412988
09/30/1928,CPDEUM,,,,16.6104364
10/31/1928,CPDEUM,,,,16.5886415
11/30/1928,CPDEUM,,,,16.6104364
12/31/1928,CPDEUM,,,,16.6541191
01/31/1929,CPDEUM,,,,16.6977089
02/28/1929,CPDEUM,,,,16.8395152
03/31/1929,CPDEUM,,,,17.0685012
04/30/1929,CPDEUM,,,,16.7522427
05/31/1929,CPDEUM,,,,16.7412988
06/30/1929,CPDEUM,,,,16.7304477
07/31/1929,CPDEUM,,,,16.8395152
08/31/1929,CPDEUM,,,,16.7958326
09/30/1929,CPDEUM,,,,16.7522427
10/31/1929,CPDEUM,,,,16.7412988
11/30/1929,CPDEUM,,,,16.6867651
12/31/1929,CPDEUM,,,,16.6431752
01/31/1930,CPDEUM,,,,16.5341077
02/28/1930,CPDEUM,,,,16.3923015
03/31/1930,CPDEUM,,,,16.2178492
04/30/1930,CPDEUM,,,,16.076043
05/31/1930,CPDEUM,,,,15.9997143
06/30/1930,CPDEUM,,,,16.0978379
07/31/1930,CPDEUM,,,,16.283234
08/31/1930,CPDEUM,,,,16.2287003
09/30/1930,CPDEUM,,,,16.0215092
10/31/1930,CPDEUM,,,,15.857908
11/30/1930,CPDEUM,,,,15.650717
12/31/1930,CPDEUM,,,,15.4434331
01/31/1931,CPDEUM,,,,15.3888994
02/28/1931,CPDEUM,,,,15.2035033
03/31/1931,CPDEUM,,,,15.0617898
04/30/1931,CPDEUM,,,,14.9853683
05/31/1931,CPDEUM,,,,14.9417785
06/30/1931,CPDEUM,,,,14.9853683
07/31/1931,CPDEUM,,,,14.9635734
08/31/1931,CPDEUM,,,,14.7236435
09/30/1931,CPDEUM,,,,14.658166
10/31/1931,CPDEUM,,,,14.5600423
11/30/1931,CPDEUM,,,,14.4401238
12/31/1931,CPDEUM,,,,14.2655788
01/31/1932,CPDEUM,,,,13.6439128
02/29/1932,CPDEUM,,,,13.3712441
03/31/1932,CPDEUM,,,,13.3276542
04/30/1932,CPDEUM,,,,13.2185868
05/31/1932,CPDEUM,,,,13.1531092
06/30/1932,CPDEUM,,,,13.1422581
07/31/1932,CPDEUM,,,,13.164053
08/31/1932,CPDEUM,,,,13.0331906
09/30/1932,CPDEUM,,,,12.9786569
10/31/1932,CPDEUM,,,,12.9459181
11/30/1932,CPDEUM,,,,12.9241232
12/31/1932,CPDEUM,,,,12.8913844
01/31/1933,CPDEUM,,,,12.7823169
02/28/1933,CPDEUM,,,,12.7059883
03/31/1933,CPDEUM,,,,12.6623056
04/30/1933,CPDEUM,,,,12.6405107
05/31/1933,CPDEUM,,,,12.8259068
06/30/1933,CPDEUM,,,,12.8695894
07/31/1933,CPDEUM,,,,12.8695894
08/31/1933,CPDEUM,,,,12.8477018
09/30/1933,CPDEUM,,,,12.9241232
10/31/1933,CPDEUM,,,,13.0222468
11/30/1933,CPDEUM,,,,13.1095193
12/31/1933,CPDEUM,,,,13.1531092
01/31/1934,CPDEUM,,,,13.1313143
02/28/1934,CPDEUM,,,,13.1095193
03/31/1934,CPDEUM,,,,13.0767805
04/30/1934,CPDEUM,,,,13.0658367
05/31/1934,CPDEUM,,,,13.0440417
06/30/1934,CPDEUM,,,,13.1422581
07/31/1934,CPDEUM,,,,13.2839716
08/31/1934,CPDEUM,,,,13.3385053
09/30/1934,CPDEUM,,,,13.2621767
10/31/1934,CPDEUM,,,,13.3058593
11/30/1934,CPDEUM,,,,13.3385053
12/31/1934,CPDEUM,,,,13.3276542
01/31/1935,CPDEUM,,,,13.3494492
02/28/1935,CPDEUM,,,,13.360393
03/31/1935,CPDEUM,,,,13.3276542
04/30/1935,CPDEUM,,,,13.3385053
05/31/1935,CPDEUM,,,,13.3930391
06/30/1935,CPDEUM,,,,13.4149267
07/31/1935,CPDEUM,,,,13.5566403
08/31/1935,CPDEUM,,,,13.5784352
09/30/1935,CPDEUM,,,,13.4585166
10/31/1935,CPDEUM,,,,13.3930391
11/30/1935,CPDEUM,,,,13.4039829
12/31/1935,CPDEUM,,,,13.4585166
01/31/1936,CPDEUM,,,,13.5566403
02/29/1936,CPDEUM,,,,13.5566403
03/31/1936,CPDEUM,,,,13.5457892
04/30/1936,CPDEUM,,,,13.5566403
05/31/1936,CPDEUM,,,,13.5566403
06/30/1936,CPDEUM,,,,13.5784352
07/31/1936,CPDEUM,,,,13.6657077
08/31/1936,CPDEUM,,,,13.6766516
09/30/1936,CPDEUM,,,,13.5675841
10/31/1936,CPDEUM,,,,13.5675841
11/30/1936,CPDEUM,,,,13.5566403
12/31/1936,CPDEUM,,,,13.5566403
01/31/1937,CPDEUM,,,,13.573427
02/28/1937,CPDEUM,,,,13.6070932
03/31/1937,CPDEUM,,,,13.6406667
04/30/1937,CPDEUM,,,,13.6406667
05/31/1937,CPDEUM,,,,13.6406667
06/30/1937,CPDEUM,,,,13.6742402
07/31/1937,CPDEUM,,,,13.7750534
08/31/1937,CPDEUM,,,,13.7414799
09/30/1937,CPDEUM,,,,13.6406667
10/31/1937,CPDEUM,,,,13.6070932
11/30/1937,CPDEUM,,,,13.6070932
12/31/1937,CPDEUM,,,,13.6070932
01/31/1938,CPDEUM,,,,13.62388
02/28/1938,CPDEUM,,,,13.6574535
03/31/1938,CPDEUM,,,,13.6910269
04/30/1938,CPDEUM,,,,13.7078137
05/31/1938,CPDEUM,,,,13.7414799
06/30/1938,CPDEUM,,,,13.7414799
07/31/1938,CPDEUM,,,,13.8254136
08/31/1938,CPDEUM,,,,13.7918402
09/30/1938,CPDEUM,,,,13.6574535
10/31/1938,CPDEUM,,,,13.62388
11/30/1938,CPDEUM,,,,13.6406667
12/31/1938,CPDEUM,,,,13.6742402
01/31/1939,CPDEUM,,,,13.7246932
02/28/1939,CPDEUM,,,,13.7078137
03/31/1939,CPDEUM,,,,13.7414799
04/30/1939,CPDEUM,,,,13.7414799
05/31/1939,CPDEUM,,,,13.7582667
06/30/1939,CPDEUM,,,,13.7918402
07/31/1939,CPDEUM,,,,13.8926534
08/31/1939,CPDEUM,,,,13.8926534
09/30/1939,CPDEUM,,,,13.7078137
10/31/1939,CPDEUM,,,,13.7246932
11/30/1939,CPDEUM,,,,13.7582667
12/31/1939,CPDEUM,,,,13.7918402
01/31/1940,CPDEUM,,,,13.8590799
02/29/1940,CPDEUM,,,,13.8758666
03/31/1940,CPDEUM,,,,14.0270401
04/30/1940,CPDEUM,,,,14.1110665
05/31/1940,CPDEUM,,,,14.2285737
06/30/1940,CPDEUM,,,,14.26224
07/31/1940,CPDEUM,,,,14.3630532
08/31/1940,CPDEUM,,,,14.5142266
09/30/1940,CPDEUM,,,,14.3630532
10/31/1940,CPDEUM,,,,14.1950002
11/30/1940,CPDEUM,,,,14.1950002
12/31/1940,CPDEUM,,,,14.26224
01/31/1941,CPDEUM,,,,14.3461737
02/28/1941,CPDEUM,,,,14.3798399
03/31/1941,CPDEUM,,,,14.4134134
04/30/1941,CPDEUM,,,,14.4469869
05/31/1941,CPDEUM,,,,14.5478001
06/30/1941,CPDEUM,,,,14.6318265
07/31/1941,CPDEUM,,,,14.850147
08/31/1941,CPDEUM,,,,14.7997867
09/30/1941,CPDEUM,,,,14.5478001
10/31/1941,CPDEUM,,,,14.4302001
11/30/1941,CPDEUM,,,,14.4805604
12/31/1941,CPDEUM,,,,14.5142266
01/31/1942,CPDEUM,,,,14.5645868
02/28/1942,CPDEUM,,,,14.783
03/31/1942,CPDEUM,,,,14.8333602
04/30/1942,CPDEUM,,,,14.9005999
05/31/1942,CPDEUM,,,,15.0013204
06/30/1942,CPDEUM,,,,15.1525866
07/31/1942,CPDEUM,,,,15.3205468
08/31/1942,CPDEUM,,,,15.1861601
09/30/1942,CPDEUM,,,,14.7494265
10/31/1942,CPDEUM,,,,14.6989735
11/30/1942,CPDEUM,,,,14.7494265
12/31/1942,CPDEUM,,,,14.8165735
01/31/1943,CPDEUM,,,,14.9173867
02/28/1943,CPDEUM,,,,14.9845336
03/31/1943,CPDEUM,,,,15.0181999
04/30/1943,CPDEUM,,,,15.0517734
05/31/1943,CPDEUM,,,,15.1021336
06/30/1943,CPDEUM,,,,15.2029468
07/31/1943,CPDEUM,,,,15.4381467
08/31/1943,CPDEUM,,,,15.42136
09/30/1943,CPDEUM,,,,15.0349866
10/31/1943,CPDEUM,,,,15.0013204
11/30/1943,CPDEUM,,,,15.0685601
12/31/1943,CPDEUM,,,,15.1021336
01/31/1944,CPDEUM,,,,15.2029468
02/29/1944,CPDEUM,,,,15.2197335
03/31/1944,CPDEUM,,,,15.2869733
04/30/1944,CPDEUM,,,,15.42136
05/31/1944,CPDEUM,,,,15.3876937
06/30/1944,CPDEUM,,,,15.4885069
07/31/1944,CPDEUM,,,,15.9084538
08/31/1944,CPDEUM,,,,15.7572803
09/30/1944,CPDEUM,,,,15.4045732
10/31/1944,CPDEUM,,,,15.3205468
11/30/1944,CPDEUM,,,,15.3541202
12/31/1944,CPDEUM,,,,15.3876937
01/31/1945,CPDEUM,,,,15.4422275
02/28/1945,CPDEUM,,,,15.4749662
03/31/1945,CPDEUM,,,,15.4749662
04/30/1945,CPDEUM,,,,15.7039523
05/31/1945,CPDEUM,,,,15.7366911
06/30/1945,CPDEUM,,,,15.8893484
07/31/1945,CPDEUM,,,,16.2710845
08/31/1945,CPDEUM,,,,16.183812
09/30/1945,CPDEUM,,,,15.954826
10/31/1945,CPDEUM,,,,15.9766209
11/30/1945,CPDEUM,,,,16.0529496
12/31/1945,CPDEUM,,,,16.1074833
01/31/1946,CPDEUM,,,,16.2820284
02/28/1946,CPDEUM,,,,16.4455368
03/31/1946,CPDEUM,,,,17.230804
04/30/1946,CPDEUM,,,,17.4052563
05/31/1946,CPDEUM,,,,17.4925288
06/30/1946,CPDEUM,,,,17.6997199
07/31/1946,CPDEUM,,,,18.8666304
08/31/1946,CPDEUM,,,,18.4848943
09/30/1946,CPDEUM,,,,17.9396497
10/31/1946,CPDEUM,,,,17.6669811
11/30/1946,CPDEUM,,,,17.7869924
12/31/1946,CPDEUM,,,,17.7651047
01/31/1947,CPDEUM,,,,17.9069109
02/28/1947,CPDEUM,,,,18.0159784
03/31/1947,CPDEUM,,,,18.0159784
04/30/1947,CPDEUM,,,,18.2341133
05/31/1947,CPDEUM,,,,18.5721668
06/30/1947,CPDEUM,,,,18.3322369
07/31/1947,CPDEUM,,,,18.4740432
08/31/1947,CPDEUM,,,,18.6812343
09/30/1947,CPDEUM,,,,18.5066892
10/31/1947,CPDEUM,,,,18.2559083
11/30/1947,CPDEUM,,,,18.2123184
12/31/1947,CPDEUM,,,,18.2559083
01/31/1948,CPDEUM,,,,18.2559083
02/29/1948,CPDEUM,,,,18.4019808
03/31/1948,CPDEUM,,,,18.4019808
04/30/1948,CPDEUM,,,,18.694033
05/31/1948,CPDEUM,,,,18.986178
06/30/1948,CPDEUM,,,,19.5702825
07/31/1948,CPDEUM,,,,20.6071653
08/31/1948,CPDEUM,,,,20.3479446
09/30/1948,CPDEUM,,,,20.6071653
10/31/1948,CPDEUM,,,,21.3848274
11/30/1948,CPDEUM,,,,21.5143914
12/31/1948,CPDEUM,,,,21.7736121
01/31/1949,CPDEUM,,,,21.7736121
02/28/1949,CPDEUM,,,,21.7736121
03/31/1949,CPDEUM,,,,21.6439554
04/30/1949,CPDEUM,,,,21.2551707
05/31/1949,CPDEUM,,,,20.866386
06/30/1949,CPDEUM,,,,20.6071653
07/31/1949,CPDEUM,,,,20.7367293
08/31/1949,CPDEUM,,,,20.3479446
09/30/1949,CPDEUM,,,,20.0887239
10/31/1949,CPDEUM,,,,20.0887239
11/30/1949,CPDEUM,,,,20.2183806
12/31/1949,CPDEUM,,,,20.2183806
01/31/1950,CPDEUM,,,,19.9591599
02/28/1950,CPDEUM,,,,19.9591599
03/31/1950,CPDEUM,,,,19.8295032
04/30/1950,CPDEUM,,,,19.8295032
05/31/1950,CPDEUM,,,,20.2183806
06/30/1950,CPDEUM,,,,19.5702825
07/31/1950,CPDEUM,,,,19.3111545
08/31/1950,CPDEUM,,,,19.1814978
09/30/1950,CPDEUM,,,,19.1814978
10/31/1950,CPDEUM,,,,19.3111545
11/30/1950,CPDEUM,,,,19.4407185
12/31/1950,CPDEUM,,,,19.5702825
01/31/1951,CPDEUM,,,,19.9591599
02/28/1951,CPDEUM,,,,20.2183806
03/31/1951,CPDEUM,,,,20.866386
04/30/1951,CPDEUM,,,,21.1256067
05/31/1951,CPDEUM,,,,21.3848274
06/30/1951,CPDEUM,,,,21.6439554
07/31/1951,CPDEUM,,,,21.6439554
08/30/1951,CPDEUM,,,,21.4338892
09/30/1951,CPDEUM,,,,21.4338892
10/31/1951,CPDEUM,,,,21.8541143
11/30/1951,CPDEUM,,,,21.8541143
12/31/1951,CPDEUM,,,,22.0642732
01/31/1952,CPDEUM,,,,22.0642732
02/29/1952,CPDEUM,,,,22.2744321
03/31/1952,CPDEUM,,,,22.2744321
04/30/1952,CPDEUM,,,,22.2744321
05/31/1952,CPDEUM,,,,22.4844983
06/30/1952,CPDEUM,,,,22.0642732
07/31/1952,CPDEUM,,,,22.9048161
08/31/1952,CPDEUM,,,,22.9048161
09/30/1952,CPDEUM,,,,22.9048161
10/31/1952,CPDEUM,,,,22.9048161
11/30/1952,CPDEUM,,,,23.114975
12/31/1952,CPDEUM,,,,23.114975
01/31/1953,CPDEUM,,,,23.114975
02/28/1953,CPDEUM,,,,22.9048161
03/31/1953,CPDEUM,,,,22.9048161
04/30/1953,CPDEUM,,,,22.9048161
05/31/1953,CPDEUM,,,,22.6946572
06/30/1953,CPDEUM,,,,22.6946572
07/31/1953,CPDEUM,,,,22.6946572
08/31/1953,CPDEUM,,,,22.6946572
09/30/1953,CPDEUM,,,,22.4844983
10/31/1953,CPDEUM,,,,22.4844983
11/30/1953,CPDEUM,,,,22.4844983
12/31/1953,CPDEUM,,,,22.4844983
01/31/1954,CPDEUM,,,,22.4844983
02/28/1954,CPDEUM,,,,22.6946572
03/31/1954,CPDEUM,,,,22.6946572
04/30/1954,CPDEUM,,,,22.6946572
05/31/1954,CPDEUM,,,,22.6946572
06/30/1954,CPDEUM,,,,22.6946572
07/31/1954,CPDEUM,,,,22.6946572
08/31/1954,CPDEUM,,,,22.6946572
09/30/1954,CPDEUM,,,,22.6946572
10/31/1954,CPDEUM,,,,22.9048161
11/30/1954,CPDEUM,,,,23.114975
12/31/1954,CPDEUM,,,,23.114975
01/31/1955,CPDEUM,,,,22.9321757
02/28/1955,CPDEUM,,,,22.8774565
03/31/1955,CPDEUM,,,,22.9048161
04/30/1955,CPDEUM,,,,22.9048161
05/31/1955,CPDEUM,,,,22.8226445
06/30/1955,CPDEUM,,,,22.8774565
07/31/1955,CPDEUM,,,,23.0691592
08/31/1955,CPDEUM,,,,23.0417996
09/30/1955,CPDEUM,,,,23.0966116
10/31/1955,CPDEUM,,,,23.2884071
11/30/1955,CPDEUM,,,,23.3705786
12/31/1955,CPDEUM,,,,23.4253906
01/31/1956,CPDEUM,,,,23.3157667
02/29/1956,CPDEUM,,,,23.4527502
03/31/1956,CPDEUM,,,,23.7267173
04/30/1956,CPDEUM,,,,23.6993577
05/31/1956,CPDEUM,,,,23.6719981
06/30/1956,CPDEUM,,,,23.6445457
07/31/1956,CPDEUM,,,,23.5897337
08/31/1956,CPDEUM,,,,23.6171861
09/30/1956,CPDEUM,,,,23.7267173
10/31/1956,CPDEUM,,,,23.7267173
11/30/1956,CPDEUM,,,,23.7815293
12/31/1956,CPDEUM,,,,23.8089816
01/31/1957,CPDEUM,,,,23.8363412
02/28/1957,CPDEUM,,,,23.8363412
03/31/1957,CPDEUM,,,,23.7296851
04/30/1957,CPDEUM,,,,23.8363412
05/31/1957,CPDEUM,,,,23.9429973
06/30/1957,CPDEUM,,,,24.1029815
07/31/1957,CPDEUM,,,,24.3162937
08/31/1957,CPDEUM,,,,24.2096376
09/30/1957,CPDEUM,,,,24.1563095
10/31/1957,CPDEUM,,,,24.2096376
11/30/1957,CPDEUM,,,,24.3162937
12/31/1957,CPDEUM,,,,24.3162937
01/31/1958,CPDEUM,,,,24.4762778
02/28/1958,CPDEUM,,,,24.5295132
03/31/1958,CPDEUM,,,,24.5295132
04/30/1958,CPDEUM,,,,24.636262
05/31/1958,CPDEUM,,,,24.7962462
06/30/1958,CPDEUM,,,,24.8494815
07/31/1958,CPDEUM,,,,24.7428254
08/31/1958,CPDEUM,,,,24.4229498
09/30/1958,CPDEUM,,,,24.3162937
10/31/1958,CPDEUM,,,,24.4229498
11/30/1958,CPDEUM,,,,24.5295132
12/31/1958,CPDEUM,,,,24.582934
01/31/1959,CPDEUM,,,,24.636262
02/28/1959,CPDEUM,,,,24.582934
03/31/1959,CPDEUM,,,,24.636262
04/30/1959,CPDEUM,,,,24.5295132
05/31/1959,CPDEUM,,,,24.636262
06/30/1959,CPDEUM,,,,24.7962462
07/31/1959,CPDEUM,,,,24.9028095
08/31/1959,CPDEUM,,,,24.9562303
09/30/1959,CPDEUM,,,,24.8494815
10/31/1959,CPDEUM,,,,24.9562303
11/30/1959,CPDEUM,,,,25.1161217
12/31/1959,CPDEUM,,,,25.1161217
01/31/1960,CPDEUM,,,,25.1161217
02/29/1960,CPDEUM,,,,25.0095584
03/31/1960,CPDEUM,,,,25.0095584
04/30/1960,CPDEUM,,,,25.1161217
05/31/1960,CPDEUM,,,,25.2761059
06/30/1960,CPDEUM,,,,25.2227778
07/31/1960,CPDEUM,,,,25.2761059
08/31/1960,CPDEUM,,,,25.1695425
09/30/1960,CPDEUM,,,,25.1161217
10/31/1960,CPDEUM,,,,25.1695425
11/30/1960,CPDEUM,,,,25.3295267
12/31/1960,CPDEUM,,,,25.3295267
01/31/1961,CPDEUM,,,,25.4894181
02/28/1961,CPDEUM,,,,25.4894181
03/31/1961,CPDEUM,,,,25.5427462
04/30/1961,CPDEUM,,,,25.5427462
05/31/1961,CPDEUM,,,,25.7027303
06/30/1961,CPDEUM,,,,25.8627145
07/31/1961,CPDEUM,,,,25.9160425
08/31/1961,CPDEUM,,,,25.8093864
09/30/1961,CPDEUM,,,,25.8093864
10/31/1961,CPDEUM,,,,25.8093864
11/30/1961,CPDEUM,,,,26.0226986
12/31/1961,CPDEUM,,,,26.0226986
01/31/1962,CPDEUM,,,,26.2893389
02/28/1962,CPDEUM,,,,26.342667
03/31/1962,CPDEUM,,,,26.4492303
04/30/1962,CPDEUM,,,,26.5026511
05/31/1962,CPDEUM,,,,26.5026511
06/30/1962,CPDEUM,,,,26.5558864
07/31/1962,CPDEUM,,,,26.6092145
08/31/1962,CPDEUM,,,,26.3959023
09/30/1962,CPDEUM,,,,26.3959023
10/31/1962,CPDEUM,,,,26.5026511
11/30/1962,CPDEUM,,,,26.6092145
12/31/1962,CPDEUM,,,,26.7691986
01/31/1963,CPDEUM,,,,27.0359316
02/28/1963,CPDEUM,,,,27.3024792
03/31/1963,CPDEUM,,,,27.3024792
04/30/1963,CPDEUM,,,,27.3558072
05/31/1963,CPDEUM,,,,27.3024792
06/30/1963,CPDEUM,,,,27.1958231
07/31/1963,CPDEUM,,,,27.142495
08/31/1963,CPDEUM,,,,27.089167
09/30/1963,CPDEUM,,,,27.1958231
10/31/1963,CPDEUM,,,,27.3558072
11/30/1963,CPDEUM,,,,27.4624633
12/31/1963,CPDEUM,,,,27.6757755
01/31/1964,CPDEUM,,,,27.7824316
02/29/1964,CPDEUM,,,,27.8357597
03/31/1964,CPDEUM,,,,27.8890877
04/30/1964,CPDEUM,,,,27.8890877
05/31/1964,CPDEUM,,,,27.8890877
06/30/1964,CPDEUM,,,,27.7824316
07/31/1964,CPDEUM,,,,27.8890877
08/31/1964,CPDEUM,,,,27.8890877
09/30/1964,CPDEUM,,,,27.8890877
10/31/1964,CPDEUM,,,,27.9957438
11/30/1964,CPDEUM,,,,28.1023072
12/31/1964,CPDEUM,,,,28.2622914
01/31/1965,CPDEUM,,,,28.3690402
02/28/1965,CPDEUM,,,,28.3690402
03/31/1965,CPDEUM,,,,28.4756036
04/30/1965,CPDEUM,,,,28.6355877
05/31/1965,CPDEUM,,,,28.6889158
06/30/1965,CPDEUM,,,,28.8489
07/31/1965,CPDEUM,,,,28.9555561
08/31/1965,CPDEUM,,,,28.902228
09/30/1965,CPDEUM,,,,28.9555561
10/31/1965,CPDEUM,,,,29.0622122
11/30/1965,CPDEUM,,,,29.2754316
12/31/1965,CPDEUM,,,,29.3821805
01/31/1966,CPDEUM,,,,29.5421646
02/28/1966,CPDEUM,,,,29.5954927
03/31/1966,CPDEUM,,,,29.648728
04/30/1966,CPDEUM,,,,29.915461
05/31/1966,CPDEUM,,,,29.915461
06/30/1966,CPDEUM,,,,29.915461
07/31/1966,CPDEUM,,,,29.915461
08/31/1966,CPDEUM,,,,29.862133
09/30/1966,CPDEUM,,,,29.862133
10/31/1966,CPDEUM,,,,29.915461
11/30/1966,CPDEUM,,,,30.1286805
12/31/1966,CPDEUM,,,,30.2354293
01/31/1967,CPDEUM,,,,30.2886646
02/28/1967,CPDEUM,,,,30.2886646
03/31/1967,CPDEUM,,,,30.3419927
04/30/1967,CPDEUM,,,,30.3419927
05/31/1967,CPDEUM,,,,30.3953207
06/30/1967,CPDEUM,,,,30.3953207
07/31/1967,CPDEUM,,,,30.4486488
08/30/1967,CPDEUM,,,,30.2886646
09/30/1967,CPDEUM,,,,30.2886646
10/31/1967,CPDEUM,,,,30.3419927
11/30/1967,CPDEUM,,,,30.3953207
12/31/1967,CPDEUM,,,,30.3953207
01/31/1968,CPDEUM,,,,30.7686171
02/29/1968,CPDEUM,,,,30.8219452
03/31/1968,CPDEUM,,,,30.8219452
04/30/1968,CPDEUM,,,,30.8219452
05/31/1968,CPDEUM,,,,30.8219452
06/30/1968,CPDEUM,,,,30.8219452
07/31/1968,CPDEUM,,,,30.8219452
08/30/1968,CPDEUM,,,,30.7686171
09/30/1968,CPDEUM,,,,30.7686171
10/31/1968,CPDEUM,,,,30.8219452
11/30/1968,CPDEUM,,,,30.9819293
12/31/1968,CPDEUM,,,,31.0885854
01/31/1969,CPDEUM,,,,31.1952415
02/28/1969,CPDEUM,,,,31.3018049
03/31/1969,CPDEUM,,,,31.3552257
04/30/1969,CPDEUM,,,,31.4085537
05/31/1969,CPDEUM,,,,31.4618818
06/30/1969,CPDEUM,,,,31.4618818
07/31/1969,CPDEUM,,,,31.4618818
08/31/1969,CPDEUM,,,,31.3552257
09/30/1969,CPDEUM,,,,31.3552257
10/31/1969,CPDEUM,,,,31.4618818
11/30/1969,CPDEUM,,,,31.5151171
12/31/1969,CPDEUM,,,,31.7285221
01/31/1970,CPDEUM,,,,32.1017257
02/28/1970,CPDEUM,,,,32.1550537
03/31/1970,CPDEUM,,,,32.3150379
04/30/1970,CPDEUM,,,,32.421694
05/31/1970,CPDEUM,,,,32.421694
06/30/1970,CPDEUM,,,,32.5283501
07/31/1970,CPDEUM,,,,32.5283501
08/31/1970,CPDEUM,,,,32.5283501
09/30/1970,CPDEUM,,,,32.5283501
10/31/1970,CPDEUM,,,,32.6883343
11/30/1970,CPDEUM,,,,32.7949904
12/31/1970,CPDEUM,,,,33.0082098
01/31/1971,CPDEUM,,,,33.3815062
02/28/1971,CPDEUM,,,,33.6482392
03/31/1971,CPDEUM,,,,33.8614587
04/30/1971,CPDEUM,,,,34.0214428
05/31/1971,CPDEUM,,,,34.0747709
06/30/1971,CPDEUM,,,,34.2347551
07/31/1971,CPDEUM,,,,34.3414112
08/31/1971,CPDEUM,,,,34.3414112
09/30/1971,CPDEUM,,,,34.4480673
10/31/1971,CPDEUM,,,,34.6080514
11/30/1971,CPDEUM,,,,34.6613795
12/31/1971,CPDEUM,,,,34.8213636
01/31/1972,CPDEUM,,,,35.2478953
02/29/1972,CPDEUM,,,,35.4078795
03/31/1972,CPDEUM,,,,35.5678636
04/30/1972,CPDEUM,,,,35.6745197
05/31/1972,CPDEUM,,,,35.7811758
06/30/1972,CPDEUM,,,,35.887832
07/31/1972,CPDEUM,,,,36.1544722
08/31/1972,CPDEUM,,,,36.1544722
09/30/1972,CPDEUM,,,,36.5277686
10/31/1972,CPDEUM,,,,36.6877527
11/30/1972,CPDEUM,,,,36.8477369
12/31/1972,CPDEUM,,,,37.0609564
01/31/1973,CPDEUM,,,,37.4342527
02/28/1973,CPDEUM,,,,37.700893
03/31/1973,CPDEUM,,,,37.9675333
04/30/1973,CPDEUM,,,,38.1808455
05/31/1973,CPDEUM,,,,38.447393
06/30/1973,CPDEUM,,,,38.6607052
07/31/1973,CPDEUM,,,,38.7673613
08/31/1973,CPDEUM,,,,38.7673613
09/30/1973,CPDEUM,,,,38.7673613
10/31/1973,CPDEUM,,,,39.0873296
11/30/1973,CPDEUM,,,,39.5672821
12/31/1973,CPDEUM,,,,39.9405785
01/31/1974,CPDEUM,,,,40.2072187
02/28/1974,CPDEUM,,,,40.5805151
03/31/1974,CPDEUM,,,,40.6337504
04/30/1974,CPDEUM,,,,40.9003907
05/31/1974,CPDEUM,,,,41.167031
06/30/1974,CPDEUM,,,,41.3269224
07/31/1974,CPDEUM,,,,41.4336712
08/31/1974,CPDEUM,,,,41.4869065
09/30/1974,CPDEUM,,,,41.5936554
10/31/1974,CPDEUM,,,,41.8602029
11/30/1974,CPDEUM,,,,42.1269359
12/31/1974,CPDEUM,,,,42.2334993
01/31/1975,CPDEUM,,,,42.6601237
02/28/1975,CPDEUM,,,,42.8734359
03/31/1975,CPDEUM,,,,43.0867481
04/30/1975,CPDEUM,,,,43.4067164
05/31/1975,CPDEUM,,,,43.6733567
06/30/1975,CPDEUM,,,,43.993325
07/31/1975,CPDEUM,,,,43.993325
08/31/1975,CPDEUM,,,,43.9399042
09/30/1975,CPDEUM,,,,44.1532164
10/31/1975,CPDEUM,,,,44.2598725
11/30/1975,CPDEUM,,,,44.4198567
12/31/1975,CPDEUM,,,,44.5265128
01/31/1976,CPDEUM,,,,44.8997164
02/29/1976,CPDEUM,,,,45.1664494
03/31/1976,CPDEUM,,,,45.2730128
04/30/1976,CPDEUM,,,,45.5396531
05/31/1976,CPDEUM,,,,45.6463092
06/30/1976,CPDEUM,,,,45.69973
07/31/1976,CPDEUM,,,,45.6463092
08/30/1976,CPDEUM,,,,45.7529653
09/30/1976,CPDEUM,,,,45.8062933
10/31/1976,CPDEUM,,,,45.9129494
11/30/1976,CPDEUM,,,,46.0196055
12/31/1976,CPDEUM,,,,46.1795897
01/31/1977,CPDEUM,,,,46.6595422
02/28/1977,CPDEUM,,,,46.8195263
03/31/1977,CPDEUM,,,,46.9794177
04/30/1977,CPDEUM,,,,47.1394019
05/31/1977,CPDEUM,,,,47.2993861
06/30/1977,CPDEUM,,,,47.5126983
07/31/1977,CPDEUM,,,,47.4061349
08/31/1977,CPDEUM,,,,47.4593702
09/30/1977,CPDEUM,,,,47.5126983
10/31/1977,CPDEUM,,,,47.5661191
11/30/1977,CPDEUM,,,,47.6193544
12/31/1977,CPDEUM,,,,47.7793385
01/31/1978,CPDEUM,,,,48.0459788
02/28/1978,CPDEUM,,,,48.259291
03/31/1978,CPDEUM,,,,48.4192752
04/30/1978,CPDEUM,,,,48.5792593
05/31/1978,CPDEUM,,,,48.6324946
06/30/1978,CPDEUM,,,,48.7924788
07/31/1978,CPDEUM,,,,48.6859154
08/31/1978,CPDEUM,,,,48.6324946
09/30/1978,CPDEUM,,,,48.5792593
10/31/1978,CPDEUM,,,,48.6324946
11/30/1978,CPDEUM,,,,48.7924788
12/31/1978,CPDEUM,,,,48.952463
01/31/1979,CPDEUM,,,,49.4325082
02/28/1979,CPDEUM,,,,49.6457276
03/31/1979,CPDEUM,,,,49.8590399
04/30/1979,CPDEUM,,,,50.1256801
05/31/1979,CPDEUM,,,,50.2856643
06/30/1979,CPDEUM,,,,50.5522118
07/31/1979,CPDEUM,,,,50.8721801
08/31/1979,CPDEUM,,,,50.9255082
09/30/1979,CPDEUM,,,,51.0854923
10/31/1979,CPDEUM,,,,51.1921484
11/30/1979,CPDEUM,,,,51.4054606
12/31/1979,CPDEUM,,,,51.6187729
01/31/1980,CPDEUM,,,,51.8854131
02/29/1980,CPDEUM,,,,52.525257
03/31/1980,CPDEUM,,,,52.7918973
04/30/1980,CPDEUM,,,,53.0052095
05/31/1980,CPDEUM,,,,53.2718497
06/30/1980,CPDEUM,,,,53.485162
07/31/1980,CPDEUM,,,,53.5383973
08/31/1980,CPDEUM,,,,53.5918181
09/30/1980,CPDEUM,,,,53.5918181
10/31/1980,CPDEUM,,,,53.6983814
11/30/1980,CPDEUM,,,,54.0716778
12/31/1980,CPDEUM,,,,54.4449742
01/31/1981,CPDEUM,,,,54.9782547
02/28/1981,CPDEUM,,,,55.3515511
03/31/1981,CPDEUM,,,,55.7780827
04/30/1981,CPDEUM,,,,56.1513791
05/31/1981,CPDEUM,,,,56.3646913
06/30/1981,CPDEUM,,,,56.5779108
07/31/1981,CPDEUM,,,,56.9512072
08/31/1981,CPDEUM,,,,57.1111913
09/30/1981,CPDEUM,,,,57.4311596
10/31/1981,CPDEUM,,,,57.6444718
11/30/1981,CPDEUM,,,,57.9112049
12/31/1981,CPDEUM,,,,58.1244243
01/31/1982,CPDEUM,,,,58.5510487
02/28/1982,CPDEUM,,,,58.7110329
03/31/1982,CPDEUM,,,,58.7110329
04/30/1982,CPDEUM,,,,58.8710171
05/31/1982,CPDEUM,,,,59.2975487
06/30/1982,CPDEUM,,,,59.9374854
07/31/1982,CPDEUM,,,,60.0441415
08/31/1982,CPDEUM,,,,59.9908134
09/30/1982,CPDEUM,,,,60.2041256
10/31/1982,CPDEUM,,,,60.4706732
11/30/1982,CPDEUM,,,,60.6307501
12/31/1982,CPDEUM,,,,60.7907342
01/31/1983,CPDEUM,,,,61.0039537
02/28/1983,CPDEUM,,,,61.0572817
03/31/1983,CPDEUM,,,,61.0039537
04/30/1983,CPDEUM,,,,61.1639379
05/31/1983,CPDEUM,,,,61.323922
06/30/1983,CPDEUM,,,,61.5372342
07/31/1983,CPDEUM,,,,61.7505464
08/31/1983,CPDEUM,,,,61.9638586
09/30/1983,CPDEUM,,,,62.1238428
10/31/1983,CPDEUM,,,,62.1238428
11/30/1983,CPDEUM,,,,62.2304062
12/31/1983,CPDEUM,,,,62.3903903
01/31/1984,CPDEUM,,,,62.6571233
02/29/1984,CPDEUM,,,,62.8171075
03/31/1984,CPDEUM,,,,62.8703428
04/30/1984,CPDEUM,,,,62.9769989
05/31/1984,CPDEUM,,,,63.030327
06/30/1984,CPDEUM,,,,63.2436392
07/31/1984,CPDEUM,,,,63.1369831
08/31/1984,CPDEUM,,,,63.030327
09/30/1984,CPDEUM,,,,63.083655
10/31/1984,CPDEUM,,,,63.4569514
11/30/1984,CPDEUM,,,,63.5636075
12/31/1984,CPDEUM,,,,63.6169355
01/31/1985,CPDEUM,,,,63.9902319
02/28/1985,CPDEUM,,,,64.2567794
03/31/1985,CPDEUM,,,,64.4700916
04/30/1985,CPDEUM,,,,64.5767477
05/31/1985,CPDEUM,,,,64.6300758
06/30/1985,CPDEUM,,,,64.6834966
07/31/1985,CPDEUM,,,,64.5767477
08/31/1985,CPDEUM,,,,64.3634355
09/30/1985,CPDEUM,,,,64.4700916
10/31/1985,CPDEUM,,,,64.5767477
11/30/1985,CPDEUM,,,,64.6834966
12/31/1985,CPDEUM,,,,64.7367319
01/31/1986,CPDEUM,,,,64.843388
02/28/1986,CPDEUM,,,,64.6834966
03/31/1986,CPDEUM,,,,64.5234197
04/30/1986,CPDEUM,,,,64.4700916
05/31/1986,CPDEUM,,,,64.4700916
06/30/1986,CPDEUM,,,,64.5767477
07/31/1986,CPDEUM,,,,64.2567794
08/31/1986,CPDEUM,,,,64.0967953
09/30/1986,CPDEUM,,,,64.2034514
10/31/1986,CPDEUM,,,,63.9902319
11/30/1986,CPDEUM,,,,63.9369039
12/31/1986,CPDEUM,,,,64.04356
01/31/1987,CPDEUM,,,,64.3102002
02/28/1987,CPDEUM,,,,64.3634355
03/31/1987,CPDEUM,,,,64.3634355
04/30/1987,CPDEUM,,,,64.5234197
05/31/1987,CPDEUM,,,,64.5767477
06/30/1987,CPDEUM,,,,64.6834966
07/31/1987,CPDEUM,,,,64.6834966
08/31/1987,CPDEUM,,,,64.6300758
09/30/1987,CPDEUM,,,,64.4700916
10/31/1987,CPDEUM,,,,64.5767477
11/30/1987,CPDEUM,,,,64.5767477
12/31/1987,CPDEUM,,,,64.6834966
01/31/1988,CPDEUM,,,,64.79006
02/29/1988,CPDEUM,,,,64.9500441
03/31/1988,CPDEUM,,,,65.0033722
04/30/1988,CPDEUM,,,,65.1633563
05/31/1988,CPDEUM,,,,65.2700124
06/30/1988,CPDEUM,,,,65.3766685
07/31/1988,CPDEUM,,,,65.3233405
08/31/1988,CPDEUM,,,,65.3766685
09/30/1988,CPDEUM,,,,65.3766685
10/31/1988,CPDEUM,,,,65.4299038
11/30/1988,CPDEUM,,,,65.589888
12/31/1988,CPDEUM,,,,65.7498722
01/31/1989,CPDEUM,,,,66.4646536
02/28/1989,CPDEUM,,,,66.6793569
03/31/1989,CPDEUM,,,,66.7507702
04/30/1989,CPDEUM,,,,67.1800842
05/31/1989,CPDEUM,,,,67.2515901
06/30/1989,CPDEUM,,,,67.3231888
07/31/1989,CPDEUM,,,,67.2515901
08/31/1989,CPDEUM,,,,67.2515901
09/30/1989,CPDEUM,,,,67.3231888
10/31/1989,CPDEUM,,,,67.5377995
11/30/1989,CPDEUM,,,,67.6809969
12/31/1989,CPDEUM,,,,67.8955148
01/31/1990,CPDEUM,,,,68.2532301
02/28/1990,CPDEUM,,,,68.5394394
03/31/1990,CPDEUM,,,,68.5394394
04/30/1990,CPDEUM,,,,68.6825441
05/31/1990,CPDEUM,,,,68.8256488
06/30/1990,CPDEUM,,,,68.8971547
07/31/1990,CPDEUM,,,,68.8971547
08/31/1990,CPDEUM,,,,69.1118581
09/30/1990,CPDEUM,,,,69.326376
10/31/1990,CPDEUM,,,,69.827196
11/30/1990,CPDEUM,,,,69.6840913
12/31/1990,CPDEUM,,,,69.75569
01/31/1991,CPDEUM,,,,68.508741
02/28/1991,CPDEUM,,,,68.851339
03/31/1991,CPDEUM,,,,68.851339
04/30/1991,CPDEUM,,,,69.1082411
05/31/1991,CPDEUM,,,,69.3651432
06/30/1991,CPDEUM,,,,69.7076484
07/31/1991,CPDEUM,,,,70.5640505
08/31/1991,CPDEUM,,,,70.5640505
09/30/1991,CPDEUM,,,,70.5640505
10/31/1991,CPDEUM,,,,71.5916589
11/30/1991,CPDEUM,,,,71.9342569
12/31/1991,CPDEUM,,,,72.01986
01/31/1992,CPDEUM,,,,72.4480611
02/28/1992,CPDEUM,,,,72.8762622
03/31/1992,CPDEUM,,,,73.1331643
04/30/1992,CPDEUM,,,,73.4756695
05/31/1992,CPDEUM,,,,73.6469685
06/30/1992,CPDEUM,,,,73.8181747
07/31/1992,CPDEUM,,,,74.0751695
08/31/1992,CPDEUM,,,,74.0751695
09/30/1992,CPDEUM,,,,73.9894737
10/31/1992,CPDEUM,,,,74.0751695
11/30/1992,CPDEUM,,,,74.3320716
12/31/1992,CPDEUM,,,,74.4176748
01/31/1993,CPDEUM,,,,75.7021853
02/28/1993,CPDEUM,,,,76.3016853
03/31/1993,CPDEUM,,,,76.4728915
04/30/1993,CPDEUM,,,,76.7298864
05/31/1993,CPDEUM,,,,76.8154895
06/30/1993,CPDEUM,,,,77.0723916
07/31/1993,CPDEUM,,,,77.4148968
08/31/1993,CPDEUM,,,,77.4148968
09/30/1993,CPDEUM,,,,77.3292937
10/31/1993,CPDEUM,,,,77.3292937
11/30/1993,CPDEUM,,,,77.4148968
12/31/1993,CPDEUM,,,,77.5861958
01/31/1994,CPDEUM,,,,78.1
02/28/1994,CPDEUM,,,,78.7
03/31/1994,CPDEUM,,,,78.8
04/30/1994,CPDEUM,,,,78.9
05/31/1994,CPDEUM,,,,79.1
06/30/1994,CPDEUM,,,,79.2
07/31/1994,CPDEUM,,,,79.4
08/31/1994,CPDEUM,,,,79.6
09/30/1994,CPDEUM,,,,79.4
10/31/1994,CPDEUM,,,,79.3
11/30/1994,CPDEUM,,,,79.4
12/31/1994,CPDEUM,,,,79.6
01/31/1995,CPDEUM,,,,79.9
02/28/1995,CPDEUM,,,,80.3
03/31/1995,CPDEUM,,,,80.3
04/30/1995,CPDEUM,,,,80.4
05/31/1995,CPDEUM,,,,80.4
06/30/1995,CPDEUM,,,,80.5
07/31/1995,CPDEUM,,,,80.7
08/31/1995,CPDEUM,,,,80.7
09/30/1995,CPDEUM,,,,80.7
10/31/1995,CPDEUM,,,,80.5
11/30/1995,CPDEUM,,,,80.5
12/31/1995,CPDEUM,,,,80.8
01/31/1996,CPDEUM,,,,81
02/29/1996,CPDEUM,,,,81.5
03/31/1996,CPDEUM,,,,81.5
04/30/1996,CPDEUM,,,,81.5
05/31/1996,CPDEUM,,,,81.6
06/30/1996,CPDEUM,,,,81.7
07/31/1996,CPDEUM,,,,81.8
08/31/1996,CPDEUM,,,,81.8
09/30/1996,CPDEUM,,,,81.8
10/31/1996,CPDEUM,,,,81.8
11/30/1996,CPDEUM,,,,81.7
12/31/1996,CPDEUM,,,,82
01/31/1997,CPDEUM,,,,82.7
02/28/1997,CPDEUM,,,,82.8
03/31/1997,CPDEUM,,,,82.8
04/30/1997,CPDEUM,,,,82.7
05/31/1997,CPDEUM,,,,82.9
06/30/1997,CPDEUM,,,,83
07/31/1997,CPDEUM,,,,83.7
08/31/1997,CPDEUM,,,,83.8
09/30/1997,CPDEUM,,,,83.6
10/31/1997,CPDEUM,,,,83.5
11/30/1997,CPDEUM,,,,83.5
12/31/1997,CPDEUM,,,,83.7
01/31/1998,CPDEUM,,,,83.7
02/28/1998,CPDEUM,,,,83.9
03/31/1998,CPDEUM,,,,83.8
04/30/1998,CPDEUM,,,,83.9
05/31/1998,CPDEUM,,,,84
06/30/1998,CPDEUM,,,,84.1
07/31/1998,CPDEUM,,,,84.4
08/31/1998,CPDEUM,,,,84.2
09/30/1998,CPDEUM,,,,84
10/30/1998,CPDEUM,,,,83.9
11/30/1998,CPDEUM,,,,83.9
12/31/1998,CPDEUM,,,,84
01/29/1999,CPDEUM,,,,83.9
02/26/1999,CPDEUM,,,,84
03/31/1999,CPDEUM,,,,84
04/30/1999,CPDEUM,,,,84.4
05/31/1999,CPDEUM,,,,84.4
06/30/1999,CPDEUM,,,,84.5
07/31/1999,CPDEUM,,,,84.9
08/31/1999,CPDEUM,,,,84.8
09/30/1999,CPDEUM,,,,84.6
10/31/1999,CPDEUM,,,,84.5
11/30/1999,CPDEUM,,,,84.7
12/31/1999,CPDEUM,,,,85
01/31/2000,CPDEUM,,,,85.2
02/29/2000,CPDEUM,,,,85.3
03/31/2000,CPDEUM,,,,85.3
04/28/2000,CPDEUM,,,,85.3
05/31/2000,CPDEUM,,,,85.2
06/30/2000,CPDEUM,,,,85.6
07/31/2000,CPDEUM,,,,86
08/31/2000,CPDEUM,,,,85.8
09/29/2000,CPDEUM,,,,86
10/31/2000,CPDEUM,,,,85.9
11/30/2000,CPDEUM,,,,86
12/29/2000,CPDEUM,,,,86.7
01/31/2001,CPDEUM,,,,86.4
02/28/2001,CPDEUM,,,,86.9
03/30/2001,CPDEUM,,,,86.9
04/30/2001,CPDEUM,,,,87.3
05/31/2001,CPDEUM,,,,87.6
06/29/2001,CPDEUM,,,,87.7
07/31/2001,CPDEUM,,,,87.8
08/31/2001,CPDEUM,,,,87.6
09/28/2001,CPDEUM,,,,87.6
10/31/2001,CPDEUM,,,,87.5
11/30/2001,CPDEUM,,,,87.3
12/31/2001,CPDEUM,,,,88.1
01/31/2002,CPDEUM,,,,88.2
02/28/2002,CPDEUM,,,,88.5
03/29/2002,CPDEUM,,,,88.7
04/30/2002,CPDEUM,,,,88.6
05/31/2002,CPDEUM,,,,88.7
06/28/2002,CPDEUM,,,,88.7
07/31/2002,CPDEUM,,,,88.8
08/30/2002,CPDEUM,,,,88.7
09/30/2002,CPDEUM,,,,88.7
10/31/2002,CPDEUM,,,,88.6
11/29/2002,CPDEUM,,,,88.3
12/31/2002,CPDEUM,,,,89.1
01/31/2003,CPDEUM,,,,89.1
02/28/2003,CPDEUM,,,,89.6
03/31/2003,CPDEUM,,,,89.7
04/30/2003,CPDEUM,,,,89.4
05/30/2003,CPDEUM,,,,89.2
06/30/2003,CPDEUM,,,,89.5
07/31/2003,CPDEUM,,,,89.7
08/29/2003,CPDEUM,,,,89.7
09/30/2003,CPDEUM,,,,89.6
10/31/2003,CPDEUM,,,,89.6
11/28/2003,CPDEUM,,,,89.4
12/31/2003,CPDEUM,,,,90.1
01/30/2004,CPDEUM,,,,90.1
02/27/2004,CPDEUM,,,,90.3
03/31/2004,CPDEUM,,,,90.6
04/30/2004,CPDEUM,,,,90.9
05/31/2004,CPDEUM,,,,91.1
06/30/2004,CPDEUM,,,,91.1
07/30/2004,CPDEUM,,,,91.3
08/31/2004,CPDEUM,,,,91.4
09/30/2004,CPDEUM,,,,91.2
10/29/2004,CPDEUM,,,,91.3
11/30/2004,CPDEUM,,,,91.1
12/31/2004,CPDEUM,,,,92.1
01/31/2005,CPDEUM,,,,91.4
02/28/2005,CPDEUM,,,,91.8
03/31/2005,CPDEUM,,,,92.2
04/29/2005,CPDEUM,,,,92
05/31/2005,CPDEUM,,,,92.2
06/30/2005,CPDEUM,,,,92.3
07/29/2005,CPDEUM,,,,92.7
08/31/2005,CPDEUM,,,,92.8
09/30/2005,CPDEUM,,,,92.9
10/31/2005,CPDEUM,,,,93
11/30/2005,CPDEUM,,,,92.7
12/30/2005,CPDEUM,,,,93.4
01/31/2006,CPDEUM,,,,93.1
02/28/2006,CPDEUM,,,,93.5
03/31/2006,CPDEUM,,,,93.5
04/28/2006,CPDEUM,,,,93.8
05/31/2006,CPDEUM,,,,93.8
06/30/2006,CPDEUM,,,,94
07/31/2006,CPDEUM,,,,94.4
08/31/2006,CPDEUM,,,,94.2
09/29/2006,CPDEUM,,,,93.9
10/31/2006,CPDEUM,,,,94
11/30/2006,CPDEUM,,,,94
12/29/2006,CPDEUM,,,,94.7
01/31/2007,CPDEUM,,,,94.7
02/28/2007,CPDEUM,,,,95.1
03/30/2007,CPDEUM,,,,95.3
04/30/2007,CPDEUM,,,,95.8
05/31/2007,CPDEUM,,,,95.8
06/29/2007,CPDEUM,,,,95.8
07/31/2007,CPDEUM,,,,96.3
08/31/2007,CPDEUM,,,,96.2
09/28/2007,CPDEUM,,,,96.4
10/31/2007,CPDEUM,,,,96.6
11/30/2007,CPDEUM,,,,97.1
12/31/2007,CPDEUM,,,,97.7
01/31/2008,CPDEUM,,,,97.4
02/29/2008,CPDEUM,,,,97.8
03/31/2008,CPDEUM,,,,98.3
04/30/2008,CPDEUM,,,,98.1
05/31/2008,CPDEUM,,,,98.7
06/30/2008,CPDEUM,,,,98.9
07/31/2008,CPDEUM,,,,99.5
08/31/2008,CPDEUM,,,,99.2
09/30/2008,CPDEUM,,,,99.1
10/31/2008,CPDEUM,,,,98.9
11/30/2008,CPDEUM,,,,98.4
12/31/2008,CPDEUM,,,,98.8
01/31/2009,CPDEUM,,,,98.3
02/28/2009,CPDEUM,,,,98.9
03/31/2009,CPDEUM,,,,98.7
04/30/2009,CPDEUM,,,,98.8
05/31/2009,CPDEUM,,,,98.7
06/30/2009,CPDEUM,,,,99
07/31/2009,CPDEUM,,,,99
08/31/2009,CPDEUM,,,,99.2
09/30/2009,CPDEUM,,,,98.9
10/31/2009,CPDEUM,,,,98.9
11/30/2009,CPDEUM,,,,98.8
12/31/2009,CPDEUM,,,,99.6
01/31/2010,CPDEUM,,,,99
02/28/2010,CPDEUM,,,,99.4
03/31/2010,CPDEUM,,,,99.9
04/30/2010,CPDEUM,,,,100
05/31/2010,CPDEUM,,,,99.9
06/30/2010,CPDEUM,,,,99.9
07/31/2010,CPDEUM,,,,100.1
08/31/2010,CPDEUM,,,,100.2
09/30/2010,CPDEUM,,,,100.1
10/31/2010,CPDEUM,,,,100.2
11/30/2010,CPDEUM,,,,100.3
12/31/2010,CPDEUM,,,,100.9
01/31/2011,CPDEUM,,,,100.7
02/28/2011,CPDEUM,,,,101.3
03/31/2011,CPDEUM,,,,101.9
04/30/2011,CPDEUM,,,,101.9
05/31/2011,CPDEUM,,,,101.9
06/30/2011,CPDEUM,,,,102
07/31/2011,CPDEUM,,,,102.2
08/31/2011,CPDEUM,,,,102.3
09/30/2011,CPDEUM,,,,102.5
10/31/2011,CPDEUM,,,,102.5
11/30/2011,CPDEUM,,,,102.7
12/31/2011,CPDEUM,,,,102.9
01/31/2012,CPDEUM,,,,102.8
02/29/2012,CPDEUM,,,,103.5
03/31/2012,CPDEUM,,,,104.1
04/30/2012,CPDEUM,,,,103.9
05/31/2012,CPDEUM,,,,103.9
06/30/2012,CPDEUM,,,,103.7
07/31/2012,CPDEUM,,,,104.1
08/31/2012,CPDEUM,,,,104.5
09/30/2012,CPDEUM,,,,104.6
10/31/2012,CPDEUM,,,,104.6
11/30/2012,CPDEUM,,,,104.7
12/31/2012,CPDEUM,,,,105
01/31/2013,CPDEUM,,,,104.5
02/28/2013,CPDEUM,,,,105.1
03/31/2013,CPDEUM,,,,105.6
04/30/2013,CPDEUM,,,,105.1
05/30/2013,CPDEUM,,,,105.5
05/31/2013,CPDEUM,,,,105.5
06/30/2013,CPDEUM,,,,105.6
07/31/2013,CPDEUM,,,,106.1
08/30/2013,CPDEUM,,,,106.1
08/31/2013,CPDEUM,,,,106.1
09/30/2013,CPDEUM,,,,106.1
10/31/2013,CPDEUM,,,,105.9
11/30/2013,CPDEUM,,,,106.1
12/31/2013,CPDEUM,,,,106.5
01/31/2014,CPDEUM,,,,105.9
02/28/2014,CPDEUM,,,,106.4
03/31/2014,CPDEUM,,,,106.7
04/30/2014,CPDEUM,,,,106.5
05/30/2014,CPDEUM,,,,106.4
05/31/2014,CPDEUM,,,,106.4
06/30/2014,CPDEUM,,,,106.7
07/31/2014,CPDEUM,,,,107
08/30/2014,CPDEUM,,,,107
08/31/2014,CPDEUM,,,,107
09/30/2014,CPDEUM,,,,107
10/31/2014,CPDEUM,,,,106.7
11/30/2014,CPDEUM,,,,106.7
12/31/2014,CPDEUM,,,,106.7
01/31/2015,CPDEUM,,,,105.6
02/28/2015,CPDEUM,,,,106.5
03/31/2015,CPDEUM,,,,107
04/30/2015,CPDEUM,,,,100.2
05/30/2015,CPDEUM,,,,100.4
05/31/2015,CPDEUM,,,,107.1
06/30/2015,CPDEUM,,,,100.4
07/31/2015,CPDEUM,,,,100.6
08/30/2015,CPDEUM,,,,100.6
08/31/2015,CPDEUM,,,,107.2
09/30/2015,CPDEUM,,,,100.4
10/31/2015,CPDEUM,,,,100.4
11/30/2015,CPDEUM,,,,99.7
12/31/2015,CPDEUM,,,,99.7
01/31/2016,CPDEUM,,,,99
02/28/2016,CPDEUM,,,,99.3
03/31/2016,CPDEUM,,,,100
04/30/2016,CPDEUM,,,,100.1
05/30/2016,CPDEUM,,,,100.6
05/31/2016,CPDEUM,,,,107.2
06/30/2016,CPDEUM,,,,100.7
07/31/2016,CPDEUM,,,,101.1
08/30/2016,CPDEUM,,,,101
08/31/2016,CPDEUM,,,,107.6
09/30/2016,CPDEUM,,,,101
10/31/2016,CPDEUM,,,,101.2
11/30/2016,CPDEUM,,,,100.5
12/31/2016,CPDEUM,,,,101.2
01/31/2017,CPDEUM,,,,100.6
02/28/2017,CPDEUM,,,,101.2
03/31/2017,CPDEUM,,,,101.4
04/30/2017,CPDEUM,,,,101.8
05/30/2017,CPDEUM,,,,101.8
06/30/2017,CPDEUM,,,,102.1
07/31/2017,CPDEUM,,,,102.5
08/30/2017,CPDEUM,,,,102.6
09/30/2017,CPDEUM,,,,102.7
10/31/2017,CPDEUM,,,,102.5
11/30/2017,CPDEUM,,,,102.1
12/31/2017,CPDEUM,,,,102.6
01/31/2018,CPDEUM,,,,102
02/28/2018,CPDEUM,,,,102.3
03/31/2018,CPDEUM,,,,102.9
04/30/2018,CPDEUM,,,,103.1
05/30/2018,CPDEUM,,,,103.9
06/30/2018,CPDEUM,,,,104
07/31/2018,CPDEUM,,,,104.4
08/30/2018,CPDEUM,,,,104.5
09/30/2018,CPDEUM,,,,104.7
10/31/2018,CPDEUM,,,,104.9
11/30/2018,CPDEUM,,,,104.2
12/31/2018,CPDEUM,,,,104.2
01/31/2019,CPDEUM,,,,103.4
