Ticker,Name,Series Type,Currency,Country,Sector,Industry,Sic,Exchange,Cik,Fiscal_End,Units,Scale,Flow,Adjustment,Periodicity,Metadata,Corporate_History
CPGBRCM,United Kingdom Consumer Price Index,Consumer Price Indices,United Kingdom Pound,United Kingdom,,,,,,,Index Number,Units,Stock,none,Annual From Dec 1800 To Dec 1913<BR>Monthly From Jan 1914 To Jan 2019<BR>,Source: Office of National Statistics,
Date,Ticker,Open,High,Low,Close
12/31/1800,CPGBRCM,,,,2.6422178
12/31/1801,CPGBRCM,,,,2.9524
12/31/1802,CPGBRCM,,,,2.2728452
12/31/1803,CPGBRCM,,,,2.1379664
12/31/1804,CPGBRCM,,,,2.2071651
12/31/1805,CPGBRCM,,,,2.5645745
12/31/1806,CPGBRCM,,,,2.4516672
12/31/1807,CPGBRCM,,,,2.4060821
12/31/1808,CPGBRCM,,,,2.4887296
12/31/1809,CPGBRCM,,,,2.7298695
12/31/1810,CPGBRCM,,,,2.815801
12/31/1811,CPGBRCM,,,,2.7348737
12/31/1812,CPGBRCM,,,,3.0957234
12/31/1813,CPGBRCM,,,,3.1715683
12/31/1814,CPGBRCM,,,,2.768652
12/31/1815,CPGBRCM,,,,2.4735606
12/31/1816,CPGBRCM,,,,2.2661208
12/31/1817,CPGBRCM,,,,2.5730191
12/31/1818,CPGBRCM,,,,2.5797435
12/31/1819,CPGBRCM,,,,2.5157053
12/31/1820,CPGBRCM,,,,2.2812898
12/31/1821,CPGBRCM,,,,2.0064498
12/31/1822,CPGBRCM,,,,1.7350501
12/31/1823,CPGBRCM,,,,1.8530397
12/31/1824,CPGBRCM,,,,2.0115321
12/31/1825,CPGBRCM,,,,2.3605751
12/31/1826,CPGBRCM,,,,2.2307787
12/31/1827,CPGBRCM,,,,2.0857351
12/31/1828,CPGBRCM,,,,2.0250591
12/31/1829,CPGBRCM,,,,2.0048078
12/31/1830,CPGBRCM,,,,1.932325
12/31/1831,CPGBRCM,,,,2.1245176
12/31/1832,CPGBRCM,,,,1.9677454
12/31/1833,CPGBRCM,,,,1.8480355
12/31/1834,CPGBRCM,,,,1.7047121
12/31/1835,CPGBRCM,,,,1.7333299
12/31/1836,CPGBRCM,,,,1.9238805
12/31/1837,CPGBRCM,,,,1.9711076
12/31/1838,CPGBRCM,,,,1.9845564
12/31/1839,CPGBRCM,,,,2.1295218
12/31/1840,CPGBRCM,,,,2.1683826
12/31/1841,CPGBRCM,,,,2.1177932
12/31/1842,CPGBRCM,,,,1.9575806
12/31/1843,CPGBRCM,,,,1.7367703
12/31/1844,CPGBRCM,,,,1.7350501
12/31/1845,CPGBRCM,,,,1.8193396
12/31/1846,CPGBRCM,,,,1.8918223
12/31/1847,CPGBRCM,,,,2.1195134
12/31/1848,CPGBRCM,,,,1.8632045
12/31/1849,CPGBRCM,,,,1.7451367
12/31/1850,CPGBRCM,,,,1.6338714
12/31/1851,CPGBRCM,,,,1.6203444
12/31/1852,CPGBRCM,,,,1.6490404
12/31/1853,CPGBRCM,,,,1.9137157
12/31/1854,CPGBRCM,,,,2.1329622
12/31/1855,CPGBRCM,,,,2.1481312
12/31/1856,CPGBRCM,,,,2.131242
12/31/1857,CPGBRCM,,,,2.1700246
12/31/1858,CPGBRCM,,,,2.0064498
12/31/1859,CPGBRCM,,,,2.0469525
12/31/1860,CPGBRCM,,,,2.2156097
12/31/1861,CPGBRCM,,,,2.1953583
12/31/1862,CPGBRCM,,,,2.1751069
12/31/1863,CPGBRCM,,,,1.9288847
12/31/1864,CPGBRCM,,,,2.0233389
12/31/1865,CPGBRCM,,,,2.0874553
12/31/1866,CPGBRCM,,,,2.1851935
12/31/1867,CPGBRCM,,,,2.269483
12/31/1868,CPGBRCM,,,,2.1767489
12/31/1869,CPGBRCM,,,,2.0975418
12/31/1870,CPGBRCM,,,,2.0924595
12/31/1871,CPGBRCM,,,,2.2256963
12/31/1872,CPGBRCM,,,,2.3235128
12/31/1873,CPGBRCM,,,,2.4229712
12/31/1874,CPGBRCM,,,,2.3993577
12/31/1875,CPGBRCM,,,,2.2088071
12/31/1876,CPGBRCM,,,,2.3099858
12/31/1877,CPGBRCM,,,,2.2425855
12/31/1878,CPGBRCM,,,,2.159938
12/31/1879,CPGBRCM,,,,2.0402281
12/31/1880,CPGBRCM,,,,1.9795522
12/31/1881,CPGBRCM,,,,2.0452323
12/31/1882,CPGBRCM,,,,1.9221603
12/31/1883,CPGBRCM,,,,1.993001
12/31/1884,CPGBRCM,,,,1.8058126
12/31/1885,CPGBRCM,,,,1.7299677
12/31/1886,CPGBRCM,,,,1.5697551
12/31/1887,CPGBRCM,,,,1.6102578
12/31/1888,CPGBRCM,,,,1.6018132
12/31/1889,CPGBRCM,,,,1.598451
12/31/1890,CPGBRCM,,,,1.596809
12/31/1891,CPGBRCM,,,,1.6827405
12/31/1892,CPGBRCM,,,,1.6793784
12/31/1893,CPGBRCM,,,,1.5411373
12/31/1894,CPGBRCM,,,,1.6557648
12/31/1895,CPGBRCM,,,,1.6321512
12/31/1896,CPGBRCM,,,,1.596809
12/31/1897,CPGBRCM,,,,1.6237066
12/31/1898,CPGBRCM,,,,1.6557648
12/31/1899,CPGBRCM,,,,1.6018132
12/31/1900,CPGBRCM,,,,1.5737428
12/31/1901,CPGBRCM,,,,1.5564627
12/31/1902,CPGBRCM,,,,1.5564627
12/31/1903,CPGBRCM,,,,1.5737428
12/31/1904,CPGBRCM,,,,1.5911011
12/31/1905,CPGBRCM,,,,1.5911011
12/31/1906,CPGBRCM,,,,1.6083813
12/31/1907,CPGBRCM,,,,1.6429415
12/31/1908,CPGBRCM,,,,1.6083813
12/31/1909,CPGBRCM,,,,1.6256614
12/31/1910,CPGBRCM,,,,1.6602216
12/31/1911,CPGBRCM,,,,1.67758
12/31/1912,CPGBRCM,,,,1.7294204
12/31/1913,CPGBRCM,,,,1.7639806
01/31/1914,CPGBRCM,,,,1.7294204
02/28/1914,CPGBRCM,,,,1.7294204
03/31/1914,CPGBRCM,,,,1.7294204
04/30/1914,CPGBRCM,,,,1.7294204
05/31/1914,CPGBRCM,,,,1.7294204
06/30/1914,CPGBRCM,,,,1.7294204
07/31/1914,CPGBRCM,,,,1.7294204
08/31/1914,CPGBRCM,,,,1.9069131
09/30/1914,CPGBRCM,,,,1.8082365
10/31/1914,CPGBRCM,,,,1.8411548
11/30/1914,CPGBRCM,,,,1.8575748
12/31/1914,CPGBRCM,,,,1.9069131
01/31/1915,CPGBRCM,,,,1.9397532
02/28/1915,CPGBRCM,,,,1.9829144
03/31/1915,CPGBRCM,,,,2.0259192
04/30/1915,CPGBRCM,,,,2.0259192
05/31/1915,CPGBRCM,,,,2.0690805
06/30/1915,CPGBRCM,,,,2.1553247
07/31/1915,CPGBRCM,,,,2.1553247
08/31/1915,CPGBRCM,,,,2.1553247
09/30/1915,CPGBRCM,,,,2.1553247
10/31/1915,CPGBRCM,,,,2.2414908
11/30/1915,CPGBRCM,,,,2.2845738
12/31/1915,CPGBRCM,,,,2.3277351
01/31/1916,CPGBRCM,,,,2.3277351
02/29/1916,CPGBRCM,,,,2.3277351
03/31/1916,CPGBRCM,,,,2.3708181
04/30/1916,CPGBRCM,,,,2.3708181
05/31/1916,CPGBRCM,,,,2.4569842
06/30/1916,CPGBRCM,,,,2.5001454
07/31/1916,CPGBRCM,,,,2.5432284
08/31/1916,CPGBRCM,,,,2.5432284
09/30/1916,CPGBRCM,,,,2.5863115
10/31/1916,CPGBRCM,,,,2.6294727
11/30/1916,CPGBRCM,,,,2.7588
12/31/1916,CPGBRCM,,,,2.8449661
01/31/1917,CPGBRCM,,,,2.8449661
02/28/1917,CPGBRCM,,,,2.8881273
03/31/1917,CPGBRCM,,,,2.9312103
04/30/1917,CPGBRCM,,,,2.9742934
05/31/1917,CPGBRCM,,,,3.0173764
06/30/1917,CPGBRCM,,,,3.0605376
07/31/1917,CPGBRCM,,,,3.1036207
08/31/1917,CPGBRCM,,,,3.1036207
09/30/1917,CPGBRCM,,,,3.1467037
10/31/1917,CPGBRCM,,,,3.0605376
11/30/1917,CPGBRCM,,,,3.1897868
12/31/1917,CPGBRCM,,,,3.1897868
01/31/1918,CPGBRCM,,,,3.232948
02/28/1918,CPGBRCM,,,,3.276031
03/31/1918,CPGBRCM,,,,3.276031
04/30/1918,CPGBRCM,,,,3.3191922
05/31/1918,CPGBRCM,,,,3.4053583
06/30/1918,CPGBRCM,,,,3.4484414
07/31/1918,CPGBRCM,,,,3.4916026
08/31/1918,CPGBRCM,,,,3.6208517
09/30/1918,CPGBRCM,,,,3.6208517
10/31/1918,CPGBRCM,,,,3.750179
11/30/1918,CPGBRCM,,,,3.8364233
12/31/1918,CPGBRCM,,,,3.793262
01/31/1919,CPGBRCM,,,,3.793262
02/28/1919,CPGBRCM,,,,3.793262
03/31/1919,CPGBRCM,,,,3.707096
04/30/1919,CPGBRCM,,,,3.6208517
05/31/1919,CPGBRCM,,,,3.5346856
06/30/1919,CPGBRCM,,,,3.5346856
07/31/1919,CPGBRCM,,,,3.5777687
08/31/1919,CPGBRCM,,,,3.707096
09/30/1919,CPGBRCM,,,,3.707096
10/31/1919,CPGBRCM,,,,3.793262
11/30/1919,CPGBRCM,,,,3.8795063
12/31/1919,CPGBRCM,,,,3.8795063
01/31/1920,CPGBRCM,,,,3.9657506
02/29/1920,CPGBRCM,,,,3.9657506
03/31/1920,CPGBRCM,,,,4.0002326
04/30/1920,CPGBRCM,,,,4.1553628
05/31/1920,CPGBRCM,,,,4.3105712
06/30/1920,CPGBRCM,,,,4.3450533
07/31/1920,CPGBRCM,,,,4.3968155
08/30/1920,CPGBRCM,,,,4.5001835
09/30/1920,CPGBRCM,,,,4.5519457
10/31/1920,CPGBRCM,,,,4.7588381
11/30/1920,CPGBRCM,,,,4.63819
12/31/1920,CPGBRCM,,,,4.5692258
01/31/1921,CPGBRCM,,,,4.3277732
02/28/1921,CPGBRCM,,,,4.1553628
03/31/1921,CPGBRCM,,,,4.0174346
04/30/1921,CPGBRCM,,,,3.9311903
05/31/1921,CPGBRCM,,,,3.7760601
06/30/1921,CPGBRCM,,,,3.7760601
07/31/1921,CPGBRCM,,,,3.8278223
08/31/1921,CPGBRCM,,,,3.793262
09/30/1921,CPGBRCM,,,,3.6208517
10/31/1921,CPGBRCM,,,,3.5002036
11/30/1921,CPGBRCM,,,,3.4312394
12/31/1921,CPGBRCM,,,,3.3105131
01/31/1922,CPGBRCM,,,,3.2415489
02/28/1922,CPGBRCM,,,,3.2070669
03/31/1922,CPGBRCM,,,,3.1381027
04/30/1922,CPGBRCM,,,,3.1209008
05/31/1922,CPGBRCM,,,,3.1036207
06/30/1922,CPGBRCM,,,,3.1725848
07/31/1922,CPGBRCM,,,,3.1209008
08/31/1922,CPGBRCM,,,,3.0863405
09/30/1922,CPGBRCM,,,,3.0691386
10/31/1922,CPGBRCM,,,,3.1036207
11/30/1922,CPGBRCM,,,,3.1036207
12/31/1922,CPGBRCM,,,,3.0691386
01/31/1923,CPGBRCM,,,,3.0518585
02/28/1923,CPGBRCM,,,,3.0346565
03/31/1923,CPGBRCM,,,,3.0001745
04/30/1923,CPGBRCM,,,,2.9312103
05/31/1923,CPGBRCM,,,,2.9139302
06/30/1923,CPGBRCM,,,,2.9139302
07/31/1923,CPGBRCM,,,,2.9484123
08/31/1923,CPGBRCM,,,,2.9828943
09/30/1923,CPGBRCM,,,,3.0173764
10/31/1923,CPGBRCM,,,,3.0173764
11/30/1923,CPGBRCM,,,,3.0518585
12/31/1923,CPGBRCM,,,,3.0518585
01/31/1924,CPGBRCM,,,,3.0863405
02/29/1924,CPGBRCM,,,,3.0691386
03/31/1924,CPGBRCM,,,,2.9828943
04/30/1924,CPGBRCM,,,,2.9484123
05/31/1924,CPGBRCM,,,,2.9139302
06/30/1924,CPGBRCM,,,,2.9312103
07/31/1924,CPGBRCM,,,,2.9484123
08/31/1924,CPGBRCM,,,,2.9656924
09/30/1924,CPGBRCM,,,,3.0346565
10/31/1924,CPGBRCM,,,,3.1036207
11/30/1924,CPGBRCM,,,,3.1209008
12/31/1924,CPGBRCM,,,,3.1036207
01/31/1925,CPGBRCM,,,,3.0863405
02/28/1925,CPGBRCM,,,,3.0863405
03/31/1925,CPGBRCM,,,,3.0173764
04/30/1925,CPGBRCM,,,,2.9828943
05/31/1925,CPGBRCM,,,,2.9656924
06/30/1925,CPGBRCM,,,,2.9828943
07/31/1925,CPGBRCM,,,,2.9828943
08/31/1925,CPGBRCM,,,,3.0001745
09/30/1925,CPGBRCM,,,,3.0346565
10/31/1925,CPGBRCM,,,,3.0346565
11/30/1925,CPGBRCM,,,,3.0518585
12/31/1925,CPGBRCM,,,,3.0173764
01/31/1926,CPGBRCM,,,,2.9828943
02/28/1926,CPGBRCM,,,,2.9656924
03/31/1926,CPGBRCM,,,,2.8967283
04/30/1926,CPGBRCM,,,,2.8794481
05/31/1926,CPGBRCM,,,,2.8967283
06/30/1926,CPGBRCM,,,,2.9312103
07/31/1926,CPGBRCM,,,,2.9312103
08/31/1926,CPGBRCM,,,,2.9656924
09/30/1926,CPGBRCM,,,,3.0001745
10/31/1926,CPGBRCM,,,,3.0863405
11/30/1926,CPGBRCM,,,,3.0863405
12/31/1926,CPGBRCM,,,,3.0173764
01/31/1927,CPGBRCM,,,,2.9656924
02/28/1927,CPGBRCM,,,,2.9484123
03/31/1927,CPGBRCM,,,,2.8449661
04/30/1927,CPGBRCM,,,,2.8277641
05/31/1927,CPGBRCM,,,,2.810484
06/30/1927,CPGBRCM,,,,2.8622462
07/31/1927,CPGBRCM,,,,2.8277641
08/31/1927,CPGBRCM,,,,2.8449661
09/30/1927,CPGBRCM,,,,2.8794481
10/31/1927,CPGBRCM,,,,2.9139302
11/30/1927,CPGBRCM,,,,2.9139302
12/31/1927,CPGBRCM,,,,2.8967283
01/31/1928,CPGBRCM,,,,2.8622462
02/29/1928,CPGBRCM,,,,2.8277641
03/31/1928,CPGBRCM,,,,2.8277641
04/30/1928,CPGBRCM,,,,2.8277641
05/31/1928,CPGBRCM,,,,2.8449661
06/30/1928,CPGBRCM,,,,2.8449661
07/31/1928,CPGBRCM,,,,2.8449661
08/31/1928,CPGBRCM,,,,2.8449661
09/30/1928,CPGBRCM,,,,2.8622462
10/31/1928,CPGBRCM,,,,2.8794481
11/30/1928,CPGBRCM,,,,2.8967283
12/31/1928,CPGBRCM,,,,2.8794481
01/31/1929,CPGBRCM,,,,2.8449661
02/28/1929,CPGBRCM,,,,2.8622462
03/31/1929,CPGBRCM,,,,2.7932039
04/30/1929,CPGBRCM,,,,2.7760019
05/31/1929,CPGBRCM,,,,2.7588
06/30/1929,CPGBRCM,,,,2.7760019
07/31/1929,CPGBRCM,,,,2.810484
08/31/1929,CPGBRCM,,,,2.8277641
09/30/1929,CPGBRCM,,,,2.8449661
10/31/1929,CPGBRCM,,,,2.8794481
11/30/1929,CPGBRCM,,,,2.8794481
12/31/1929,CPGBRCM,,,,2.8622462
01/31/1930,CPGBRCM,,,,2.8277641
02/28/1930,CPGBRCM,,,,2.7760019
03/31/1930,CPGBRCM,,,,2.7070378
04/30/1930,CPGBRCM,,,,2.6725557
05/31/1930,CPGBRCM,,,,2.6552756
06/30/1930,CPGBRCM,,,,2.6725557
07/31/1930,CPGBRCM,,,,2.7070378
08/31/1930,CPGBRCM,,,,2.7070378
09/30/1930,CPGBRCM,,,,2.6898359
10/31/1930,CPGBRCM,,,,2.7070378
11/30/1930,CPGBRCM,,,,2.6725557
12/31/1930,CPGBRCM,,,,2.6380737
01/31/1931,CPGBRCM,,,,2.6207935
02/28/1931,CPGBRCM,,,,2.5863115
03/31/1931,CPGBRCM,,,,2.5346275
04/30/1931,CPGBRCM,,,,2.5346275
05/31/1931,CPGBRCM,,,,2.5001454
06/30/1931,CPGBRCM,,,,2.5346275
07/31/1931,CPGBRCM,,,,2.5001454
08/31/1931,CPGBRCM,,,,2.5001454
09/30/1931,CPGBRCM,,,,2.5001454
10/31/1931,CPGBRCM,,,,2.5173473
11/30/1931,CPGBRCM,,,,2.5519076
12/31/1931,CPGBRCM,,,,2.5346275
01/31/1932,CPGBRCM,,,,2.5346275
02/29/1932,CPGBRCM,,,,2.5173473
03/31/1932,CPGBRCM,,,,2.4828653
04/30/1932,CPGBRCM,,,,2.4658979
05/31/1932,CPGBRCM,,,,2.4490087
06/30/1932,CPGBRCM,,,,2.4658979
07/31/1932,CPGBRCM,,,,2.4319632
08/31/1932,CPGBRCM,,,,2.4319632
09/30/1932,CPGBRCM,,,,2.4658979
10/31/1932,CPGBRCM,,,,2.4658979
11/30/1932,CPGBRCM,,,,2.4658979
12/31/1932,CPGBRCM,,,,2.4490087
01/31/1933,CPGBRCM,,,,2.4319632
02/28/1933,CPGBRCM,,,,2.3980284
03/31/1933,CPGBRCM,,,,2.3612788
04/30/1933,CPGBRCM,,,,2.3443115
05/31/1933,CPGBRCM,,,,2.3443115
06/30/1933,CPGBRCM,,,,2.3782462
07/31/1933,CPGBRCM,,,,2.3980284
08/31/1933,CPGBRCM,,,,2.4319632
09/30/1933,CPGBRCM,,,,2.4319632
10/31/1933,CPGBRCM,,,,2.4658979
11/30/1933,CPGBRCM,,,,2.4658979
12/31/1933,CPGBRCM,,,,2.4490087
01/31/1934,CPGBRCM,,,,2.4319632
02/28/1934,CPGBRCM,,,,2.4149958
03/31/1934,CPGBRCM,,,,2.3980284
04/30/1934,CPGBRCM,,,,2.3612788
05/31/1934,CPGBRCM,,,,2.3782462
06/30/1934,CPGBRCM,,,,2.4319632
07/31/1934,CPGBRCM,,,,2.4490087
08/31/1934,CPGBRCM,,,,2.4658979
09/30/1934,CPGBRCM,,,,2.4658979
10/31/1934,CPGBRCM,,,,2.4828653
11/30/1934,CPGBRCM,,,,2.4828653
12/31/1934,CPGBRCM,,,,2.4658979
01/31/1935,CPGBRCM,,,,2.4490087
02/28/1935,CPGBRCM,,,,2.4319632
03/31/1935,CPGBRCM,,,,2.3980284
04/30/1935,CPGBRCM,,,,2.3980284
05/31/1935,CPGBRCM,,,,2.4149958
06/30/1935,CPGBRCM,,,,2.4658979
07/31/1935,CPGBRCM,,,,2.4658979
08/31/1935,CPGBRCM,,,,2.4658979
09/30/1935,CPGBRCM,,,,2.4998326
10/31/1935,CPGBRCM,,,,2.5337674
11/30/1935,CPGBRCM,,,,2.5337674
12/31/1935,CPGBRCM,,,,2.5337674
01/31/1936,CPGBRCM,,,,2.5337674
02/29/1936,CPGBRCM,,,,2.5168
03/31/1936,CPGBRCM,,,,2.4828653
04/30/1936,CPGBRCM,,,,2.4828653
05/31/1936,CPGBRCM,,,,2.4828653
06/30/1936,CPGBRCM,,,,2.5168
07/31/1936,CPGBRCM,,,,2.5168
08/31/1936,CPGBRCM,,,,2.5337674
09/30/1936,CPGBRCM,,,,2.5508129
10/31/1936,CPGBRCM,,,,2.6045299
11/30/1936,CPGBRCM,,,,2.6045299
12/31/1936,CPGBRCM,,,,2.6045299
01/31/1937,CPGBRCM,,,,2.6045299
02/28/1937,CPGBRCM,,,,2.6045299
03/31/1937,CPGBRCM,,,,2.6045299
04/30/1937,CPGBRCM,,,,2.6214973
05/31/1937,CPGBRCM,,,,2.6214973
06/30/1937,CPGBRCM,,,,2.6723994
07/31/1937,CPGBRCM,,,,2.6723994
08/31/1937,CPGBRCM,,,,2.6723994
09/30/1937,CPGBRCM,,,,2.7233015
10/31/1937,CPGBRCM,,,,2.760051
11/30/1937,CPGBRCM,,,,2.760051
12/31/1937,CPGBRCM,,,,2.7430055
01/31/1938,CPGBRCM,,,,2.7063341
02/28/1938,CPGBRCM,,,,2.6892885
03/31/1938,CPGBRCM,,,,2.655432
04/30/1938,CPGBRCM,,,,2.6892885
05/31/1938,CPGBRCM,,,,2.6723994
06/30/1938,CPGBRCM,,,,2.7430055
07/31/1938,CPGBRCM,,,,2.6892885
08/31/1938,CPGBRCM,,,,2.6892885
09/30/1938,CPGBRCM,,,,2.6723994
10/31/1938,CPGBRCM,,,,2.6892885
11/30/1938,CPGBRCM,,,,2.6892885
12/31/1938,CPGBRCM,,,,2.6723994
01/31/1939,CPGBRCM,,,,2.6723994
02/28/1939,CPGBRCM,,,,2.6383864
03/31/1939,CPGBRCM,,,,2.6383864
04/30/1939,CPGBRCM,,,,2.6383864
05/31/1939,CPGBRCM,,,,2.6383864
06/30/1939,CPGBRCM,,,,2.6892885
07/31/1939,CPGBRCM,,,,2.6723994
08/31/1939,CPGBRCM,,,,2.6723994
09/30/1939,CPGBRCM,,,,2.8448097
10/31/1939,CPGBRCM,,,,2.9127574
11/30/1939,CPGBRCM,,,,2.9834417
12/31/1939,CPGBRCM,,,,3.000409
01/31/1940,CPGBRCM,,,,3.0513111
02/29/1940,CPGBRCM,,,,3.0852459
03/31/1940,CPGBRCM,,,,3.0682785
04/30/1940,CPGBRCM,,,,3.1050281
05/31/1940,CPGBRCM,,,,3.1219955
06/30/1940,CPGBRCM,,,,3.2237997
07/31/1940,CPGBRCM,,,,3.1898649
08/31/1940,CPGBRCM,,,,3.2237997
09/30/1940,CPGBRCM,,,,3.2577344
10/31/1940,CPGBRCM,,,,3.3114514
11/30/1940,CPGBRCM,,,,3.3623535
12/31/1940,CPGBRCM,,,,3.3793208
01/31/1941,CPGBRCM,,,,3.3962882
02/28/1941,CPGBRCM,,,,3.3962882
03/31/1941,CPGBRCM,,,,3.4132556
04/30/1941,CPGBRCM,,,,3.4500834
05/31/1941,CPGBRCM,,,,3.4500834
06/30/1941,CPGBRCM,,,,3.4302229
07/31/1941,CPGBRCM,,,,3.4302229
08/31/1941,CPGBRCM,,,,3.4302229
09/30/1941,CPGBRCM,,,,3.4302229
10/31/1941,CPGBRCM,,,,3.4500834
11/30/1941,CPGBRCM,,,,3.4783102
12/31/1941,CPGBRCM,,,,3.4500834
01/31/1942,CPGBRCM,,,,3.4500834
02/28/1942,CPGBRCM,,,,3.4500834
03/31/1942,CPGBRCM,,,,3.4217784
04/30/1942,CPGBRCM,,,,3.4500834
05/31/1942,CPGBRCM,,,,3.4217784
06/30/1942,CPGBRCM,,,,3.4500834
07/31/1942,CPGBRCM,,,,3.4783102
08/31/1942,CPGBRCM,,,,3.4500834
09/30/1942,CPGBRCM,,,,3.4500834
10/31/1942,CPGBRCM,,,,3.4500834
11/30/1942,CPGBRCM,,,,3.4500834
12/31/1942,CPGBRCM,,,,3.4217784
01/31/1943,CPGBRCM,,,,3.4217784
02/28/1943,CPGBRCM,,,,3.4217784
03/31/1943,CPGBRCM,,,,3.4217784
04/30/1943,CPGBRCM,,,,3.4217784
05/31/1943,CPGBRCM,,,,3.4217784
06/30/1943,CPGBRCM,,,,3.4500834
07/31/1943,CPGBRCM,,,,3.4217784
08/31/1943,CPGBRCM,,,,3.4217784
09/30/1943,CPGBRCM,,,,3.4217784
10/31/1943,CPGBRCM,,,,3.4217784
11/30/1943,CPGBRCM,,,,3.4217784
12/31/1943,CPGBRCM,,,,3.4217784
01/31/1944,CPGBRCM,,,,3.4500834
02/29/1944,CPGBRCM,,,,3.4500834
03/31/1944,CPGBRCM,,,,3.4500834
04/30/1944,CPGBRCM,,,,3.4500834
05/31/1944,CPGBRCM,,,,3.4500834
06/30/1944,CPGBRCM,,,,3.4783102
07/31/1944,CPGBRCM,,,,3.4783102
08/31/1944,CPGBRCM,,,,3.4783102
09/30/1944,CPGBRCM,,,,3.4783102
10/31/1944,CPGBRCM,,,,3.4783102
11/30/1944,CPGBRCM,,,,3.4783102
12/31/1944,CPGBRCM,,,,3.4783102
01/31/1945,CPGBRCM,,,,3.4783102
02/28/1945,CPGBRCM,,,,3.4783102
03/31/1945,CPGBRCM,,,,3.4783102
04/30/1945,CPGBRCM,,,,3.504895
05/31/1945,CPGBRCM,,,,3.5314016
06/30/1945,CPGBRCM,,,,3.5845712
07/31/1945,CPGBRCM,,,,3.5314016
08/31/1945,CPGBRCM,,,,3.504895
09/30/1945,CPGBRCM,,,,3.504895
10/31/1945,CPGBRCM,,,,3.504895
11/30/1945,CPGBRCM,,,,3.504895
12/31/1945,CPGBRCM,,,,3.504895
01/31/1946,CPGBRCM,,,,3.504895
02/28/1946,CPGBRCM,,,,3.504895
03/31/1946,CPGBRCM,,,,3.504895
04/30/1946,CPGBRCM,,,,3.5314016
05/31/1946,CPGBRCM,,,,3.504895
06/30/1946,CPGBRCM,,,,3.5314016
07/31/1946,CPGBRCM,,,,3.5314016
08/31/1946,CPGBRCM,,,,3.5314016
09/30/1946,CPGBRCM,,,,3.504895
10/31/1946,CPGBRCM,,,,3.504895
11/30/1946,CPGBRCM,,,,3.504895
12/31/1946,CPGBRCM,,,,3.504895
01/31/1947,CPGBRCM,,,,3.504895
02/28/1947,CPGBRCM,,,,3.504895
03/31/1947,CPGBRCM,,,,3.504895
04/30/1947,CPGBRCM,,,,3.504895
05/31/1947,CPGBRCM,,,,3.504895
06/30/1947,CPGBRCM,,,,3.504895
07/31/1947,CPGBRCM,,,,3.5399244
08/31/1947,CPGBRCM,,,,3.504895
09/30/1947,CPGBRCM,,,,3.5399244
10/31/1947,CPGBRCM,,,,3.5399244
11/30/1947,CPGBRCM,,,,3.6099832
12/31/1947,CPGBRCM,,,,3.6450908
01/31/1948,CPGBRCM,,,,3.6450908
02/29/1948,CPGBRCM,,,,3.7151496
03/31/1948,CPGBRCM,,,,3.7151496
04/30/1948,CPGBRCM,,,,3.7852084
05/31/1948,CPGBRCM,,,,3.7852084
06/30/1948,CPGBRCM,,,,3.8553454
07/31/1948,CPGBRCM,,,,3.7852084
08/31/1948,CPGBRCM,,,,3.7852084
09/30/1948,CPGBRCM,,,,3.7852084
10/31/1948,CPGBRCM,,,,3.7852084
11/30/1948,CPGBRCM,,,,3.820316
12/31/1948,CPGBRCM,,,,3.7852084
01/31/1949,CPGBRCM,,,,3.820316
02/28/1949,CPGBRCM,,,,3.820316
03/31/1949,CPGBRCM,,,,3.820316
04/30/1949,CPGBRCM,,,,3.820316
05/31/1949,CPGBRCM,,,,3.820316
06/30/1949,CPGBRCM,,,,3.820316
07/31/1949,CPGBRCM,,,,3.8903748
08/31/1949,CPGBRCM,,,,3.8903748
09/30/1949,CPGBRCM,,,,3.8903748
10/31/1949,CPGBRCM,,,,3.8903748
11/30/1949,CPGBRCM,,,,3.9254824
12/31/1949,CPGBRCM,,,,3.9254824
01/31/1950,CPGBRCM,,,,3.9254824
02/28/1950,CPGBRCM,,,,3.9605118
03/31/1950,CPGBRCM,,,,3.9605118
04/30/1950,CPGBRCM,,,,3.9605118
05/31/1950,CPGBRCM,,,,3.9605118
06/30/1950,CPGBRCM,,,,3.9955412
07/31/1950,CPGBRCM,,,,3.9955412
08/31/1950,CPGBRCM,,,,3.9955412
09/30/1950,CPGBRCM,,,,3.9955412
10/31/1950,CPGBRCM,,,,3.9605118
11/30/1950,CPGBRCM,,,,3.9955412
12/31/1950,CPGBRCM,,,,4.0306488
01/31/1951,CPGBRCM,,,,4.0656
02/28/1951,CPGBRCM,,,,4.0656
03/31/1951,CPGBRCM,,,,4.1000821
04/30/1951,CPGBRCM,,,,4.168968
05/31/1951,CPGBRCM,,,,4.272336
06/30/1951,CPGBRCM,,,,4.2685047
07/31/1951,CPGBRCM,,,,4.3413002
08/30/1951,CPGBRCM,,,,4.375704
09/30/1951,CPGBRCM,,,,4.4101861
10/31/1951,CPGBRCM,,,,4.44459
11/30/1951,CPGBRCM,,,,4.44459
12/31/1951,CPGBRCM,,,,4.4790721
01/31/1952,CPGBRCM,,,,4.5537441
02/29/1952,CPGBRCM,,,,4.591041
03/31/1952,CPGBRCM,,,,4.591041
04/30/1952,CPGBRCM,,,,4.6657131
05/31/1952,CPGBRCM,,,,4.6657131
06/30/1952,CPGBRCM,,,,4.7776821
07/31/1952,CPGBRCM,,,,4.7776821
08/31/1952,CPGBRCM,,,,4.7403851
09/30/1952,CPGBRCM,,,,4.70301
10/31/1952,CPGBRCM,,,,4.7776821
11/30/1952,CPGBRCM,,,,4.7776821
12/31/1952,CPGBRCM,,,,4.7776821
01/31/1953,CPGBRCM,,,,4.7776821
02/28/1953,CPGBRCM,,,,4.814979
03/31/1953,CPGBRCM,,,,4.8523541
04/30/1953,CPGBRCM,,,,4.8896511
05/31/1953,CPGBRCM,,,,4.8523541
06/30/1953,CPGBRCM,,,,4.8896511
07/31/1953,CPGBRCM,,,,4.8896511
08/31/1953,CPGBRCM,,,,4.8523541
09/30/1953,CPGBRCM,,,,4.8523541
10/31/1953,CPGBRCM,,,,4.8523541
11/30/1953,CPGBRCM,,,,4.8523541
12/31/1953,CPGBRCM,,,,4.8523541
01/31/1954,CPGBRCM,,,,4.8896511
02/28/1954,CPGBRCM,,,,4.8896511
03/31/1954,CPGBRCM,,,,4.8896511
04/30/1954,CPGBRCM,,,,4.926948
05/31/1954,CPGBRCM,,,,4.926948
06/30/1954,CPGBRCM,,,,4.926948
07/31/1954,CPGBRCM,,,,4.926948
08/31/1954,CPGBRCM,,,,4.926948
09/30/1954,CPGBRCM,,,,4.9643231
10/31/1954,CPGBRCM,,,,5.00162
11/30/1954,CPGBRCM,,,,5.00162
12/31/1954,CPGBRCM,,,,5.0389952
01/31/1955,CPGBRCM,,,,5.0260155
02/28/1955,CPGBRCM,,,,5.0454068
03/31/1955,CPGBRCM,,,,5.0518966
04/30/1955,CPGBRCM,,,,5.0712879
05/31/1955,CPGBRCM,,,,5.0776995
06/30/1955,CPGBRCM,,,,5.1552646
07/31/1955,CPGBRCM,,,,5.1875574
08/31/1955,CPGBRCM,,,,5.1746559
09/30/1955,CPGBRCM,,,,5.2198501
10/31/1955,CPGBRCM,,,,5.245653
11/30/1955,CPGBRCM,,,,5.3103166
12/31/1955,CPGBRCM,,,,5.3038268
01/31/1956,CPGBRCM,,,,5.2844355
02/29/1956,CPGBRCM,,,,5.3038268
03/31/1956,CPGBRCM,,,,5.3813137
04/30/1956,CPGBRCM,,,,5.4459774
05/31/1956,CPGBRCM,,,,5.452389
06/30/1956,CPGBRCM,,,,5.4136847
07/31/1956,CPGBRCM,,,,5.4071948
08/31/1956,CPGBRCM,,,,5.452389
09/30/1956,CPGBRCM,,,,5.452389
10/31/1956,CPGBRCM,,,,5.4588788
11/30/1956,CPGBRCM,,,,5.4588788
12/31/1956,CPGBRCM,,,,5.4653687
01/31/1957,CPGBRCM,,,,5.5170527
02/28/1957,CPGBRCM,,,,5.5170527
03/31/1957,CPGBRCM,,,,5.4856982
04/30/1957,CPGBRCM,,,,5.5170527
05/31/1957,CPGBRCM,,,,5.5170527
06/30/1957,CPGBRCM,,,,5.5796834
07/31/1957,CPGBRCM,,,,5.6110378
08/31/1957,CPGBRCM,,,,5.6110378
09/30/1957,CPGBRCM,,,,5.6110378
10/31/1957,CPGBRCM,,,,5.6423922
11/30/1957,CPGBRCM,,,,5.6737467
12/31/1957,CPGBRCM,,,,5.7051011
01/31/1958,CPGBRCM,,,,5.7051011
02/28/1958,CPGBRCM,,,,5.6737467
03/31/1958,CPGBRCM,,,,5.7051011
04/30/1958,CPGBRCM,,,,5.76781
05/31/1958,CPGBRCM,,,,5.76781
06/30/1958,CPGBRCM,,,,5.7991645
07/31/1958,CPGBRCM,,,,5.7051011
08/31/1958,CPGBRCM,,,,5.7051011
09/30/1958,CPGBRCM,,,,5.7051011
10/31/1958,CPGBRCM,,,,5.76781
11/30/1958,CPGBRCM,,,,5.7991645
12/31/1958,CPGBRCM,,,,5.7991645
01/31/1959,CPGBRCM,,,,5.8304407
02/28/1959,CPGBRCM,,,,5.7991645
03/31/1959,CPGBRCM,,,,5.7991645
04/30/1959,CPGBRCM,,,,5.76781
05/31/1959,CPGBRCM,,,,5.76781
06/30/1959,CPGBRCM,,,,5.76781
07/31/1959,CPGBRCM,,,,5.76781
08/31/1959,CPGBRCM,,,,5.76781
09/30/1959,CPGBRCM,,,,5.7364556
10/31/1959,CPGBRCM,,,,5.76781
11/30/1959,CPGBRCM,,,,5.7991645
12/31/1959,CPGBRCM,,,,5.7991645
01/31/1960,CPGBRCM,,,,5.7991645
02/29/1960,CPGBRCM,,,,5.7991645
03/31/1960,CPGBRCM,,,,5.7991645
04/30/1960,CPGBRCM,,,,5.7991645
05/31/1960,CPGBRCM,,,,5.7991645
06/30/1960,CPGBRCM,,,,5.8617952
07/31/1960,CPGBRCM,,,,5.8617952
08/31/1960,CPGBRCM,,,,5.8304407
09/30/1960,CPGBRCM,,,,5.8304407
10/31/1960,CPGBRCM,,,,5.8617952
11/30/1960,CPGBRCM,,,,5.8931496
12/31/1960,CPGBRCM,,,,5.924504
01/31/1961,CPGBRCM,,,,5.924504
02/28/1961,CPGBRCM,,,,5.924504
03/31/1961,CPGBRCM,,,,5.9558585
04/30/1961,CPGBRCM,,,,5.9872129
05/31/1961,CPGBRCM,,,,5.9872129
06/30/1961,CPGBRCM,,,,6.0499218
07/31/1961,CPGBRCM,,,,6.0499218
08/31/1961,CPGBRCM,,,,6.1126307
09/30/1961,CPGBRCM,,,,6.1126307
10/31/1961,CPGBRCM,,,,6.1126307
11/30/1961,CPGBRCM,,,,6.1752614
12/31/1961,CPGBRCM,,,,6.1752614
01/31/1962,CPGBRCM,,,,6.2066158
02/28/1962,CPGBRCM,,,,6.2066158
03/31/1962,CPGBRCM,,,,6.2379703
04/30/1962,CPGBRCM,,,,6.3006792
05/31/1962,CPGBRCM,,,,6.3320336
06/30/1962,CPGBRCM,,,,6.363388
07/31/1962,CPGBRCM,,,,6.363388
08/31/1962,CPGBRCM,,,,6.3006792
09/30/1962,CPGBRCM,,,,6.3006792
10/31/1962,CPGBRCM,,,,6.3006792
11/30/1962,CPGBRCM,,,,6.3006792
12/31/1962,CPGBRCM,,,,6.3320336
01/31/1963,CPGBRCM,,,,6.363388
02/28/1963,CPGBRCM,,,,6.4260969
03/31/1963,CPGBRCM,,,,6.4260969
04/30/1963,CPGBRCM,,,,6.4574514
05/31/1963,CPGBRCM,,,,6.4574514
06/30/1963,CPGBRCM,,,,6.4574514
07/31/1963,CPGBRCM,,,,6.3947425
08/31/1963,CPGBRCM,,,,6.3947425
09/30/1963,CPGBRCM,,,,6.3947425
10/31/1963,CPGBRCM,,,,6.4260969
11/30/1963,CPGBRCM,,,,6.4574514
12/31/1963,CPGBRCM,,,,6.4574514
01/31/1964,CPGBRCM,,,,6.4887276
02/29/1964,CPGBRCM,,,,6.4887276
03/31/1964,CPGBRCM,,,,6.5200821
04/30/1964,CPGBRCM,,,,6.582791
05/31/1964,CPGBRCM,,,,6.6454998
06/30/1964,CPGBRCM,,,,6.6454998
07/31/1964,CPGBRCM,,,,6.6454998
08/31/1964,CPGBRCM,,,,6.6768543
09/30/1964,CPGBRCM,,,,6.6768543
10/31/1964,CPGBRCM,,,,6.7082087
11/30/1964,CPGBRCM,,,,6.7395632
12/31/1964,CPGBRCM,,,,6.7708394
01/31/1965,CPGBRCM,,,,6.8021939
02/28/1965,CPGBRCM,,,,6.8021939
03/31/1965,CPGBRCM,,,,6.8021939
04/30/1965,CPGBRCM,,,,6.9276116
05/31/1965,CPGBRCM,,,,6.9589661
06/30/1965,CPGBRCM,,,,6.9903205
07/31/1965,CPGBRCM,,,,6.9903205
08/31/1965,CPGBRCM,,,,6.9903205
09/30/1965,CPGBRCM,,,,6.9903205
10/31/1965,CPGBRCM,,,,7.021675
11/30/1965,CPGBRCM,,,,7.0529512
12/31/1965,CPGBRCM,,,,7.0843838
01/31/1966,CPGBRCM,,,,7.0843838
02/28/1966,CPGBRCM,,,,7.0843838
03/31/1966,CPGBRCM,,,,7.0843838
04/30/1966,CPGBRCM,,,,7.1784472
05/31/1966,CPGBRCM,,,,7.2410779
06/30/1966,CPGBRCM,,,,7.2724323
07/31/1966,CPGBRCM,,,,7.2410779
08/31/1966,CPGBRCM,,,,7.2724323
09/30/1966,CPGBRCM,,,,7.2724323
10/31/1966,CPGBRCM,,,,7.2724323
11/30/1966,CPGBRCM,,,,7.3351412
12/31/1966,CPGBRCM,,,,7.3351412
01/31/1967,CPGBRCM,,,,7.3351412
02/28/1967,CPGBRCM,,,,7.3351412
03/31/1967,CPGBRCM,,,,7.3351412
04/30/1967,CPGBRCM,,,,7.3978501
05/31/1967,CPGBRCM,,,,7.3978501
06/30/1967,CPGBRCM,,,,7.4291263
07/31/1967,CPGBRCM,,,,7.3978501
08/30/1967,CPGBRCM,,,,7.3664174
09/30/1967,CPGBRCM,,,,7.3664174
10/31/1967,CPGBRCM,,,,7.4291263
11/30/1967,CPGBRCM,,,,7.4604808
12/31/1967,CPGBRCM,,,,7.5231897
01/31/1968,CPGBRCM,,,,7.5231897
02/29/1968,CPGBRCM,,,,7.5858985
03/31/1968,CPGBRCM,,,,7.5858985
04/30/1968,CPGBRCM,,,,7.7425926
05/31/1968,CPGBRCM,,,,7.7425926
06/30/1968,CPGBRCM,,,,7.773947
07/31/1968,CPGBRCM,,,,7.773947
08/30/1968,CPGBRCM,,,,7.773947
09/30/1968,CPGBRCM,,,,7.8053796
10/31/1968,CPGBRCM,,,,7.8366559
11/30/1968,CPGBRCM,,,,7.8680103
12/31/1968,CPGBRCM,,,,7.9620737
01/31/1969,CPGBRCM,,,,7.9933499
02/28/1969,CPGBRCM,,,,8.0560588
03/31/1969,CPGBRCM,,,,8.0874132
04/30/1969,CPGBRCM,,,,8.1814766
05/31/1969,CPGBRCM,,,,8.1501221
06/30/1969,CPGBRCM,,,,8.1814766
07/31/1969,CPGBRCM,,,,8.1814766
08/31/1969,CPGBRCM,,,,8.1814766
09/30/1969,CPGBRCM,,,,8.1814766
10/31/1969,CPGBRCM,,,,8.2441855
11/30/1969,CPGBRCM,,,,8.2755399
12/31/1969,CPGBRCM,,,,8.3382488
01/31/1970,CPGBRCM,,,,8.4008795
02/28/1970,CPGBRCM,,,,8.4322339
03/31/1970,CPGBRCM,,,,8.4949428
04/30/1970,CPGBRCM,,,,8.6203606
05/31/1970,CPGBRCM,,,,8.651715
06/30/1970,CPGBRCM,,,,8.651715
07/31/1970,CPGBRCM,,,,8.7457002
08/31/1970,CPGBRCM,,,,8.7143457
09/30/1970,CPGBRCM,,,,8.7770546
10/31/1970,CPGBRCM,,,,8.8711179
11/30/1970,CPGBRCM,,,,8.9338268
12/31/1970,CPGBRCM,,,,8.9964575
01/31/1971,CPGBRCM,,,,9.0905208
02/28/1971,CPGBRCM,,,,9.1532297
03/31/1971,CPGBRCM,,,,9.2472931
04/30/1971,CPGBRCM,,,,9.4353415
05/31/1971,CPGBRCM,,,,9.4980504
06/30/1971,CPGBRCM,,,,9.5607593
07/31/1971,CPGBRCM,,,,9.62339
08/31/1971,CPGBRCM,,,,9.62339
09/30/1971,CPGBRCM,,,,9.6548226
10/31/1971,CPGBRCM,,,,9.6860989
11/30/1971,CPGBRCM,,,,9.7488859
12/31/1971,CPGBRCM,,,,9.7801622
01/31/1972,CPGBRCM,,,,9.8427929
02/29/1972,CPGBRCM,,,,9.90558
03/31/1972,CPGBRCM,,,,9.9368562
04/30/1972,CPGBRCM,,,,10.0309196
05/31/1972,CPGBRCM,,,,10.0936284
06/30/1972,CPGBRCM,,,,10.1249829
07/31/1972,CPGBRCM,,,,10.1876918
08/31/1972,CPGBRCM,,,,10.2503225
09/30/1972,CPGBRCM,,,,10.3130313
10/31/1972,CPGBRCM,,,,10.4697254
11/30/1972,CPGBRCM,,,,10.501158
12/31/1972,CPGBRCM,,,,10.5325124
01/31/1973,CPGBRCM,,,,10.6264976
02/28/1973,CPGBRCM,,,,10.6892065
03/31/1973,CPGBRCM,,,,10.7519154
04/30/1973,CPGBRCM,,,,10.9399638
05/31/1973,CPGBRCM,,,,11.0340271
06/30/1973,CPGBRCM,,,,11.096736
07/31/1973,CPGBRCM,,,,11.1280905
08/31/1973,CPGBRCM,,,,11.1593667
09/30/1973,CPGBRCM,,,,11.2847845
10/31/1973,CPGBRCM,,,,11.5042656
11/30/1973,CPGBRCM,,,,11.5668963
12/31/1973,CPGBRCM,,,,11.6609596
01/31/1974,CPGBRCM,,,,11.8540123
02/28/1974,CPGBRCM,,,,12.0882714
03/31/1974,CPGBRCM,,,,12.182022
04/30/1974,CPGBRCM,,,,12.603704
05/31/1974,CPGBRCM,,,,12.791127
06/30/1974,CPGBRCM,,,,12.9317137
07/31/1974,CPGBRCM,,,,13.0253861
08/31/1974,CPGBRCM,,,,13.0253861
09/30/1974,CPGBRCM,,,,13.1658947
10/31/1974,CPGBRCM,,,,13.4470682
11/30/1974,CPGBRCM,,,,13.6813273
12/31/1974,CPGBRCM,,,,13.8686721
01/31/1975,CPGBRCM,,,,14.2435961
02/28/1975,CPGBRCM,,,,14.4777771
03/31/1975,CPGBRCM,,,,14.7589506
04/30/1975,CPGBRCM,,,,15.3212194
05/31/1975,CPGBRCM,,,,15.9771606
06/30/1975,CPGBRCM,,,,16.3051703
07/31/1975,CPGBRCM,,,,16.4456788
08/31/1975,CPGBRCM,,,,16.5393512
09/30/1975,CPGBRCM,,,,16.679938
10/31/1975,CPGBRCM,,,,16.9142753
11/30/1975,CPGBRCM,,,,17.1484562
12/31/1975,CPGBRCM,,,,17.3359574
01/31/1976,CPGBRCM,,,,17.5701383
02/29/1976,CPGBRCM,,,,17.8044756
03/31/1976,CPGBRCM,,,,17.898148
04/30/1976,CPGBRCM,,,,18.2261577
05/31/1976,CPGBRCM,,,,18.4135806
06/30/1976,CPGBRCM,,,,18.507253
07/31/1976,CPGBRCM,,,,18.5541674
08/30/1976,CPGBRCM,,,,18.8352627
09/30/1976,CPGBRCM,,,,19.0695218
10/31/1976,CPGBRCM,,,,19.3974533
11/30/1976,CPGBRCM,,,,19.6786268
12/31/1976,CPGBRCM,,,,19.9597221
01/31/1977,CPGBRCM,,,,20.4751548
02/28/1977,CPGBRCM,,,,20.6624995
03/31/1977,CPGBRCM,,,,20.8968368
04/30/1977,CPGBRCM,,,,21.4121913
05/31/1977,CPGBRCM,,,,21.5996142
06/30/1977,CPGBRCM,,,,21.7870372
07/31/1977,CPGBRCM,,,,21.8338733
08/31/1977,CPGBRCM,,,,21.9276239
09/30/1977,CPGBRCM,,,,22.0681325
10/31/1977,CPGBRCM,,,,22.1618048
11/30/1977,CPGBRCM,,,,22.2555554
12/31/1977,CPGBRCM,,,,22.3961422
01/31/1978,CPGBRCM,,,,22.4898145
02/28/1978,CPGBRCM,,,,22.6304013
03/31/1978,CPGBRCM,,,,22.7709098
04/30/1978,CPGBRCM,,,,23.0989196
05/31/1978,CPGBRCM,,,,23.2395063
06/30/1978,CPGBRCM,,,,23.4269292
07/31/1978,CPGBRCM,,,,23.5206016
08/31/1978,CPGBRCM,,,,23.6611884
09/30/1978,CPGBRCM,,,,23.7549389
10/31/1978,CPGBRCM,,,,23.8954475
11/30/1978,CPGBRCM,,,,24.0360343
12/31/1978,CPGBRCM,,,,24.2702934
01/31/1979,CPGBRCM,,,,24.5983031
02/28/1979,CPGBRCM,,,,24.832484
03/31/1979,CPGBRCM,,,,25.0199069
04/30/1979,CPGBRCM,,,,25.441589
05/31/1979,CPGBRCM,,,,25.6290901
06/30/1979,CPGBRCM,,,,26.0976084
07/31/1979,CPGBRCM,,,,27.2220678
08/31/1979,CPGBRCM,,,,27.4094908
09/30/1979,CPGBRCM,,,,27.6905861
10/31/1979,CPGBRCM,,,,27.9717596
11/30/1979,CPGBRCM,,,,28.2528549
12/31/1979,CPGBRCM,,,,28.4402779
01/31/1980,CPGBRCM,,,,29.1430552
02/29/1980,CPGBRCM,,,,29.5647373
03/31/1980,CPGBRCM,,,,29.9395832
04/30/1980,CPGBRCM,,,,30.9703703
05/31/1980,CPGBRCM,,,,31.2515438
06/30/1980,CPGBRCM,,,,31.5794753
07/31/1980,CPGBRCM,,,,31.8137344
08/31/1980,CPGBRCM,,,,31.9074068
09/30/1980,CPGBRCM,,,,32.0948297
10/31/1980,CPGBRCM,,,,32.2822527
11/30/1980,CPGBRCM,,,,32.5634262
12/31/1980,CPGBRCM,,,,32.7508491
01/31/1981,CPGBRCM,,,,32.9381939
02/28/1981,CPGBRCM,,,,33.2193674
03/31/1981,CPGBRCM,,,,33.7347218
04/30/1981,CPGBRCM,,,,34.7186727
05/31/1981,CPGBRCM,,,,34.9529318
06/30/1981,CPGBRCM,,,,35.140433
07/31/1981,CPGBRCM,,,,35.2809415
08/31/1981,CPGBRCM,,,,35.5620368
09/30/1981,CPGBRCM,,,,35.7494598
10/31/1981,CPGBRCM,,,,36.0773913
11/30/1981,CPGBRCM,,,,36.4523153
12/31/1981,CPGBRCM,,,,36.6864963
01/31/1982,CPGBRCM,,,,36.8739974
02/28/1982,CPGBRCM,,,,36.9208336
03/31/1982,CPGBRCM,,,,37.2019289
04/30/1982,CPGBRCM,,,,37.9516207
05/31/1982,CPGBRCM,,,,38.232716
06/30/1982,CPGBRCM,,,,38.3733028
07/31/1982,CPGBRCM,,,,38.3733028
08/31/1982,CPGBRCM,,,,38.3733028
09/30/1982,CPGBRCM,,,,38.3733028
10/31/1982,CPGBRCM,,,,38.5606475
11/30/1982,CPGBRCM,,,,38.7480704
12/31/1982,CPGBRCM,,,,38.6543981
01/31/1983,CPGBRCM,,,,38.7013124
02/28/1983,CPGBRCM,,,,38.8886572
03/31/1983,CPGBRCM,,,,38.9355716
04/30/1983,CPGBRCM,,,,39.4977622
05/31/1983,CPGBRCM,,,,39.638349
06/30/1983,CPGBRCM,,,,39.7320995
07/31/1983,CPGBRCM,,,,39.9662804
08/31/1983,CPGBRCM,,,,40.1537816
09/30/1983,CPGBRCM,,,,40.3411263
10/31/1983,CPGBRCM,,,,40.4817131
11/30/1983,CPGBRCM,,,,40.6222998
12/31/1983,CPGBRCM,,,,40.7159722
01/31/1984,CPGBRCM,,,,40.6690578
02/29/1984,CPGBRCM,,,,40.856559
03/31/1984,CPGBRCM,,,,40.9970675
04/30/1984,CPGBRCM,,,,41.5125002
05/31/1984,CPGBRCM,,,,41.6998449
06/30/1984,CPGBRCM,,,,41.7936737
07/31/1984,CPGBRCM,,,,41.7467593
08/31/1984,CPGBRCM,,,,42.121527
09/30/1984,CPGBRCM,,,,42.2152775
10/31/1984,CPGBRCM,,,,42.496451
11/30/1984,CPGBRCM,,,,42.6369596
12/31/1984,CPGBRCM,,,,42.5901234
01/31/1985,CPGBRCM,,,,42.730632
02/28/1985,CPGBRCM,,,,43.0586417
03/31/1985,CPGBRCM,,,,43.4803237
04/30/1985,CPGBRCM,,,,44.4174384
05/31/1985,CPGBRCM,,,,44.6048614
06/30/1985,CPGBRCM,,,,44.6985338
07/31/1985,CPGBRCM,,,,44.6048614
08/31/1985,CPGBRCM,,,,44.7454481
09/30/1985,CPGBRCM,,,,44.6985338
10/31/1985,CPGBRCM,,,,44.7922061
11/30/1985,CPGBRCM,,,,44.9327929
12/31/1985,CPGBRCM,,,,44.9796291
01/31/1986,CPGBRCM,,,,45.0733796
02/28/1986,CPGBRCM,,,,45.2608026
03/31/1986,CPGBRCM,,,,45.3076388
04/30/1986,CPGBRCM,,,,45.7762352
05/31/1986,CPGBRCM,,,,45.8229932
06/30/1986,CPGBRCM,,,,45.8229932
07/31/1986,CPGBRCM,,,,45.6824846
08/31/1986,CPGBRCM,,,,45.8229932
09/30/1986,CPGBRCM,,,,46.0573305
10/31/1986,CPGBRCM,,,,46.1510029
11/30/1986,CPGBRCM,,,,46.5258488
12/31/1986,CPGBRCM,,,,46.6664355
01/31/1987,CPGBRCM,,,,46.8537803
02/28/1987,CPGBRCM,,,,47.0412032
03/31/1987,CPGBRCM,,,,47.1349538
04/30/1987,CPGBRCM,,,,47.6972226
05/31/1987,CPGBRCM,,,,47.7439806
06/30/1987,CPGBRCM,,,,47.7439806
07/31/1987,CPGBRCM,,,,47.6972226
08/31/1987,CPGBRCM,,,,47.8378094
09/30/1987,CPGBRCM,,,,47.9783179
10/31/1987,CPGBRCM,,,,48.2125771
11/30/1987,CPGBRCM,,,,48.4469144
12/31/1987,CPGBRCM,,,,48.4
01/31/1988,CPGBRCM,,,,48.4
02/29/1988,CPGBRCM,,,,48.5
03/31/1988,CPGBRCM,,,,48.7
04/30/1988,CPGBRCM,,,,49.3
05/31/1988,CPGBRCM,,,,49.5
06/30/1988,CPGBRCM,,,,49.7
07/31/1988,CPGBRCM,,,,49.7
08/31/1988,CPGBRCM,,,,49.9
09/30/1988,CPGBRCM,,,,50.1
10/31/1988,CPGBRCM,,,,50.3
11/30/1988,CPGBRCM,,,,50.5
12/31/1988,CPGBRCM,,,,50.6
01/31/1989,CPGBRCM,,,,50.7
02/28/1989,CPGBRCM,,,,50.9
03/31/1989,CPGBRCM,,,,51.1
04/30/1989,CPGBRCM,,,,51.8
05/31/1989,CPGBRCM,,,,52.1
06/30/1989,CPGBRCM,,,,52.3
07/31/1989,CPGBRCM,,,,52.3
08/31/1989,CPGBRCM,,,,52.3
09/30/1989,CPGBRCM,,,,52.7
10/31/1989,CPGBRCM,,,,53.1
11/30/1989,CPGBRCM,,,,53.3
12/31/1989,CPGBRCM,,,,53.4
01/31/1990,CPGBRCM,,,,53.6
02/28/1990,CPGBRCM,,,,53.9
03/31/1990,CPGBRCM,,,,54.2
04/30/1990,CPGBRCM,,,,55.2
05/31/1990,CPGBRCM,,,,55.7
06/30/1990,CPGBRCM,,,,55.9
07/31/1990,CPGBRCM,,,,55.8
08/31/1990,CPGBRCM,,,,56.4
09/30/1990,CPGBRCM,,,,57
10/31/1990,CPGBRCM,,,,57.4
11/30/1990,CPGBRCM,,,,57.5
12/31/1990,CPGBRCM,,,,57.4
01/31/1991,CPGBRCM,,,,57.4
02/28/1991,CPGBRCM,,,,57.7
03/31/1991,CPGBRCM,,,,57.9
04/30/1991,CPGBRCM,,,,59.9
05/31/1991,CPGBRCM,,,,60.3
06/30/1991,CPGBRCM,,,,60.6
07/31/1991,CPGBRCM,,,,60.4
08/31/1991,CPGBRCM,,,,60.7
09/30/1991,CPGBRCM,,,,61
10/31/1991,CPGBRCM,,,,61.3
11/30/1991,CPGBRCM,,,,61.5
12/31/1991,CPGBRCM,,,,61.6
01/31/1992,CPGBRCM,,,,61.4
02/28/1992,CPGBRCM,,,,61.7
03/31/1992,CPGBRCM,,,,62
04/30/1992,CPGBRCM,,,,62.7
05/31/1992,CPGBRCM,,,,62.9
06/30/1992,CPGBRCM,,,,62.9
07/31/1992,CPGBRCM,,,,62.6
08/31/1992,CPGBRCM,,,,62.6
09/30/1992,CPGBRCM,,,,62.9
10/31/1992,CPGBRCM,,,,63.1
11/30/1992,CPGBRCM,,,,63.1
12/31/1992,CPGBRCM,,,,63.2
01/31/1993,CPGBRCM,,,,62.8
02/28/1993,CPGBRCM,,,,63.2
03/31/1993,CPGBRCM,,,,63.5
04/30/1993,CPGBRCM,,,,64.2
05/31/1993,CPGBRCM,,,,64.5
06/30/1993,CPGBRCM,,,,64.4
07/31/1993,CPGBRCM,,,,64.2
08/31/1993,CPGBRCM,,,,64.5
09/30/1993,CPGBRCM,,,,64.8
10/31/1993,CPGBRCM,,,,64.7
11/30/1993,CPGBRCM,,,,64.5
12/31/1993,CPGBRCM,,,,64.7
01/31/1994,CPGBRCM,,,,64.4
02/28/1994,CPGBRCM,,,,64.7
03/31/1994,CPGBRCM,,,,64.9
04/30/1994,CPGBRCM,,,,65.5
05/31/1994,CPGBRCM,,,,65.7
06/30/1994,CPGBRCM,,,,65.7
07/31/1994,CPGBRCM,,,,65.3
08/31/1994,CPGBRCM,,,,65.7
09/30/1994,CPGBRCM,,,,65.8
10/31/1994,CPGBRCM,,,,65.6
11/30/1994,CPGBRCM,,,,65.7
12/31/1994,CPGBRCM,,,,66
01/31/1995,CPGBRCM,,,,66
02/28/1995,CPGBRCM,,,,66.3
03/31/1995,CPGBRCM,,,,66.6
04/30/1995,CPGBRCM,,,,67
05/31/1995,CPGBRCM,,,,67.4
06/30/1995,CPGBRCM,,,,67.4
07/31/1995,CPGBRCM,,,,67
08/31/1995,CPGBRCM,,,,67.4
09/30/1995,CPGBRCM,,,,67.7
10/31/1995,CPGBRCM,,,,67.6
11/30/1995,CPGBRCM,,,,67.6
12/31/1995,CPGBRCM,,,,68
01/31/1996,CPGBRCM,,,,67.8
02/29/1996,CPGBRCM,,,,68.1
03/31/1996,CPGBRCM,,,,68.4
04/30/1996,CPGBRCM,,,,68.7
05/31/1996,CPGBRCM,,,,68.9
06/30/1996,CPGBRCM,,,,69
07/31/1996,CPGBRCM,,,,68.6
08/31/1996,CPGBRCM,,,,68.9
09/30/1996,CPGBRCM,,,,69.3
10/31/1996,CPGBRCM,,,,69.3
11/30/1996,CPGBRCM,,,,69.3
12/31/1996,CPGBRCM,,,,69.5
01/31/1997,CPGBRCM,,,,69.2
02/28/1997,CPGBRCM,,,,69.4
03/31/1997,CPGBRCM,,,,69.5
04/30/1997,CPGBRCM,,,,69.8
05/31/1997,CPGBRCM,,,,70
06/30/1997,CPGBRCM,,,,70.2
07/31/1997,CPGBRCM,,,,69.9
08/31/1997,CPGBRCM,,,,70.3
09/30/1997,CPGBRCM,,,,70.6
10/31/1997,CPGBRCM,,,,70.6
11/30/1997,CPGBRCM,,,,70.6
12/31/1997,CPGBRCM,,,,70.7
01/31/1998,CPGBRCM,,,,70.3
02/28/1998,CPGBRCM,,,,70.5
03/31/1998,CPGBRCM,,,,70.7
04/30/1998,CPGBRCM,,,,71.1
05/31/1998,CPGBRCM,,,,71.4
06/30/1998,CPGBRCM,,,,71.3
07/31/1998,CPGBRCM,,,,71
08/31/1998,CPGBRCM,,,,71.2
09/30/1998,CPGBRCM,,,,71.5
10/30/1998,CPGBRCM,,,,71.5
11/30/1998,CPGBRCM,,,,71.6
12/31/1998,CPGBRCM,,,,71.8
01/29/1999,CPGBRCM,,,,71.4
02/26/1999,CPGBRCM,,,,71.5
03/31/1999,CPGBRCM,,,,71.9
04/30/1999,CPGBRCM,,,,72.2
05/31/1999,CPGBRCM,,,,72.4
06/30/1999,CPGBRCM,,,,72.3
07/31/1999,CPGBRCM,,,,71.9
08/31/1999,CPGBRCM,,,,72.1
09/30/1999,CPGBRCM,,,,72.4
10/31/1999,CPGBRCM,,,,72.3
11/30/1999,CPGBRCM,,,,72.4
12/31/1999,CPGBRCM,,,,72.6
01/31/2000,CPGBRCM,,,,71.9
02/29/2000,CPGBRCM,,,,72.2
03/31/2000,CPGBRCM,,,,72.3
04/28/2000,CPGBRCM,,,,72.6
05/31/2000,CPGBRCM,,,,72.8
06/30/2000,CPGBRCM,,,,72.9
07/31/2000,CPGBRCM,,,,72.5
08/31/2000,CPGBRCM,,,,72.5
09/29/2000,CPGBRCM,,,,73.1
10/31/2000,CPGBRCM,,,,73.1
11/30/2000,CPGBRCM,,,,73.2
12/29/2000,CPGBRCM,,,,73.2
01/31/2001,CPGBRCM,,,,72.6
02/28/2001,CPGBRCM,,,,72.7
03/30/2001,CPGBRCM,,,,73
04/30/2001,CPGBRCM,,,,73.4
05/31/2001,CPGBRCM,,,,74
06/29/2001,CPGBRCM,,,,74.1
07/31/2001,CPGBRCM,,,,73.6
08/31/2001,CPGBRCM,,,,73.9
09/28/2001,CPGBRCM,,,,74.1
10/31/2001,CPGBRCM,,,,73.9
11/30/2001,CPGBRCM,,,,73.8
12/31/2001,CPGBRCM,,,,74
01/31/2002,CPGBRCM,,,,73.7
02/28/2002,CPGBRCM,,,,73.8
03/29/2002,CPGBRCM,,,,74.1
04/30/2002,CPGBRCM,,,,74.4
05/31/2002,CPGBRCM,,,,74.6
06/28/2002,CPGBRCM,,,,74.6
07/31/2002,CPGBRCM,,,,74.4
08/30/2002,CPGBRCM,,,,74.6
09/30/2002,CPGBRCM,,,,74.8
10/31/2002,CPGBRCM,,,,74.9
11/29/2002,CPGBRCM,,,,74.9
12/31/2002,CPGBRCM,,,,75.2
01/31/2003,CPGBRCM,,,,74.7
02/28/2003,CPGBRCM,,,,75
03/31/2003,CPGBRCM,,,,75.3
04/30/2003,CPGBRCM,,,,75.5
05/30/2003,CPGBRCM,,,,75.5
06/30/2003,CPGBRCM,,,,75.4
07/31/2003,CPGBRCM,,,,75.3
08/29/2003,CPGBRCM,,,,75.6
09/30/2003,CPGBRCM,,,,75.9
10/31/2003,CPGBRCM,,,,76
11/28/2003,CPGBRCM,,,,75.9
12/31/2003,CPGBRCM,,,,76.2
01/30/2004,CPGBRCM,,,,75.8
02/27/2004,CPGBRCM,,,,76
03/31/2004,CPGBRCM,,,,76.1
04/30/2004,CPGBRCM,,,,76.4
05/31/2004,CPGBRCM,,,,76.6
06/30/2004,CPGBRCM,,,,76.6
07/30/2004,CPGBRCM,,,,76.4
08/31/2004,CPGBRCM,,,,76.6
09/30/2004,CPGBRCM,,,,76.7
10/29/2004,CPGBRCM,,,,76.9
11/30/2004,CPGBRCM,,,,77
12/31/2004,CPGBRCM,,,,77.4
01/31/2005,CPGBRCM,,,,77
02/28/2005,CPGBRCM,,,,77.2
03/31/2005,CPGBRCM,,,,77.5
04/29/2005,CPGBRCM,,,,77.8
05/31/2005,CPGBRCM,,,,78.1
06/30/2005,CPGBRCM,,,,78.1
07/29/2005,CPGBRCM,,,,78.2
08/31/2005,CPGBRCM,,,,78.4
09/30/2005,CPGBRCM,,,,78.6
10/31/2005,CPGBRCM,,,,78.7
11/30/2005,CPGBRCM,,,,78.7
12/30/2005,CPGBRCM,,,,78.9
01/31/2006,CPGBRCM,,,,78.5
02/28/2006,CPGBRCM,,,,78.8
03/31/2006,CPGBRCM,,,,78.9
04/28/2006,CPGBRCM,,,,79.4
05/31/2006,CPGBRCM,,,,79.9
06/30/2006,CPGBRCM,,,,80.1
07/31/2006,CPGBRCM,,,,80
08/31/2006,CPGBRCM,,,,80.4
09/29/2006,CPGBRCM,,,,80.5
10/31/2006,CPGBRCM,,,,80.6
11/30/2006,CPGBRCM,,,,80.8
12/29/2006,CPGBRCM,,,,81.3
01/31/2007,CPGBRCM,,,,80.6
02/28/2007,CPGBRCM,,,,81
03/30/2007,CPGBRCM,,,,81.4
04/30/2007,CPGBRCM,,,,81.6
05/31/2007,CPGBRCM,,,,81.8
06/29/2007,CPGBRCM,,,,82
07/31/2007,CPGBRCM,,,,81.5
08/31/2007,CPGBRCM,,,,81.8
09/30/2007,CPGBRCM,,,,81.9
10/31/2007,CPGBRCM,,,,82.3
11/30/2007,CPGBRCM,,,,82.5
12/31/2007,CPGBRCM,,,,83
01/31/2008,CPGBRCM,,,,82.4
02/29/2008,CPGBRCM,,,,83
03/31/2008,CPGBRCM,,,,83.4
04/30/2008,CPGBRCM,,,,84
05/31/2008,CPGBRCM,,,,84.6
06/30/2008,CPGBRCM,,,,85.2
07/31/2008,CPGBRCM,,,,85.1
08/31/2008,CPGBRCM,,,,85.7
09/30/2008,CPGBRCM,,,,86.1
10/31/2008,CPGBRCM,,,,85.9
11/30/2008,CPGBRCM,,,,85.8
12/31/2008,CPGBRCM,,,,85.5
01/31/2009,CPGBRCM,,,,84.9
02/28/2009,CPGBRCM,,,,85.6
03/31/2009,CPGBRCM,,,,85.8
04/30/2009,CPGBRCM,,,,86
05/31/2009,CPGBRCM,,,,86.4
06/30/2009,CPGBRCM,,,,86.7
07/31/2009,CPGBRCM,,,,86.7
08/31/2009,CPGBRCM,,,,87
09/30/2009,CPGBRCM,,,,87.1
10/31/2009,CPGBRCM,,,,87.2
11/30/2009,CPGBRCM,,,,87.5
12/31/2009,CPGBRCM,,,,88
01/31/2010,CPGBRCM,,,,87.8
02/28/2010,CPGBRCM,,,,88.2
03/31/2010,CPGBRCM,,,,88.7
04/30/2010,CPGBRCM,,,,89.2
05/31/2010,CPGBRCM,,,,89.4
06/30/2010,CPGBRCM,,,,89.5
07/31/2010,CPGBRCM,,,,89.3
08/31/2010,CPGBRCM,,,,89.8
09/30/2010,CPGBRCM,,,,89.8
10/31/2010,CPGBRCM,,,,90
11/30/2010,CPGBRCM,,,,90.3
12/31/2010,CPGBRCM,,,,91.2
01/31/2011,CPGBRCM,,,,91.3
02/28/2011,CPGBRCM,,,,92
03/31/2011,CPGBRCM,,,,92.2
04/30/2011,CPGBRCM,,,,93.2
05/31/2011,CPGBRCM,,,,93.4
06/30/2011,CPGBRCM,,,,93.3
07/31/2011,CPGBRCM,,,,93.3
08/31/2011,CPGBRCM,,,,93.8
09/30/2011,CPGBRCM,,,,94.4
10/31/2011,CPGBRCM,,,,94.5
11/30/2011,CPGBRCM,,,,94.6
12/31/2011,CPGBRCM,,,,95.1
01/31/2012,CPGBRCM,,,,94.6
02/29/2012,CPGBRCM,,,,95.1
03/31/2012,CPGBRCM,,,,95.4
04/30/2012,CPGBRCM,,,,96
05/31/2012,CPGBRCM,,,,95.9
06/30/2012,CPGBRCM,,,,95.5
07/31/2012,CPGBRCM,,,,95.6
08/31/2012,CPGBRCM,,,,96.1
09/30/2012,CPGBRCM,,,,96.5
10/31/2012,CPGBRCM,,,,97
11/30/2012,CPGBRCM,,,,97.2
12/31/2012,CPGBRCM,,,,97.6
01/31/2013,CPGBRCM,,,,97.1
02/28/2013,CPGBRCM,,,,97.8
03/31/2013,CPGBRCM,,,,98.1
04/30/2013,CPGBRCM,,,,98.3
05/31/2013,CPGBRCM,,,,98.5
06/30/2013,CPGBRCM,,,,98.3
07/31/2013,CPGBRCM,,,,98.3
08/31/2013,CPGBRCM,,,,98.7
09/30/2013,CPGBRCM,,,,99.1
10/31/2013,CPGBRCM,,,,99.1
11/30/2013,CPGBRCM,,,,99.2
12/31/2013,CPGBRCM,,,,99.6
01/31/2014,CPGBRCM,,,,99
02/28/2014,CPGBRCM,,,,99.5
03/31/2014,CPGBRCM,,,,99.7
04/30/2014,CPGBRCM,,,,100.1
05/31/2014,CPGBRCM,,,,100
06/30/2014,CPGBRCM,,,,100.2
07/31/2014,CPGBRCM,,,,99.9
08/31/2014,CPGBRCM,,,,100.2
09/30/2014,CPGBRCM,,,,100.3
10/31/2014,CPGBRCM,,,,100.4
11/30/2014,CPGBRCM,,,,100.1
12/31/2014,CPGBRCM,,,,100.1
01/31/2015,CPGBRCM,,,,99.3
02/28/2015,CPGBRCM,,,,99.5
03/31/2015,CPGBRCM,,,,99.7
04/30/2015,CPGBRCM,,,,99.9
05/31/2015,CPGBRCM,,,,100.1
06/30/2015,CPGBRCM,,,,100.2
07/31/2015,CPGBRCM,,,,100
08/31/2015,CPGBRCM,,,,100.3
09/30/2015,CPGBRCM,,,,100.2
10/31/2015,CPGBRCM,,,,100.3
11/30/2015,CPGBRCM,,,,100.3
12/31/2015,CPGBRCM,,,,100.3
01/31/2016,CPGBRCM,,,,99.5
02/29/2016,CPGBRCM,,,,99.8
03/31/2016,CPGBRCM,,,,100.2
04/30/2016,CPGBRCM,,,,100.2
05/31/2016,CPGBRCM,,,,100.4
06/30/2016,CPGBRCM,,,,100.6
07/31/2016,CPGBRCM,,,,100.6
08/31/2016,CPGBRCM,,,,100.9
09/30/2016,CPGBRCM,,,,101.1
10/31/2016,CPGBRCM,,,,101.2
11/30/2016,CPGBRCM,,,,101.4
12/31/2016,CPGBRCM,,,,101.9
01/31/2017,CPGBRCM,,,,101.4
02/28/2017,CPGBRCM,,,,102.1
03/31/2017,CPGBRCM,,,,102.5
04/30/2017,CPGBRCM,,,,102.9
05/31/2017,CPGBRCM,,,,103.3
06/30/2017,CPGBRCM,,,,103.3
07/31/2017,CPGBRCM,,,,103.2
08/31/2017,CPGBRCM,,,,103.8
09/30/2017,CPGBRCM,,,,104.1
10/31/2017,CPGBRCM,,,,104.2
11/30/2017,CPGBRCM,,,,104.6
12/31/2017,CPGBRCM,,,,104.9
01/31/2018,CPGBRCM,,,,104.4
02/28/2018,CPGBRCM,,,,104.9
03/31/2018,CPGBRCM,,,,105
04/30/2018,CPGBRCM,,,,105.4
05/31/2018,CPGBRCM,,,,105.8
06/30/2018,CPGBRCM,,,,105.8
07/31/2018,CPGBRCM,,,,105.8
08/31/2018,CPGBRCM,,,,106.5
09/30/2018,CPGBRCM,,,,106.6
10/31/2018,CPGBRCM,,,,106.7
11/30/2018,CPGBRCM,,,,107
12/31/2018,CPGBRCM,,,,107.1
01/31/2019,CPGBRCM,,,,106.3
