Date,GermanBond10Y,GermanEq,Gold,JapanBond10Y,JapanEq,Oil,REITs,TRCommodity,UKEq,USBond10Y,USBond5Y,USEq
5/31/1981,32.1889997,497.9,479.25,1297.332528,,35.75,,144.0610432,315.58,535.2596978,13.99,132.59
6/30/1981,33.1957781,533.6,426,1313.156949,,35.64,,132.2355106,320.57,530.9827412,14.25,131.21
7/31/1981,33.3332035,542.7,406,1278.255016,,34.87,,139.9521717,319.4199,514.7179571,15.24,130.92
8/31/1981,33.1806899,525.6,425,1259.117218,,35,,134.991461,334.6299,501.5033042,16.11,122.79
9/30/1981,34.0240402,495.3,428.75,1279.918386,,35,,134.5905955,278.49,496.9670542,16.27,116.18
10/31/1981,34.5116117,496.3,427,1262.712295,,35,,134.74092,286.3,535.7816134,14.78,121.89
11/30/1981,35.9959478,509.1,414.5,1347.516725,,35,,131.3836714,315.1399,587.2723756,12.79,126.35
12/31/1981,36.2403482,490.4,397.5,1359.352461,,35,,127.7257736,313.12,567.2913164,13.97,122.55
1/31/1982,36.3478154,502.1,387,1372.164299,,34.7,,133.8890808,330.9299,569.0672685,14.24,120.4
2/28/1982,36.6676954,515.5,362.6,1381.403539,,33.58,,128.5275046,316.8899,579.1280588,14.12,113.11
3/31/1982,38.1689676,525.7,320,1423.295217,,32.51,,125.3205805,326.6,581.2773429,14.39,111.96
4/30/1982,39.8579513,518.2,361.25,1435.321434,,31.87,,126.8238262,328.09,597.8710832,13.9,116.44
5/31/1982,40.0175447,512.2,325.25,1406.788212,,32,,122.7149547,337.4599,609.9527208,13.76,111.88
6/30/1982,38.85216,501.1,317.5,1377.769588,,32,,119.9088961,322.79,593.5794037,14.65,109.61
7/31/1982,39.8678414,508.5,342.9,1403.083244,,32,,117.1028375,333.8899,625.3449341,13.73,107.09
8/31/1982,40.9048756,502.9,411.5,1404.538184,,32,,117.9546768,343.29,662.8623172,12.65,119.51
9/30/1982,42.1010159,526.9,397,1409.796493,,32.35,,114.1965626,361.81,711.1311199,11.69,120.42
10/31/1982,43.3551394,511.6,423.25,1395.894148,,33.12,,115.1987264,369.6699,760.8179234,10.58,133.71
11/30/1982,43.9083822,518.5,436,1441.405713,,32.64,,118.1050013,375.4199,764.0964589,10.37,138.54
12/31/1982,45.0292088,552.8,456.9,1505.057673,,31.87,,117.2531621,382.2199,790.2863998,10.09,140.64
1/31/1983,45.1699101,549.1,499.5,1480.240606,,31.27,,121.6125745,395.02,777.1778688,10.31,145.3
2/28/1983,45.918744,602.5,408.5,1513.108418,,29.75,,116.3011065,399.35,808.8826587,9.83,148.06
3/31/1983,46.3655114,661.4,414.75,1522.113252,,29.6,,121.3119254,411.9399,799.2263121,10.27,152.96
4/30/1983,46.4114633,707,429.25,1541.350938,,30.8,,123.6169021,439.29,823.0252234,9.88,164.42
5/31/1983,45.6680587,675.7,437.5,1546.319267,,30.3,,125.1201478,437.6299,804.2436256,10.55,162.39
6/30/1983,46.0340381,719.7,416,1559.606207,,31.35,,123.3663612,458.35,804.4526128,10.76,168.11
7/31/1983,45.794179,737.7,422,1567.770435,,31.95,,130.231183,445.9599,775.364184,11.59,162.56
8/31/1983,45.1485024,698.4,414.25,1581.229236,,31.65,,139.6515226,450.36,773.2563589,11.79,164.4
9/30/1983,46.1892814,719.3,405,1608.582158,,30.45,,137.0458967,445.53,805.3540233,11.2,166.07
10/31/1983,46.6296691,753.8,382,1619.9934,,30.25,,132.5862679,437.3799,799.2265599,11.39,163.55
11/30/1983,46.6416494,753.5,405,1643.457746,,29.62,,137.2463295,461.87,812.1177484,11.36,166.4
12/31/1983,47.1814471,774,382.4,1674.944242,,29.65,,139.1003325,470.5,811.1712765,11.57,164.93
1/31/1984,47.3500406,807.2,373.75,1680.759,,30.27,,137.0960049,501.36,826.1794612,11.34,163.41
2/29/1984,48.2453984,766.2,394.25,1691.1657,,30.62,,136.5448148,493.12,816.8884927,11.74,157.06
3/31/1984,48.2214384,774.3,388.5,1725.149334,967.15,30.8,,141.8061747,524.1998,802.6986694,12.28,159.18
4/30/1984,48.5202474,776.1,375.8,1736.737001,949.35,30.25,,137.8476278,534.84,798.1059764,12.57,160.05
5/31/1984,48.4700201,739.6,384.25,1702.287498,854.73,30.85,,140.3530372,477.2099,759.9672462,13.76,150.55
6/30/1984,49.1291434,763.3,373.05,1725.993617,871.96,29.75,,135.793192,487.74,771.687234,13.72,153.18
7/31/1984,49.4023607,717.5,342.35,1739.144845,846.53,27.65,,124.9698232,474.83,821.292334,12.85,150.66
8/31/1984,50.8705418,751.1,348.25,1775.352013,929.27,29.3,,128.8281538,520.4699,835.6619198,12.77,166.68
9/30/1984,51.5814394,799,343.75,1792.242214,952.5,29.65,,125.971987,535.86,859.747984,12.48,166.1
10/31/1984,52.9638804,802.3,333.5,1836.89034,989.11,28.5,,127.6756654,543.4799,902.6126414,11.59,166.09
11/30/1984,54.2307119,811.1,329,1879.795818,984.9,27.3,,127.1745835,560.2599,922.4481587,11.25,163.58
12/31/1984,54.6324604,820.9,308.3,1888.963406,996.55,26.4,,122.3641974,592.9398,932.9471078,11.08,167.24
1/31/1985,54.3406,838.1,306.65,1914.089999,1034.77,26.35,,123.8173349,614.62,962.6981649,10.77,179.63
2/28/1985,53.2768536,855.4,287.75,1877.147905,1050.97,26.55,,119.357706,608.28,930.7147112,11.55,181.18
3/31/1985,54.8814872,858.9,329.25,1888.01972,1026.15,28.3,,122.8151711,616.2599,954.1960889,11.29,180.66
4/30/1985,55.298327,873.1,321.35,1930.788074,1013.95,27.6,,120.2095453,622.11,977.0100314,10.91,179.83
5/31/1985,56.3710998,950.6,314,1945.633697,995.64,27.85,,117.0026212,634.1598,1054.466579,9.68,189.55
6/30/1985,57.0245505,1018.5,317.75,1978.364014,999.06,26.7,,113.4950479,595.54,1065.414181,9.65,191.85
7/31/1985,57.9214286,986,327.5,2004.432582,928.72,27.13,,110.6889894,606.4498,1054.166537,9.98,190.92
8/31/1985,59.9809785,1081.7,333.25,2037.810869,961.8,27.9,,110.0876911,646.2599,1082.03158,9.74,188.63
9/30/1985,60.3113738,1142.6,325.75,2121.762724,948.42,29.05,,111.8414777,626.2399,1089.341496,9.73,182.08
10/31/1985,59.3947296,1295.8,325.1,1990.505072,1003.95,30.35,,113.1442906,670.6398,1118.687815,9.47,189.82
11/30/1985,60.2351797,1251.8,325.3,2068.334362,1004.87,29.78,,114.0211839,696.53,1157.096112,9.07,202.17
12/31/1985,61.2100866,1366.2,326.8,2096.685592,1033.65,26.53,,114.933153,682.9398,1209.298903,8.49,211.28
1/31/1986,61.5060136,1387.1,350.5,2172.231,1057.86,18.85,,110.0977127,696.4099,1212.373751,8.53,211.78
2/28/1986,63.7308816,1357.3,338.15,2187.327936,1074.84,13.25,,105.3624889,750.83,1299.068545,7.91,226.92
3/31/1986,65.2418033,1481.6,344,2347.379103,1183.4,10.43,,104.861407,810.4799,1373.285147,7.19,238.9
4/30/1986,66.4034286,1507.3,345.75,2361.953479,1239.4399,13.35,,106.991005,816.3998,1382.661191,7.17,235.52
5/31/1986,64.4182538,1380.5,343.2,2297.476919,1275.5,14.35,,102.4862788,788.9199,1330.972054,7.82,247.35
6/30/1986,65.2563456,1357.5,346.75,2327.061007,1311.97,12.8,,101.0030764,815.6998,1403.294096,7.23,250.84
7/31/1986,66.0539236,1288.6,357.5,2331.176345,1300.8101,11.38,,100.241432,771.8,1412.829009,7.02,236.12
8/31/1986,67.2818285,1497.5,384.7,2318.264611,1333.47,15.88,,103.7941026,817.06,1458.999352,6.4,252.93
9/30/1986,66.0148993,1408,423.2,2251.280881,1262.3,15.1,,105.6881921,768.79,1419.2886,6.98,231.32
10/31/1986,65.0712592,1426.3,401,2264.591694,1243.5,15.38,,105.8886249,807.27,1438.579574,6.76,243.98
11/30/1986,66.5298588,1466.3,389.5,2318.589441,1326.13,15.13,,105.5679324,815.34,1465.831823,6.65,249.22
12/31/1986,66.9237669,1432.3,388.75,2338.874222,1342.04,17.65,,104.7611906,835.4799,1466.712061,6.81,242.17
1/31/1987,67.7930613,1294.5,400.5,2422.971135,1371.65,18.65,,106.5049556,903.29,1480.48062,6.71,274.08
2/28/1987,67.6639092,1244.4,405.85,2450.676276,1378.95,16.8,,102.9121984,983.12,1488.344862,6.71,284.2
3/31/1987,69.5130486,1301.7,421,2571.048323,1394.76,18.85,,104.5757903,1000.04,1465.723486,7.02,291.7
4/30/1987,70.0043846,1308.1,453.25,2789.041026,1466.33,18.72,,111.1098981,1023.58,1408.489859,7.82,288.36
5/31/1987,70.6468694,1316.4,451,2731.334977,1604.01,19.38,,112.6782845,1097.2899,1392.500812,8.15,290.1
6/30/1987,68.6848619,1382.6,447.3,2667.051536,1619.61,20.29,,113.1793663,1153.12,1412.416491,8.02,304
7/31/1987,68.2311295,1510.5,462.5,2466.35922,1650.37,21.35,,113.1743555,1202.1898,1396.672734,8.21,318.66
8/31/1987,67.8868251,1537.8,453.4,2589.800686,1732.78,19.73,,111.7312397,1146.6898,1376.26054,8.52,329.8
9/30/1987,67.088308,1500.2,459.5,2355.958166,1738.08,19.59,,112.1571593,1208.8896,1331.980535,9.21,321.83
10/31/1987,68.6055536,1177.4,468.8,2528.324893,1466.4,19.96,,111.9517157,887.33,1408.53573,8.37,251.79
11/30/1987,69.952843,1022.8,492.5,2503.194575,1466.71,18.51,,117.5287571,796.31,1408.957408,8.43,230.3
12/31/1987,69.8396741,1000,484.1,2521.02898,1423.4399,16.7,,116.5165717,870.2199,1434.201124,8.33,247.08
1/31/1988,70.2692296,935.73,458,2658.110853,1558.1899,16.94,,115.4242132,915.84,1499.159915,7.76,257.07
2/29/1988,71.8957517,1077.79,426.15,2634.160275,1673.6,16.08,,113.1042041,908.08,1519.371682,7.64,267.82
3/31/1988,72.1709322,1058.09,456.95,2628.339881,1710.24,17.08,,116.7470694,896.75,1489.411332,8.04,258.89
4/30/1988,71.1956297,1048.8199,449,2622.727621,1778.58,17.99,,117.11787,928.1898,1471.254545,8.33,261.33
5/31/1988,70.8920958,1070.74,455.5,2611.529492,1746.88,17.54,,124.4637305,923.25,1451.076994,8.73,262.16
6/30/1988,71.3380159,1117,436.55,2558.908076,1746.86,15.16,,132.8217764,963.0099,1498.31163,8.41,273.5
7/31/1988,70.797748,1148.27,436.8,2584.868046,1748.17,16.31,,123.3613503,965.1799,1480.508492,8.75,272.02
8/31/1988,71.4016617,1132.15,427.75,2502.3271,1696.1,15.27,,123.3563395,911.1699,1479.409506,8.95,261.52
9/30/1988,72.9138433,1217.34,396.7,2597.928022,1679.92,13.92,,119.6333011,946.27,1527.588793,8.61,271.91
10/31/1988,74.7618901,1263.49,412.4,2663.18659,1640.01,13.58,,122.2289053,965.54,1560.889677,8.37,278.97
11/30/1988,74.1160947,1239.37,422.6,2697.56278,1746.8,15.32,,122.7299872,933.4498,1531.163298,8.91,273.7
12/31/1988,74.1585147,1289.8,410.25,2689.842063,1789.54,17.24,,126.1874522,926.59,1534.836174,9.14,277.72
1/31/1989,73.6415624,1274.77,394,2691.093831,1886.38,17.03,,121.4572392,1054.9698,1559.469016,9.08,297.47
2/28/1989,72.6392183,1249.72,387,2657.992997,1870.5,18.15,,121.8831588,1042.6,1540.322243,9.42,288.86
3/31/1989,73.2696441,1278.73,382.2,2653.428612,1935.83,20.38,,121.2918821,1076.1497,1554.266679,9.53,294.87
4/30/1989,74.1077201,1324.78,377.55,2635.904554,1983.97,20.42,,119.2424572,1090.0399,1594.628102,9.06,309.64
5/31/1989,73.5164495,1353.48,361.8,2628.475427,2038.8199,19.9,,114.9231313,1091.0599,1650.718235,8.65,320.52
6/30/1989,75.1379289,1404.6,373,2640.913566,1993.41,20.27,,117.4636165,1101.6798,1717.576783,8.03,317.98
7/31/1989,76.3607978,1475.1,368.3,2719.981521,2119.3201,18.31,,110.8142598,1173.25,1761.261548,7.56,346.08
8/31/1989,75.7366844,1516.28,359.8,2719.251583,2137.6799,18.83,,112.9839444,1207.4498,1722.331637,8.27,351.45
9/30/1989,75.1340558,1494.04,366.5,2714.683084,2259.73,20.13,,113.6553941,1169.5499,1728.541304,8.36,349.15
10/31/1989,74.8599213,1396.8199,375.3,2687.412794,2254.8601,19.94,,113.0841608,1080.7899,1785.514779,7.86,340.36
11/30/1989,73.836499,1496.0699,408.15,2690.652006,2328.9399,19.86,,114.6575579,1138.6698,1806.783052,7.74,345.99
12/31/1989,74.6098117,1698.0699,398.6,2660.049003,2406.47,21.82,,115.2137588,1204.6998,1807.852973,7.86,353.4
1/31/1990,72.2269,1726.59,415.05,2524.643576,2319.6399,22.7,,115.1987264,1167.1497,1761.286081,8.35,329.08
2/28/1990,68.7876754,1714.24,407.7,2490.683943,2190.54,21.54,,117.5488004,1122.2599,1764.25312,8.44,331.89
3/31/1990,69.9794511,1859.92,368.5,2459.857953,1919.77,20.28,,119.3376628,1114.9398,1760.346086,8.65,339.94
4/30/1990,69.5856446,1713.1801,367.75,2465.359014,1899.72,18.55,,123.1709392,1043.1597,1728.019856,9.04,330.8
5/31/1990,70.2904455,1735.4399,363.05,2545.505571,2100.1599,17.4,,121.0212979,1154.2399,1792.319234,8.56,361.23
6/30/1990,71.0922903,1755.1,352.2,2502.562498,2066.74,17.07,,118.7012888,1171.2799,1825.657204,8.35,358.02
7/31/1990,72.5573909,1783.6801,372.3,2483.353764,2040.17,20.63,,117.754244,1147.0499,1847.069701,8.13,356.15
8/31/1990,71.3979389,1514.34,387.75,2424.984253,1742.77,27.3,,117.1078484,1051.08,1799.318698,8.5,322.56
9/30/1990,71.1994551,1240.55,408.4,2370.011395,1359.52,39.58,,119.8437555,962.1799,1817.39144,8.47,306.05
10/31/1990,72.3984994,1331.25,379.5,2504.092656,1651.24,35.25,,115.153629,992.6699,1851.435707,8.24,304
11/30/1990,73.2783382,1338.12,384.85,2567.985877,1424.67,29.1,,111.8715426,1032.11,1913.767385,7.91,322.22
12/31/1990,73.4964515,1295.71,386.2,2625.661128,1456.42,28.44,,111.5608718,1032.25,1950.280037,7.68,330.22
1/31/1991,74.8243761,1315.96,366,2640.152422,1425.97,21.84,,107.2916541,1036.2399,1970.004999,7.62,343.93
2/28/1991,77.3696764,1429.02,362.7,2702.794447,1688.49,19.12,,108.0082012,1150.0099,1984.518559,7.66,367.07
3/31/1991,77.5143889,1409.83,355.65,2680.662512,1697.5,19.64,,109.4713604,1193.33,1993.765773,7.73,375.22
4/30/1991,78.5313175,1483.24,357.75,2680.173649,1694.41,21.02,,108.3238828,1202.75,2011.183544,7.63,375.35
5/31/1991,79.7652255,1564.03,360.4,2716.450051,1692.12,21.08,,107.9480714,1201.85,2019.200743,7.69,389.83
6/30/1991,79.1765398,1476.01,368.35,2688.920002,1580.62,20.58,,104.445509,1161.1898,2008.426271,7.9,371.16
7/31/1991,78.3568685,1469.37,362.85,2756.8405,1604.64,21.68,,107.2816325,1235.8896,2027.629349,7.77,387.81
8/31/1991,80.2313513,1494.8101,347.4,2820.023884,1460.98,22.3,,106.1091009,1268.62,2094.215707,7.34,395.43
9/30/1991,80.9144907,1455.28,354.9,2926.276823,1586.46,22.285,,108.0132121,1265.9598,2158.34494,6.92,387.86
10/31/1991,81.7087358,1431.59,357.45,2944.900747,1622.62,23.265,,109.3310574,1238.9598,2171.780638,6.74,392.45
11/30/1991,82.6701586,1417.51,366.3,2976.509995,1458.54,21.585,,106.880767,1168.9498,2198.700666,6.48,375.22
12/31/1991,84.2438001,1424.79,353.15,3076.95296,1445.66,19.145,,104.2651195,1187.6998,2316.052735,5.93,417.09
1/31/1992,86.9787129,1523.84,354.1,3104.374,1408.5699,18.925,,105.8385167,1227.84,2235.213112,6.44,408.78
2/29/1992,87.5549468,1575.8,353.1,3106.484778,1361.11,18.69,,105.0167424,1229.84,2255.119777,6.58,412.7
3/31/1992,87.036741,1546.62,341.7,3136.911912,1237.27,19.465,,105.1119479,1171.7098,2226.500637,6.94,403.69
4/30/1992,87.3391583,1554.1801,336.35,3057.675787,1169.13,20.85,,102.6265818,1282.75,2229.626497,6.91,414.95
5/31/1992,88.1090668,1602.91,337.5,3130.341097,1231.72,22.11,,104.2100005,1311.7899,2287.911297,6.61,415.35
6/30/1992,88.0109063,1552.4,343.4,3187.459356,1109.6801,21.765,,104.8563962,1216.62,2332.665919,6.29,408.14
7/31/1992,88.0963279,1426.37,357.85,3282.280564,1046.6,21.785,,101.7747425,1143.1396,2416.892808,5.84,424.21
8/31/1992,89.5299949,1360.61,340,3343.669797,1179.95,21.48,,100.7124489,1096.9899,2447.668543,5.6,414.03
9/30/1992,93.0486166,1294.64,349,3346.783192,1107.41,21.725,,100.3967673,1206.1597,2505.202862,5.33,417.8
10/31/1992,96.3088273,1316.34,339.25,3385.815086,1080.78,20.68,,100.1362048,1256.6698,2442.977988,5.9,418.68
11/30/1992,97.7451824,1362.21,334.2,3422.453249,1122.86,19.905,,101.7847642,1313.0199,2431.011855,6.23,431.35
12/31/1992,99.7303505,1359.55,332.9,3461.901543,1105.29,19.485,,101.5993639,1363.7899,2488.55252,6.04,435.71
1/31/1993,100.922127,1383.12,330.45,3528.418,1095.02,20.265,,99.9257504,1364.33,2558.025617,5.57,438.78
2/28/1993,104.7257839,1482.21,327.6,3669.597368,1076.61,20.525,,101.6745262,1396.5299,2640.387952,5.21,443.38
3/31/1993,105.2152614,1477.88,337.8,3583.547588,1199.28,20.44,,106.4748907,1408.0699,2653.655901,5.24,451.67
4/30/1993,104.6094021,1419.58,354.3,3542.574271,1344.62,20.535,,105.6731596,1388.8796,2663.07269,5.14,440.19
5/31/1993,104.7487501,1408.41,377.45,3502.767313,1352.25,20.035,,104.5256821,1403.4198,2654.970984,5.37,450.19
6/30/1993,106.4367015,1464.9,378.45,3586.096386,1296.29,18.82,,103.7840809,1432.3099,2740.237298,5.05,450.53
7/31/1993,107.9906287,1553.59,401.75,3633.341163,1355.23,17.905,,109.8672151,1448.7599,2747.391779,5.16,448.13
8/31/1993,110.793664,1676.08,371.55,3710.188982,1380.92,18.29,,108.8299755,1537.2098,2839.517423,4.8,463.56
9/30/1993,112.1431066,1650.86,355.5,3803.283768,1358.54,18.715,,108.2938179,1506.5499,2863.034061,4.79,458.93
10/31/1993,114.5468755,1781.8101,369.6,3876.427153,1327.28,16.965,,109.4312738,1565.37,2869.510834,4.83,467.83
11/30/1993,115.9973489,1772.12,370.9,3956.832178,1132.46,15.535,,109.2308411,1556.4498,2798.363187,5.146,461.79
12/31/1993,117.7911351,1948.66,391.75,4054.648051,1189.4399,14.185,,113.3998424,1682.1698,2811.958568,5.204,466.45
1/31/1994,117.4136249,1872.05,377.9,3927.206759,1341.5601,15.225,,118.516,1745.9498,2852.886717,5.014,481.61
2/28/1994,113.4794563,1798.35,381.55,3842.405441,1344.13,14.495,,118.032,1675.4899,2772.983075,5.594,467.14
3/31/1994,112.5569862,1830.26,389.2,3802.791516,1304.11,14.775,,118.449,1561.9698,2663.959521,6.244,445.77
4/30/1994,110.9679347,1920.27,376.45,3824.40568,1326.02,16.915,,122.466,1580.4398,2623.384975,6.634,450.91
5/31/1994,109.5136161,1804.33,387.6,3846.050806,1372.99,18.295,,130.669,1501.2198,2617.987132,6.765,456.5
6/30/1994,109.235943,1716.89,388.25,3735.241088,1380.8,19.365,,135.203,1463.35,2601.651197,6.953,444.27
7/31/1994,110.4854102,1817.36,384,3716.232396,1356.4301,20.305,,138.671,1545.7399,2659.29649,6.726,458.26
8/31/1994,108.1822628,1873.28,385.75,3631.482092,1353.29,17.595,,131.927,1626.6396,2661.62681,6.793,475.49
9/30/1994,107.0718662,1703.03,394.85,3683.262494,1294.23,18.355,,131.65,1510.9698,2596.327789,7.276,462.69
10/31/1994,107.5286926,1749.21,383.85,3662.765578,1291.71,18.165,,132.867,1536.3099,2577.688371,7.469,472.35
11/30/1994,109.0276318,1729.25,383.1,3694.592047,1240.12,18.025,,131.852,1528.12,2576.099353,7.788,453.69
12/31/1994,108.2226545,1774.95,383.25,3735.323773,1269.71,17.765,,134.775,1521.4398,2606.003183,7.835,459.27
1/31/1995,110.113377,1703.25,374.9,3723.187885,1189.24,18.405,,133.694,1480.5599,2668.255646,7.529,470.42
2/28/1995,112.1028677,1768.0699,376.4,3805.943685,1087.87,18.515,,135.36,1487,2759.269692,7.05,487.39
3/31/1995,114.7466209,1615.74,392,4092.869768,1050.5,19.175,,137.567,1538.6396,2779.867196,7.063,500.71
4/30/1995,116.8708636,1688.28,389.75,4157.879947,1062.29,20.355,,140.586,1578.6698,2822.854352,6.862,514.71
5/31/1995,120.9395423,1731.83,384.3,4407.451119,996.76,18.875,,138.552,1632.5599,3002.819634,6.066,533.4
6/30/1995,118.2700953,1724.25,387.05,4428.193772,964.49,17.375,,134.265,1623.5099,3038.540685,5.97,544.75
7/31/1995,120.6132314,1832.79,383.35,4384.761676,1076.55,17.555,,135.978,1703.0199,3001.138197,6.154,562.06
8/31/1995,122.646801,1849.1,382.35,4300.726808,1177.85,17.895,,139.454,1719.4398,3054.981741,6.059,561.88
9/30/1995,124.1813798,1806.8199,384,4478.321544,1181.74,17.54,,138.426,1733.7299,3095.815684,5.986,584.41
10/31/1995,126.9636476,1789.71,382.65,4452.102665,1172.41,17.635,,139.852,1734.1396,3143.884833,5.794,581.5
11/30/1995,130.4333479,1851.5,387.8,4494.862093,1211.16,18.255,,142.101,1788.6,3223.186363,5.516,605.37
12/31/1995,132.7533326,1857.29,387,4418.428973,1277.5699,19.54,,150.148,1802.5699,3282.085612,5.392,615.93
1/31/1996,135.00434,2035.49,405.55,4397.133,1313.36,17.755,,152.011,1841.9598,3292.463743,5.236,636.02
2/29/1996,130.617712,2035.5,400.65,4264.112631,1276.38,19.515,,157.436,1840.7699,3181.046221,5.742,640.43
3/31/1996,130.998051,2043.72,396.35,4383.927114,1328.12,21.425,,166.914,1843.4398,3148.4952,6.086,645.5
4/30/1996,133.2929101,2055.8101,391.3,4294.277023,1403.5,21.165,,172.815,1914.61,3092.163102,6.383,654.17
5/31/1996,132.8949513,2064.8401,390.55,4381.998995,1376.26,19.765,,171.82,1885.7799,3066.763757,6.627,669.12
6/30/1996,131.9413023,2078.25,382,4386.247621,1407.79,20.835,,175.294,1856.33,3111.217495,6.462,670.63
7/31/1996,134.1648985,2003.64,385.3,4354.303523,1313.87,20.465,,172.169,1835.4398,3112.822618,6.558,639.95
8/31/1996,135.6256784,2060.6799,386.45,4495.113271,1275.35,22.25,,181.032,1915.9799,3094.422134,6.724,651.99
9/30/1996,138.7933825,2148.1799,379,4555.246688,1342.66,24.2,,183.076,1945,3166.942207,6.449,687.31
10/31/1996,139.9655267,2152.8999,379.5,4681.852948,1281.5699,23.25,,181.38,1956.8997,3266.892908,6.081,705.27
11/30/1996,143.5264169,2303.75,371.3,4731.148756,1289.25,23.7,,190.838,1985.1698,3359.684417,5.824,757.02
12/31/1996,143.6497831,2334.95,369.25,4689.357204,1231.5,25.9,,194.551,2013.6597,3286.39016,6.199,740.74
1/31/1997,145.149392,2453.25,345.5,4762.727,1184.15,24.15,,194.775,2087.6096,3279.997239,6.25,786.16
2/28/1997,148.9101182,2631.5901,358.6,4763.912083,1199.78,20.3,,191.378,2107.8601,3290.648863,6.368,790.82
3/31/1997,145.4355984,2767.0601,348.15,4819.426293,1188.36,20.35,,194.99,2099.7893,3223.329106,6.759,757.12
4/30/1997,146.4292259,2773.71,340.15,4807.677454,1266.78,20.2,,196.773,2135.3093,3289.235961,6.565,801.34
5/31/1997,145.8851333,2837.48,345.6,4738.116916,1327.64,21,,201.56,2200.9097,3319.687871,6.508,848.28
6/30/1997,149.902961,3021.6399,334.55,4814.694861,1366.35,19.785,,191.94,2184.5198,3377.230034,6.383,885.14
7/31/1997,151.6995213,3538.6201,326.35,4939.152909,1407.6899,20.185,,196.357,2295.1799,3519.55654,5.89,954.29
8/31/1997,150.1864196,3113.46,325.35,4995.611017,1275.11,19.66,,196.941,2276.72,3455.191773,6.213,899.47
9/30/1997,151.5387789,3322.1599,332.1,5030.256198,1246.4399,21.13,,200.176,2455.02,3529.873863,5.992,947.28
10/31/1997,150.2734829,2970.52,311.4,5127.385784,1180.1,21.1,,201.379,2293.8701,3621.734225,5.706,914.62
11/30/1997,151.7532698,3147.8301,296.8,5072.249277,1148.8199,19.13,,190.701,2288.6399,3633.995206,5.816,955.4
12/31/1997,154.7479465,3383.21,290.2,5124.871903,1068.52,17.65,,181.087,2411,3681.514758,5.705,970.43
1/31/1998,158.621673,3535.02,304.85,5034.614684,1149.33,17.21,,179.307,2536.6799,3759.904325,5.377,980.28
2/28/1998,160.1193081,3746.6101,297.4,5096.210977,1146.03,15.44,,169.299,2683.3999,3752.115244,5.587,1049.34
3/31/1998,160.5228383,4057.23,301,5117.615133,1140.96,15.75,,169.042,2781.6599,3755.759146,5.631,1101.75
4/30/1998,159.836956,4061.4199,310.7,5188.752465,1119.63,15.56,,164.654,2788.99,3770.71397,5.634,1111.75
5/31/1998,162.5813907,4397.8301,293.6,5325.456002,1131.2,15.21,,157.813,2802.1799,3822.385318,5.544,1090.8199
6/30/1998,164.4774979,4648.0698,296.3,5243.565306,1122.26,14.3,,152.576,2743.46,3874.453712,5.454,1133.84
7/31/1998,165.5001118,4626.4702,288.85,5278.368539,1175.09,14.27,,145.016,2734.72,3874.713268,5.499,1120.67
8/31/1998,170.248751,3806.54,273.4,5407.429852,1053.03,13.29,,136.198,2440.8401,4025.231302,4.891,957.28
9/30/1998,174.5717498,3522.76,293.85,5682.588824,1002.27,16.19,,146.46,2344.8201,4231.998187,4.224,1017.05
10/31/1998,174.2270036,3677.55,292.3,5651.029579,971.8,14.48,,140.748,2504.8501,4183.994405,4.229,1098.67
11/30/1998,175.9060769,3950.6001,294.7,5541.13694,1079.87,11.37,,127.904,2626.8601,4168.661258,4.498,1163.63
12/31/1998,178.962548,3933.96,287.8,5097.563339,1039.8101,12.14,,125.435,2673.9199,4213.586381,4.523,1229.23
1/31/1999,182.4743128,4057.4299,285.4,5110.56646,1060.9,12.81,,124.263,2695.9399,4226.727863,4.55,1279.64
2/28/1999,180.2320179,3857.97,287.05,5168.5671,1052.34,12.31,,118.819,2825.3899,4047.499725,5.205,1238.33
3/31/1999,180.3976026,3835.6599,279.45,5305.294671,1198.59,16.77,,134.406,2894.79,4077.481005,5.093,1286.37
4/30/1999,182.6664998,4229.9302,286.6,5473.585434,1254.0699,18.69,,137.884,3028.3999,4061.901055,5.218,1335.1801
5/31/1999,182.397872,3934.0601,268.6,5379.090967,1232.58,16.85,,131.492,2889.6499,3996.120173,5.571,1301.84
6/30/1999,175.4229057,4188.2998,261,5190.994922,1379.83,19.33,,140.245,2946.1699,3964.759972,5.657,1372.71
7/31/1999,172.7424065,3969.3899,255.6,5254.123811,1440.3,20.52,,141.844,2925.1399,3951.771522,5.793,1328.72
8/31/1999,170.1510924,4100.6602,254.8,5193.278849,1473.5601,22.15,,149.165,2939.1101,3953.762468,5.875,1320.41
9/30/1999,168.1532285,4006.4399,299,5354.221799,1536.42,24.54,,155.488,2826.1101,3996.942555,5.76,1282.71
10/31/1999,166.8436772,4298.6201,299.1,5263.558502,1567.45,21.79,,149.726,2904.3799,3981.270139,5.937,1362.9301
11/30/1999,168.3358431,4584.1299,291.35,5266.883436,1689.96,24.87,,153.938,3086.8999,3954.512054,6.096,1388.91
12/31/1999,168.1772433,5409.3301,290.25,5354.051191,1892.24,25.76,,157.69,3242.0601,3897.15859,6.342,1469.25
1/31/2000,164.7818352,5314.0698,283.3,5347.325,1867.49,27.65,,165.448,2975.8701,3853.049735,6.692,1394.46
2/29/2000,166.7979864,5939.29,293.65,5274.047642,1937.97,30.57,,170.202,2989.4299,3948.55124,6.593,1366.42
3/31/2000,169.717876,5904.71,276.75,5315.321347,1778.5699,26.86,,170.475,3110.5601,4084.723902,6.332,1498.58
4/30/2000,169.06931,5739.3999,275.05,5347.054871,1637.84,25.71,,168.259,3001.9199,4045.438172,6.552,1452.4301
5/31/2000,168.9471328,5467.5698,272.25,5398.051573,1509.17,29.03,,182.051,3017.23,4048.61803,6.532,1420.6
6/30/2000,170.4903343,5300.3398,288.15,5347.71789,1602.66,32.44,,187.763,3029.74,4148.192794,6.175,1454.6
7/31/2000,170.8807727,5519.1499,276.75,5403.676724,1432.92,27.5,,179.008,3062.4099,4165.973881,6.144,1430.83
8/31/2000,170.3800048,5539.4702,277,5305.774384,1522,33.09,,195.199,3207.99,4283.719467,5.975,1517.6801
9/30/2000,172.0744201,5218.27,273.65,5337.873244,1453.38,30.87,,192.633,3029.3601,4281.974165,5.833,1436.51
10/31/2000,172.9957029,5432.6699,264.5,5355.575496,1311.71,32.7,,190.534,3078.21,4312.21308,5.813,1429.4
11/30/2000,176.5548134,4888.2202,269.1,5470.249171,1289.01,33.61,,199.727,2945.0601,4427.015883,5.393,1314.95
12/31/2000,180.4379472,4934.8501,274.45,5448.157244,1222.25,26.72,,195.929,2983.8101,4568.113419,4.981,1320.28
1/31/2001,183.8248165,5212.04,264.5,5544.313761,1249.48,28.62,,195.569,3030.05,4479.040805,4.838,1366.01
2/28/2001,185.4141352,4757.29,266.7,5636.408215,1148.87,27.35,,193.501,2868,4592.969513,4.65,1239.9399
3/31/2001,187.7204749,4465.23,257.7,5657.733463,1207.9,26.37,,183.266,2711.3999,4608.241181,4.544,1160.33
4/30/2001,184.3581318,4769.96,263.15,5633.295832,1292.64,28.48,,189.615,2869.04,4480.045744,4.888,1249.46
5/31/2001,183.732129,4627.0601,267.5,5685.295938,1253.64,28.39,,183.677,2811.22,4472.522864,4.941,1255.8199
6/30/2001,186.7593176,4567.8901,270.6,5706.529443,1230.22,26.37,,174.898,2728.1201,4496.202349,4.93,1224.42
7/31/2001,188.8115405,4415.9102,265.9,5651.059337,1123.04,26.7,,173.86,2663.8999,4639.560604,4.506,1211.23
8/31/2001,191.6004243,3908.3799,273,5631.99794,1019.77,26.65,,172.84,2590.2,4738.935736,4.356,1133.58
9/30/2001,193.0851552,3245.6499,293.1,5618.281664,941.41,23.44,,158.326,2340.5,4851.138297,3.77,1040.9399
10/31/2001,199.2320928,3434.73,278.75,5685.821269,1005.7,21.2,92.683,150.902,2413.5,4984.762171,3.506,1059.78
11/30/2001,197.0649288,3759.27,275.5,5661.411963,1016.85,19.46,96.911,151.873,2514.1001,4819.469184,4.055,1139.45
12/31/2001,193.0447671,3887.48,276.5,5662.745243,991.97,19.96,97.15,147.966,2523.8999,4731.525372,4.333,1148.08
1/31/2002,191.9178695,3843.4099,282.3,5613.563901,934.08,19.71,92.77,145.613,2496,4751.516067,4.369,1130.2
2/28/2002,193.5859501,3791.8401,296.85,5595.361619,973.46,21.78,93.31,150.664,2467,4842.048972,4.178,1106.73
3/31/2002,190.0134021,4059.4199,301.4,5673.251371,1018.88,26.21,96.29,167.219,2557.3999,4663.928925,4.808,1147.39
4/30/2002,192.4251435,3778.8101,308.2,5690.022711,1061.4399,27.32,94.13,166.636,2512,4797.834898,4.413,1076.92
5/31/2002,193.2381398,3577.48,326.6,5686.307351,1100.0601,25.37,97.18,165.81,2475.6001,4829.407814,4.359,1067.14
6/30/2002,196.8652721,3245.8601,318.5,5728.764059,1005.81,26.79,97.62,169.245,2263.1001,4932.876277,4.058,989.82
7/31/2002,201.3018061,2739.51,304.65,5735.0657,932.12,27.02,89.71,169.776,2050.8,5089.075467,3.458,911.62
8/31/2002,203.4698418,2749.01,312.8,5871.813027,901.47,28.97,90.79,177.503,2046.2,5257.734733,3.208,916.07
9/30/2002,207.5415334,2050.26,323.7,5819.206737,852.83,30.59,83.37,182.865,1801.5,5491.490772,2.578,815.28
10/31/2002,205.1362756,2334.46,316.9,5920.001988,783.89,27.18,80.17,181.399,1938.7,5379.622641,2.743,885.76
11/30/2002,207.0144682,2458.45,319.05,6000.12358,835.49,26.87,84.85,182.818,2003,5276.068332,3.261,936.31
12/31/2002,211.1473643,2141.78,347.2,5977.431643,783.86,31.21,82.48,194.4,1893.7,5458.931277,2.73,879.82
1/31/2003,215.83357,2028.67,367.5,6090.822166,750.55,33.51,79.35,210.613,1722.3,5403.756008,2.957,855.7
2/28/2003,218.4550058,1879.17,347.45,6056.057364,747.1,36.76,80.96,221.967,1759.1,5550.796118,2.666,841.15
3/31/2003,216.4029775,1788,334.85,6103.893846,715.65,31.14,82.25,204.237,1735.7,5513.964496,2.738,848.18
4/30/2003,217.1369443,2150.6201,336.75,6157.28915,720.55,26.09,85.72,199.951,1891.5,5504.713647,2.768,916.92
5/31/2003,224.372128,2159.29,361.4,6205.114455,767.41,29.56,88.5,208.637,1968.8,5761.247604,2.271,963.59
6/30/2003,222.217231,2321.1899,346,6036.543013,824.1,30.15,88.53,208.875,1971.3,5697.854895,2.423,974.5
7/31/2003,216.6608487,2513.8301,354.75,5975.809246,865.53,30.56,93.78,211.422,2045.8,5291.876951,3.291,990.31
8/31/2003,217.5947352,2511.46,375.6,5712.742608,928.97,31.76,94.41,220.491,2064.7,5328.778345,3.447,1008.01
9/30/2003,222.0195794,2347.28,388,5771.264304,937.87,29.19,95.39,217.294,2027.7,5564.216616,2.823,995.97
10/31/2003,217.3618462,2635.01,386.25,5726.270755,973.99,29.24,96.91,223.718,2125.3999,5418.248902,3.247,1050.71
11/30/2003,215.7470799,2699.8401,398.35,5800.524425,917.66,30.33,96.8,249.88,2146.7,5433.422892,3.351,1058.2
12/31/2003,219.1244282,2857.8401,416.25,5796.589336,948.85,32.51,99.63,238.993,2207.3999,5483.91094,3.218,1111.92
1/31/2004,220.7798882,2917.8201,399.75,5829.257824,966.83,33.16,103.09,245.034,2187.1001,5552.475818,3.15,1131.13
2/29/2004,225.2748199,2889,395.85,5877.694859,990.3,36.08,103.59,263.286,2243.3999,5648.820378,2.945,1144.9399
3/31/2004,228.1952365,2772.9399,423.7,5773.869498,1076.53,35.75,107.12,267.626,2197,5727.610467,2.781,1126.21
4/30/2004,223.7402326,2835.8301,388.5,5729.222027,1091.23,37.31,93.03,265.627,2237.3,5443.634752,3.612,1107.3
5/31/2004,222.5824508,2775.98,393.25,5752.013742,1051.35,39.9,99.42,276.842,2201.8,5407.506344,3.8,1120.6801
6/30/2004,223.5601683,2861.1001,395.8,5621.756682,1103.37,36.92,101.11,262.601,2228.7,5445.937574,3.808,1140.84
7/31/2004,226.1428013,2750.1699,391.4,5594.990012,1043.85,43.72,100.08,273.359,2192.22,5519.804331,3.69,1101.72
8/31/2004,230.3758312,2672.23,407.25,5578.649509,1022.34,42.23,108.59,272.524,2214.1899,5708.106926,3.324,1104.24
9/30/2004,231.6981477,2748.25,415.65,5817.031272,1005.24,49.56,105.73,289.083,2271.6699,5723.128246,3.37,1114.58
10/31/2004,235.066996,2795.8,425.55,5803.215673,991.4,51.78,112.66,291.94,2297.6599,5784.7937,3.29,1130.2
11/30/2004,236.9488867,2912.8101,453.4,5831.291726,1006.04,49.16,114.86,292.21,2345.21,5660.948648,3.701,1173.8199
12/31/2004,239.7878845,3004.6499,435.6,5848.816657,1051.2,43.36,121.4,283.93,2410.75,5736.710414,3.607,1211.92
1/31/2005,243.2237378,2995.49,422.15,5908.554775,1051.16,48.25,110.81,285.678,2441.22,5803.625372,3.694,1181.27
2/28/2005,240.0828674,3063.0901,435.45,5836.058234,1072.3199,51.75,115.87,304.945,2495.46,5721.261944,3.995,1203.6
3/31/2005,243.144634,3061.74,427.5,5922.398718,1074.23,55.31,114.26,316.164,2457.73,5677.7737,4.174,1180.59
4/30/2005,248.2009393,2901.76,435.7,5971.701362,1031.66,49.2,119.15,296.687,2397.05,5833.671147,3.896,1156.85
5/31/2005,251.9117962,3069.2,414.45,5951.142783,1047.58,52.08,122.7,292.076,2483.3501,5954.318087,3.753,1191.5
6/30/2005,255.0375563,3154.4399,437.1,6022.152595,1083.84,56.63,126.93,300.004,2560.1699,6003.257506,3.725,1191.33
7/31/2005,253.4560058,3360.9299,429,5952.751429,1105.5,60.71,138.36,312.002,2644.75,5859.769574,4.125,1234.1801
8/31/2005,257.0116552,3321.8501,433.25,5953.953141,1157.92,68.63,130.92,329.415,2659.21,6005.432405,3.869,1220.33
9/30/2005,256.6431157,3469.3401,473.25,5875.631226,1253.0699,66.21,130.15,332.97,2745.79,5871.921201,4.195,1228.8101
10/31/2005,252.2133909,3390.21,470.75,5846.147973,1279.16,59.8,127.67,316.287,2664.3999,5785.214499,4.447,1207.01
11/30/2005,251.9188041,3572.02,495.65,5917.035542,1378.76,57.33,132.94,314.269,2741.05,5844.665532,4.425,1249.48
12/31/2005,255.4889813,3719.79,513,5902.931379,1498.6,61.06,130.33,331.832,2847.02,5913.888212,4.355,1248.29
1/31/2006,252.7333022,3893.6399,568.75,5862.747773,1535.5699,67.86,140.34,348.661,2928.5601,5869.111882,4.463,1280.08
2/28/2006,252.8595422,3977.27,556,5859.914056,1470.4301,61.37,143.25,324.356,2956.1201,5881.817143,4.601,1280.66
3/31/2006,248.002175,4096.7998,582,5768.78453,1553.6899,66.25,148.47,333.181,3047.96,5759.368214,4.814,1294.83
4/30/2006,245.8377697,4104.5498,644,5700.45075,1526.41,71.8,143,349.886,3074.26,5686.648225,4.92,1310.61
5/31/2006,246.8408023,3830.3,653,5765.984893,1408.3101,71.42,139.82,344.867,2916.8501,5687.992102,5.03,1270.09
6/30/2006,245.1089288,3815.6299,613.5,5718.278564,1401.95,73.94,146.39,346.388,2967.5801,5698.645306,5.098,1270.2
7/31/2006,248.6844423,3814.74,632.5,5722.365559,1368.23,74.56,153.47,349.833,3004.28,5796.482348,4.905,1276.66
8/31/2006,252.8914082,3933.97,623.5,5788.194594,1427.22,70.38,157.35,329.025,3007.51,5937.98766,4.692,1303.8199
9/30/2006,254.490846,4031.1599,599.25,5771.189067,1423.46,62.9,161.92,305.583,3050.4399,6009.380095,4.587,1335.85
10/31/2006,254.6686208,4208.7998,603.75,5858.233415,1419.02,58.72,173.57,305.874,3140.47,6047.142857,4.568,1377.9399
11/30/2006,256.4815024,4235.8398,646.7,5903.529817,1399.98,62.97,181.83,321.534,3119.8501,6143.914677,4.442,1400.63
12/31/2006,251.4070829,4429.0098,632,5895.850145,1468.09,60.85,178.4,307.259,3221.4199,6044.309533,4.701,1418.3
1/31/2007,249.8531647,4547.2798,650.5,5893.600481,1485.35,58.17,196.34,301.215,3211.8401,6010.063865,4.819,1438.24
2/28/2007,253.5046837,4498.2202,664.2,5939.078279,1479.77,61.78,188.94,312.386,3198.28,6166.153079,4.503,1406.8199
3/31/2007,252.3324337,4633.2598,661.75,5936.560263,1457.25,65.94,182.2,316.883,3283.21,6145.072076,4.537,1420.86
4/30/2007,251.3881804,4916.0298,677,5960.754587,1456.47,65.78,180.64,312.712,3355.6001,6178.781088,4.516,1482.37
5/31/2007,247.1299784,5156.2402,659.1,5899.842037,1483.72,64.02,182.19,311.457,3438.7,6070.081887,4.853,1530.62
6/30/2007,245.125469,5237.9702,650.5,5850.704545,1515.16,70.47,162.67,315.744,3404.1399,6032.001833,4.936,1503.35
7/31/2007,250.754758,4961.1499,665.5,5896.582438,1462.08,78.2,151.67,324.096,3289.1201,6179.386365,4.602,1455.27
8/31/2007,253.0526377,4996.5,672,6006.645072,1390.67,73.98,160.54,308.76,3260.48,6324.461816,4.251,1473.99
9/30/2007,251.9515168,5142.6001,743,5977.142188,1396.5699,81.64,168.17,333.671,3316.8899,6322.96974,4.229,1526.75
10/31/2007,254.0653448,5245.77,789.5,6023.124573,1423.6899,94.16,169.9,351.009,3454.1201,6403.453293,4.167,1549.38
11/30/2007,257.6073269,5148.5,783.5,6101.848282,1350.03,88.6,152.71,339.844,3280.8701,6697.255181,3.418,1481.14
12/31/2007,255.2522033,5277.23,833.75,6092.971017,1309.21,95.95,142.93,358.713,3286.6699,6681.457823,3.455,1468.36
1/31/2008,264.2033859,4470.8901,923.25,6133.533742,1165.37,91.67,142.21,369.46,3000.1,6908.168724,2.826,1378.55
2/29/2008,266.3347757,4402.6499,971.5,6190.715559,1151.29,101.78,135.7,412.759,3013.02,7008.721035,2.509,1330.63
3/31/2008,266.5577084,4263.6499,933.5,6242.395617,1070.53,101.54,145.83,386.89,2927.05,7075.341251,2.467,1322.7
4/30/2008,262.799313,4474.54,871,6056.021989,1181.95,113.7,153.41,409.271,3099.94,6913.252017,3.033,1385.59
5/31/2008,256.9174494,4489.8901,885.75,6004.864012,1214.65,127.35,153.96,422.171,3082.26,6773.910335,3.407,1400.38
6/30/2008,254.2435603,4058.45,930.25,6089.372632,1140.04,139.96,136.88,462.739,2855.69,6835.426676,3.341,1280
7/31/2008,260.7085157,4097.1802,918,6130.343643,1113.91,124.17,139.92,416.398,2749.21,6858.15447,3.266,1267.38
8/31/2008,265.612969,4060.97,833,6204.58606,1080.58,115.55,142.09,391.713,2868.69,6970.754394,3.089,1282.83
9/30/2008,269.293915,3687.0901,884.5,6178.602929,949.88,100.7,139.14,345.533,2483.67,6981.666589,2.986,1166.36
10/31/2008,273.0016721,3154.01,730.75,6180.681338,756.57,68.1,94.87,268.393,2183.69,6913.867048,2.821,968.75
11/30/2008,288.4688205,2952.6001,812.5,6238.492155,738.57,55.21,70.57,244.94,2133.99,7575.745612,1.944,896.24
12/31/2008,296.5452401,3041.6001,869.75,6370.364153,764.25,39.25,80.1,229.543,2209.29,8033.038438,1.551,903.25
1/31/2009,288.80432,2730.97,919.5,6313.931318,697.17,41.73,64.92,220.369,2078.92,7646.118623,1.873,825.88
2/28/2009,294.2037038,2419.3101,952,6332.079811,666.35,44.15,49.86,211.566,1929.75,7567.223048,2.02,735.09
3/31/2009,298.174718,2570.99,916.5,6287.779092,701.89,49.67,50.67,220.399,1984.17,7789.206664,1.675,797.87
4/30/2009,294.4780139,2955.3301,883.25,6255.504554,745.94,50.35,67.87,222.388,2173.06,7513.546289,2.017,872.81
5/31/2009,285.1621943,2989.3501,975.5,6223.783068,804.65,66.31,67.82,253.052,2252.64,7338.179128,2.347,919.14
6/30/2009,291.0265538,2909.05,934.5,6315.949423,849.96,69.82,65.71,249.965,2172.08,7322.197101,2.558,919.32
7/31/2009,294.2749252,3225.75,939,6227.403314,876.23,69.26,72.51,257.449,2353.47,7349.93992,2.533,987.48
8/31/2009,295.8144075,3305.8799,948.5,6353.833442,891.17,69.97,80.62,253.678,2520.66,7446.633567,2.39,1020.62
9/30/2009,297.1081607,3433.26,995.75,6366.482357,858.49,70.46,86.67,259.387,2634.79,7524.824188,2.318,1057.08
10/31/2009,298.1551885,3275.8501,1040,6305.124791,841.13,77.04,83.71,270.376,2584.59,7482.00081,2.322,1036.19
11/30/2009,300.6977147,3403.48,1175.75,6403.880279,790.07,77.19,89.91,277.396,2648.43,7631.407843,2.006,1095.63
12/31/2009,295.3008462,3604.02,1100,6393.358459,859.12,79.39,95.05,283.381,2760.8,7249.327033,2.686,1115.1
1/31/2010,301.588967,3383.8101,1078.5,6377.291538,853.01,72.85,89.03,265.585,2660.49,7408.555212,2.348,1073.87
2/28/2010,304.4044236,3377.8201,1108.25,6395.830961,840.33,79.72,93.91,274.774,2736.8,7443.509868,2.284,1104.49
3/31/2010,305.4445723,3712.1799,1115.5,6345.620363,932.47,83.45,103.79,273.343,2910.19,7322.683869,2.56,1169.43
4/30/2010,308.018889,3667.73,1179.25,6421.856397,950.79,86.07,110.38,277.71,2863.35,7439.453426,2.42,1186.69
5/31/2010,318.2037245,3498.76,1207.5,6440.315105,842.68,74,104.45,254.798,2673.17,7705.725852,2.097,1089.41
6/30/2010,321.0493036,3497.52,1244,6552.273707,816.45,75.59,99.34,258.518,2543.47,7953.166618,1.795,1030.71
7/31/2010,319.3277824,3604.49,1169,6570.034543,815.29,78.85,109.64,274.35,2715.36,7993.222065,1.598,1101.6
8/31/2010,335.4234348,3473.8999,1246,6629.371994,763.43,71.93,108.67,264.186,2696.72,8340.703472,1.342,1049.33
9/30/2010,330.9685466,3652,1307,6658.727398,792.2,79.95,112.1,286.858,2867.58,8315.07748,1.281,1141.2
10/31/2010,325.5402873,3870.3101,1346.75,6675.95912,778.61,81.45,116.88,300.672,2936.15,8261.693854,1.179,1183.26
11/30/2010,321.6158768,3921.3899,1383.5,6514.875218,829.24,84.12,115.32,301.408,2861.61,8153.618603,1.464,1180.55
12/31/2010,315.1563455,4053.71,1405.5,6568.454554,865.45,91.38,121.03,332.803,3062.85,7786.592229,2.016,1257.64
1/31/2011,310.2040987,4136.1099,1327,6515.76,870.09,90.99,127.46,341.424,3044.27,7742.789157,1.952,1286.12
2/28/2011,311.0235545,4249.0698,1411,6498.497327,905.44,97.1,132.79,352.58,3106.58,7804.721601,2.137,1327.22
3/31/2011,306.7152733,4114.0298,1439,6511.289852,846.2,106.19,130.8,359.432,3067.73,7800.545408,2.225,1325.83
4/30/2011,310.9092448,4360.0698,1535.5,6548.038453,841.78,113.39,136.88,370.561,3155.03,7916.226609,1.975,1363.61
5/31/2011,317.235127,4138.3301,1536.5,6578.691041,833.47,102.7,137.76,350.061,3121.07,8184.373217,1.688,1345.2
6/30/2011,318.5657649,4184.2998,1505.5,6597.150465,845.71,95.3,134.06,338.047,3096.72,8025.409978,1.754,1320.64
7/31/2011,332.1394184,4061.01,1628.5,6639.897448,835.48,95.68,135.32,342.082,3026.02,8325.211808,1.373,1292.28
8/31/2011,341.0342093,3281.6499,1813.5,6676.467672,775.27,88.81,128.42,342.567,2800.51,8837.188355,0.952,1218.89
9/30/2011,352.1855591,3121.22,1620,6682.198306,770.3,81.87,114.72,298.15,2690.44,9029.996852,0.965,1131.42
10/31/2011,343.9412845,3483.8999,1722,6681.792263,775.54,93.19,132.3,319.839,2860.86,8974.604016,1.011,1253.3
11/30/2011,341.9737356,3454.1201,1746,6669.179111,738.74,100.36,125.08,313.823,2835.84,8912.629895,0.952,1246.96
12/31/2011,355.8526361,3346.0601,1570,6730.552818,738.76,98.83,131.89,305.295,2857.88,9099.022904,0.83,1257.6
1/31/2012,357.601,3649.71,1744,6742.243805,758.4,98.46,139.35,312.314,2932.91,9160.635113,0.711,1312.41
2/29/2012,357.194698,3874.5901,1770,6747.693785,826.98,107.08,137.1,322.43,3071.62,9052.279034,0.875,1365.68
3/31/2012,357.7364433,3924.79,1662.5,6728.367698,856.34,103.03,143.47,308.457,3002.78,8867.03995,1.043,1408.47
4/30/2012,363.3382009,3765.6499,1651.25,6808.732521,818.79,104.89,147.14,305.946,2984.67,9084.065203,0.811,1397.91
5/31/2012,378.5226109,3429.1201,1558,6851.497844,741.78,86.52,140.8,272.97,2760.62,9422.62484,0.671,1310.33
6/30/2012,366.129995,3507.4399,1598.5,6849.930828,788.79,85.04,148.78,284.19,2891.45,9367.613137,0.729,1362.16
7/31/2012,376.4140777,3702.04,1622,6880.005144,766.91,88.08,152.79,299.509,2927.27,9516.375,0.599,1379.32
8/31/2012,375.8281765,3810.5601,1648.5,6878.258289,776.22,96.47,151.16,309.586,2972.63,9477.133229,0.596,1406.58
9/30/2012,371.9676493,3944.6899,1776,6908.290317,782.25,92.18,148.88,309.298,2998.86,9421.632348,0.63,1440.67
10/31/2012,372.4202099,3969.01,1719,6906.36225,785.41,86.23,149.24,295.845,3024.4,9375.53813,0.715,1412.16
11/30/2012,375.8357532,4048.2,1726,6955.540284,813.99,88.54,148.24,298.979,3066.4,9473.580169,0.614,1416.18
12/31/2012,377.9238524,4161.2998,1662,6908.577872,870.07,91.83,151.91,295.006,3093.41,9351.226432,0.725,1426.19
1/31/2013,366.2399015,4235.7598,1677.5,6938.630687,942.3,97.65,156.88,303.988,3287.38,9166.102226,0.881,1498.11
2/28/2013,374.2359549,4217.21,1588.5,6994.315364,981.25,92.03,157.34,292.946,3349.39,9288.908241,0.769,1514.68
3/31/2013,380.3364102,4245.47,1598.25,7095.665627,1066.1,97.24,160.3,296.392,3380.64,9320.20817,0.769,1569.19
4/30/2013,383.4374497,4251.86,1469,7040.07275,1175.49,93.22,171.77,288.134,3390.18,9478.004262,0.678,1597.57
5/31/2013,373.1702399,4419.52,1394.5,6877.015361,1151.14,91.93,163.14,281.852,3473.82,9108.764491,1.053,1630.74
6/30/2013,367.1467784,4209.43,1192,6888.33521,1156.87,96.36,157.54,275.62,3289.71,8837.188353,1.385,1606.28
7/31/2013,369.6153052,4376.95,1314.5,6931.436285,1156.87,105.1,156.34,283.943,3509.94,8793.012332,1.391,1685.73
8/31/2013,364.0191665,4285.55,1394.75,6980.902144,1130.31,107.98,146.6,291.162,3410.43,8672.423349,1.601,1632.97
9/30/2013,367.1463779,4545.36,1326.5,7010.931275,1226.98,102.36,151.21,285.541,3443.85,8801.158352,1.388,1681.55
10/31/2013,371.2532642,4777.81,1324,7073.384603,1239.43,96.29,156.49,277.863,3585.32,8875.53386,1.315,1756.54
11/30/2013,370.7932294,4974.22,1245,7070.400726,1307.67,92.55,148.36,274.882,3548.45,8753.549684,1.367,1805.81
12/31/2013,363.5963612,5051.89,1201.5,6989.774791,1345.85,98.17,149.54,280.172,3609.63,8551.18826,1.748,1848.36
1/31/2014,373.2256719,4907.42,1251,7065.320882,1272.32,97.55,153.91,283.312,3496.51,8858.489283,1.51,1782.59
2/28/2014,374.7268317,5110.05,1326.5,7095.142479,1265.5,102.88,159.57,302.426,3666.66,8886.083661,1.511,1859.45
3/31/2014,376.8859569,5037.49,1291.75,7059.482313,1269.27,101.57,159.98,304.666,3555.59,8850.633888,1.732,1872.34
4/30/2014,381.0458473,5030.34,1288.5,7082.861754,1225.49,100.07,165.86,309.528,3619.83,8918.122106,1.681,1883.95
5/31/2014,385.2205335,5115.54,1250.5,7112.700179,1270.31,103.4,170.63,305.481,3655.01,9090.133422,1.528,1923.57
6/30/2014,389.4094888,5058.86,1315,7122.70226,1327.47,106.07,170.2,308.224,3600.19,9068.51247,1.625,1960.23
7/31/2014,391.8811593,4839.91,1285.25,7145.827156,1359.88,98.23,171.04,294.433,3585.62,9047.340649,1.763,1930.67
8/31/2014,402.7950289,4872.16,1285.75,7175.469082,1345.96,97.86,176.6,292.746,3639.54,9254.207579,1.628,2003.37
9/30/2014,400.9622348,4874.28,1216.5,7165.226988,1406.1,91.17,167.14,278.546,3533.93,9133.120798,1.78,1972.29
10/31/2014,404.8420427,4798.44,1164.25,7201.475638,1430.09,80.53,181.95,271.961,3503.46,9291.802296,1.613,2018.05
11/30/2014,410.5423709,5134.89,1182.75,7237.619124,1505.74,65.94,187.73,254.367,3593.32,9452.163541,1.511,2067.56
12/31/2014,416.6485827,5044.71,1199.25,7300.576327,1514.02,53.45,188.5,229.958,3532.74,9477.788281,1.653,2058.9
1/31/2015,423.92728,5486.32,1260.25,7329.62,1539.14,47.79,199.9,218.8402,3621.81,9920.42923,1.187,1994.99
2/28/2015,423.6509989,5847.48,1214,7269.388848,1657.89,49.84,193.4,224.0779,3744.26,9627.840039,1.505,2104.5
3/31/2015,431.2039159,6137.77,1187,7300.564449,1715.6,47.72,193.47,211.8596,3663.58,9722.045503,1.375,2067.89
4/30/2015,417.6111695,5847.84,1180.25,7284.727174,1735.72,59.62,183.99,229.4856,3760.06,9642.470412,1.442,2085.51
5/31/2015,417.2401634,5726.71,1191.4,7253.33133,1815.22,60.25,182.76,223.1754,3797.12,9598.742751,1.467,2107.39
6/30/2015,405.9514514,5491.63,1171,7210.129267,1800.34,59.48,174.18,227.1702,3570.58,9420.49164,1.628,2063.11
7/31/2015,412.7833443,5674.27,1098.4,7267.636229,1840.74,47.11,183.7,202.572,3652.79,9565.98976,1.548,2103.84
8/31/2015,407.3723617,5147.68,1127,7278.293,1702.89,49.2,174.19,202.0906,3434.66,9574.982507,1.541,1972.18
9/30/2015,417.6693936,4847.12,1114,7307.485111,1573.73,45.06,177.35,193.7648,3335.92,9721.927809,1.375,1920.03
10/31/2015,417.4261564,5444.06,1142.35,7337.94776,1730.8,46.6,189.22,195.6069,3484.6,9652.046157,1.528,2079.36
11/30/2015,421.2569187,5711.03,1061.9,7326.681267,1797.89,40.43,187.36,182.5396,3492.13,9626.380109,1.654,2080.41
12/31/2015,414.9176566,5390.31,1062.25,7366.822872,1753.63,37.13,190.83,176.1439,3444.26,9592.649129,1.758,2043.94
1/31/2016,425.9578092,4899.58,1114,7510.451472,1633.08,33.66,182.59,166.7525,3335.9,9898.219174,1.335,1940.24
2/29/2016,431.1820827,4746.42,1234.9,7569.210608,1525.15,32.74,180.41,163.2157,3345.84,10093.37748,1.22,1932.23
3/31/2016,434.7823125,4980.74,1237,7568.964609,1589.61,36.94,198.59,170.5209,3395.19,10071.84187,1.224,2059.74
4/30/2016,429.6094415,4985.22,1285.65,7568.497856,1582.99,45.98,193.88,184.6109,3421.7,10041.7044,1.279,2065.3
5/31/2016,435.6310028,5002.74,1212.1,7567.791463,1629.96,49.1,196.47,186.1531,3429.77,10048.01585,1.359,2096.95
6/30/2016,441.4208693,4713.91,1320.75,7566.372502,1513.06,48.27,208.63,192.574,3515.45,10384.41476,1.011,2098.86
7/31/2016,441.3951197,5031.51,1342,7565.300599,1588.82,41.54,214.45,181.0139,3653.83,10425.38459,1.033,2173.6
8/31/2016,441.37305,5155.93,1309.25,7564.947552,1548.95,44.68,206,180.2067,3697.19,10326.13433,1.18,2170.95
9/30/2016,441.3281771,5116.12,1322.5,7564.449526,1571.6,48.11,197.68,186.3155,3755.34,10321.18082,1.156,2168.27
10/31/2016,434.4155907,5191.07,1272,7564.11543,1651.09,46.83,,186.2759,3768.14,10114.92864,1.313,2126.15
11/30/2016,429.5418732,5179.04,1178.1,7536.044984,1701.11,49.41,197.68,189.3122,3692.4,9662.161871,1.834,2198.81
12/31/2016,432.7295519,5588.27,1159.1,7523.399639,1744.48,53.75,189.02,192.5115,3873.22,9612.552993,1.934,2238.83
1/31/2017,423.2842829,5614.3,1212.8,7491.745013,1745.48,52.75,,192.0354,3858.26,9632.178691,1.908,2278.87
2/28/2017,432.9199132,5740.6,1255.6,7512.163084,1762.52,54,,190.6208,3953.4199,9727.944415,1.88,2363.64
3/31/2017,427.9976778,5953.44,1244.85,7506.162413,1759.82,50.54,194.85,185.883,3990,9713.103429,1.929,2362.72
4/30/2017,428.4045534,6004.37,1266.45,7547.883267,1789.65,49.31,197.18,181.7253,3962.49,9826.466496,1.816,2384.2
5/31/2017,429.0997147,5990.58,1266.2,7528.007935,1880.47,48.29,197.99,179.7724,4116.0801,9914.313619,1.748,2411.8
6/30/2017,422.6225246,5841.44,1242.25,7499.851729,1910.07,46.02,201.79,174.776,4002.1799,9846.130271,1.885,2423.41
7/31/2017,419.6138203,5743.4,1267.55,7501.776011,1918.01,50.21,,182.6423,4046.2,9873.706379,1.832,2470.3
8/31/2017,427.5409992,5713.82,1311.75,7556.371807,1936.2,47.26,203.75,180.857,4072.98,10049.60252,1.707,2471.65
9/30/2017,423.0636206,6080.19,1283.1,7513.644066,2007.23,51.67,199.73,183.0882,4049.8899,9884.171367,1.928,2519.36
10/31/2017,427.5038579,6270.1,1270.15,7510.487803,2121.2,54.36,200.97,187.5576,4117.6899,9860.222701,2.01,2575.26
11/30/2017,427.2203313,6172.66,1280.2,7534.382702,2193.7,57.4,206.06,189.1714,4033.8401,9845.351716,2.144,2647.58
12/31/2017,425.2110198,6122.26,1296.5,7526.058864,2208.29,60.46,203.96,193.8647,4221.8198,9882.4377,2.206,2673.61
1/31/2018,414.1768128,6250.68,1345.05,7492.989419,127.39,64.82,199.69,197.3757,4137.6602,9630.008376,2.524,2823.81
2/28/2018,416.3025173,5875.6,1317.85,7526.943199,127.07,61.43,185.38,193.95,3981.6101,9526.894833,2.65,2713.83
3/31/2018,422.9320113,5715.45,1323.85,7527.949686,131.3,64.87,191.54,195.36,3894.1699,9658.114315,2.562,2640.87
4/30/2018,420.5002037,5916.24,1313.2,7532.510023,119.9,68.56,190.23,201.98,4127.6802,9505.293466,2.789,2648.05
5/31/2018,429.1122598,5804.98,1305.35,7535.610484,111.35,66.98,193.98,202.84,4222.2002,9628.389041,2.664,2705.27
6/30/2018,431.3615937,5668.6,1250.45,7539.399999,107.06,74.13,201.54,200.39,4202.25,9634.353112,2.731,2718.37
7/31/2018,425.6300939,5898.69,1220.95,7495.533785,106.76,69.88,,194.53,4253.3101,9565.519664,2.848,2816.29
8/31/2018,430.589336,5695.34,1202.45,7486.910307,113.59,69.84,208.13,192.96,4106.1401,9672.6563,2.735,2901.52
9/30/2018,424.7547709,5641.29,1187.25,7472.02112,116.09,73.16,201.85,195.16,4127.9102,9537.304608,2.948,2913.98
10/31/2018,428.5513962,5273.14,1214.95,7464.349667,101.71,65.31,198.66,190.97,3904.23,9479.14911,2.987,2711.74
11/30/2018,431.7673761,5185.5,1217.55,7504.123228,101.67,50.78,209.07,181.74,3823.3401,9619.917841,2.845,2760.17
12/31/2018,434.6456216,4862.74,1281.65,7574.017958,103.99,45.15,192.54,169.8,3675.0601,9915.694118,2.51,2506.85
1/31/2019,438.9625666,5128.61,1323.25,7573.980088,102.81,53.84,213.05,179.64,3825.6201,9989.934033,2.44,2704.1
2/28/2019,,5186.82,1316.55,,1971.78,54.4,216.8,181.33,3954.5601,,2.468,2775.6
