,all-weather (star) MC_Iter_0,all-weather (star) MC_Iter_1,all-weather (star) MC_Iter_2,all-weather (star) MC_Iter_3,all-weather (star) MC_Iter_4,all-weather (star) MC_Iter_5,all-weather (star) MC_Iter_6,all-weather (star) MC_Iter_7,all-weather (star) MC_Iter_8,all-weather (star) MC_Iter_9
2019-03-31,1.0,1.0,1.0,1.0,1.0,1.0,1.0,1.0,1.0,1.0
2019-04-30,1.0,1.0,1.0,1.0,1.0,1.0,1.0,1.0,1.0,1.0
2019-05-31,1.0,1.0,1.0,1.0,1.0,1.0,1.0,1.0,1.0,1.0
2019-06-30,1.0,1.0,1.0,1.0,1.0,1.0,1.0,1.0,1.0,1.0
2019-07-31,1.0,1.0,1.0,1.0,1.0,1.0,1.0,1.0,1.0,1.0
2019-08-31,1.0,1.0,1.0,1.0,1.0,1.0,1.0,1.0,1.0,1.0
2019-09-30,1.0,1.0,1.0,1.0,1.0,1.0,1.0,1.0,1.0,1.0
2019-10-31,1.0,1.0,1.0,1.0,1.0,1.0,1.0,1.0,1.0,1.0
2019-11-30,1.0,1.0,1.0,1.0,1.0,1.0,1.0,1.0,1.0,1.0
2019-12-31,1.0,1.0,1.0,1.0,1.0,1.0,1.0,1.0,1.0,1.0
2020-01-31,1.014407378137515,0.9961760546414882,0.9996713512995233,1.0052880113359206,0.9969227882279299,1.00301728068653,0.9999558719655112,1.0013784781520791,1.0058812175046346,0.9937391221470067
2020-02-29,1.020526837481671,0.9914573358268179,0.995259892444283,1.0044683721745038,1.0102506263984183,1.0011029796071345,1.012228257506746,0.9965533374191671,0.9934784166201833,0.9940001164852748
2020-03-31,1.0251449622639988,0.9901409513942283,0.999655905112264,0.9989136566426485,1.005016169080667,0.9951879128841581,1.0040890148670611,1.0036515452840775,0.9883084586406093,1.0041469926629714
2020-04-30,1.0213019063964834,0.993735286530373,0.998082590477052,0.9956261870157409,1.0119205814149268,0.9897320440028707,1.0068730264725925,1.0030743730131504,0.9860909850296242,1.0032635215458154
2020-05-31,1.0280707784874816,0.9987321764594135,0.9986469781730403,0.9992894412851183,1.0157574186866458,0.9837817456213579,1.0108263616876048,1.0032793375804623,0.9927729070879859,0.9976728712040451
2020-06-30,1.0454800559268724,1.0023033414923808,0.9970691958818716,1.0091532301902748,1.0323402738663447,0.9983688263109542,1.0050783058068609,1.0054366432049628,0.992168775436254,0.9964593971253577
2020-07-31,1.0496422785939095,1.0106639055398607,1.0056092657473208,1.0055182080488465,1.0356805833299152,0.9990836281029388,1.004268243259378,0.9993270811410866,0.9824003567299631,0.9954544706534895
2020-08-31,1.0398929169724567,1.0078484687544982,0.9912765886496148,1.0162252445846203,1.0517117788300019,0.9978831243164126,1.0082492950408641,1.0027547153224932,0.9687097875216535,0.9914827514889825
2020-09-30,1.032714582347174,1.0077863505390123,0.9855548799085649,1.0104829306193905,1.0592577421709897,0.9926756427733575,1.0075371411340646,0.9979954635268936,0.9684540460316976,0.986813032962182
2020-10-31,1.032352188989985,1.0100067581137517,0.9823618093089743,1.0092757893917106,1.0672723677040485,0.9912438254458542,1.0107771835373107,0.9982174332566844,0.9765921530547657,0.9804257267126316
2020-11-30,1.0284435066536373,1.018862439646798,0.9809705939252198,1.0032441257670213,1.0690517311427787,0.993465296269266,1.0174361909918037,0.9985736797045317,0.9758386173242326,0.9837853905805064
2020-12-31,1.023523098927965,1.0111355572233258,0.99072104221065,0.9994901634981346,1.0757101408175584,0.9946200309510993,1.021302194834084,0.9950730554178338,0.9777509511181167,0.991764043570815
2021-01-31,1.028342033416088,1.0130113123446085,0.9890118917014183,0.9968316029420082,1.078512245898123,0.9933016452538596,1.0192297759094509,1.0038051803645345,0.9701701326344696,0.9904156784248347
2021-02-28,1.0232190677438902,1.0005234968901597,0.9941954446701521,0.9923873753842316,1.0769791208804862,1.000168759125398,1.0292546026784037,1.001298707968158,0.9598479737042627,0.9898507418216997
2021-03-31,1.0304437997745484,0.9935818667875587,0.9883056733773733,0.9946076953196492,1.0876469450522674,0.9965057258466772,1.0325316033899032,1.0046019980781633,0.9648444329682161,0.9975909659308426
2021-04-30,1.0293123218599438,1.0044350348842113,0.9894367237605799,0.9903715624763644,1.0797983835022535,0.9918612929920271,1.0289003895190107,0.9937790925560772,0.9669028970306314,0.9953611708247035
2021-05-31,1.0361758767252744,1.0072682406762548,0.9913070449466022,0.9865518794754263,1.0730427918153818,0.996435209257054,1.0270584830866625,0.9878179861498444,0.9680374751074897,0.9993233226409357
2021-06-30,1.0353461652133538,1.0103641859066916,0.9966963016852449,0.9858426403514684,1.0738123906233266,0.9873372882964042,1.0247924835877673,0.9878813772735691,0.9699388327690881,0.9942521264554236
2021-07-31,1.0236126196993638,1.0077409811314177,0.9922302506522258,0.9807636900754737,1.0640437625842691,0.9937952822240674,1.0351181373202984,0.9847713215501287,0.9660668154758671,0.9918778629432319
2021-08-31,1.017882541045821,1.0056082719560804,0.9900690191991723,0.9783654563273203,1.0676846227487378,1.002299111695765,1.027631050255085,0.9805869883618336,0.960040113877082,0.993717365512987
2021-09-30,1.0169298661206188,1.0130829801364252,0.9928936264862366,0.9784542206296397,1.0572499628726217,1.0167409156304574,1.0153950982431204,0.9923385517782286,0.9613328534956337,0.9891455274483989
2021-10-31,1.0042651557370068,1.0096870557663213,0.9905025058830291,0.9690658370379619,1.0607017736056559,1.0172450118645173,1.0181692824987105,0.9881999900584706,0.9572306789366141,0.9818034814014265
2021-11-30,1.0097551924435617,1.0153186204216662,0.9924459951851039,0.9639095777359574,1.0736697186610673,1.0213564003239863,1.0244822730219332,0.9867653702656576,0.9582097845422288,0.9869006077843941
2021-12-31,1.0098003887254245,1.0184346683937413,0.9937112070727441,0.9596005522111448,1.0760753451732545,1.020005310119099,1.0236856794376756,0.9800158141106977,0.9743133721688348,0.9890269055743364
2022-01-31,0.9994137739683884,1.024680970233868,0.9952123183763972,0.9602916111775657,1.074029424653566,1.0262520966636375,1.016076187016306,0.9707197662150371,0.9716231568704806,0.9916290924587158
2022-02-28,1.0042403322808173,1.0256788671680752,1.003077319863971,0.9609192185069212,1.071393529523196,1.0231252429518,1.028303681901003,0.9727969407379542,0.971633074549784,0.991894601205343
2022-03-31,0.9979902406631784,1.0314059338748267,1.005551123544401,0.9659319090191831,1.064135729702822,1.0285867725756173,1.0342059810954118,0.9758023179158946,0.9724143481291748,0.9894876730394186
2022-04-30,0.996165075412677,1.033576522300495,0.9944739113392841,0.9723233480662268,1.082027587656786,1.039960962972646,1.0377202420459817,0.9706903738428703,0.9678540534596203,0.9779283715068432
2022-05-31,0.9873287173708524,1.0276127349321322,0.9882466851080356,0.9753772157195695,1.0881026081410683,1.0479853866410178,1.043450396356046,0.9735444853313734,0.9658025984910378,0.9739091006103235
2022-06-30,0.988019750708544,1.0343916374088147,0.9957554766402803,0.9806401197372647,1.0955319670902814,1.048925338123775,1.0403771527551327,0.9777317698577592,0.9590348043721163,0.9675634533898841
2022-07-31,0.9938148698729464,1.0381120230216878,1.005976454440936,0.9780442462904345,1.0882975276628328,1.0526643127643083,1.042586236501095,0.9729241462160595,0.9674462197568122,0.957255151448504
2022-08-31,0.978197730013602,1.047498169720494,0.9991881944175418,0.9719247669221717,1.0837789278425654,1.0601582423976676,1.0435812445172843,0.9692180158419483,0.9606328767494952,0.9675112618748409
2022-09-30,0.9872615348565845,1.0491065174985443,0.9973452119916315,0.967763588993763,1.1025927659283992,1.0563886233874633,1.0378918682079035,0.9703939533910126,0.9623327469487397,0.9599828048997245
2022-10-31,0.9714895074753165,1.0578305622093223,1.0038127020711192,0.9708873416745422,1.0944058130105234,1.056058044737617,1.0336193243706058,0.9711655079492381,0.9642530585950198,0.9668242755521583
2022-11-30,0.9750776456601311,1.0491969673607051,0.9960305435593324,0.9765441277395586,1.0872391232663792,1.0495768322781576,1.036288071838663,0.9729613069142806,0.9552124648802007,0.9612865310062402
2022-12-31,0.9784212307640778,1.0429889881984975,0.9880262124418944,0.9715788783831718,1.0977058505107413,1.054903590191745,1.0355835516527045,0.967675552477487,0.9567608693119946,0.9661070007061612
2023-01-31,0.9685854128390268,1.0437231853945255,0.9805506504191319,0.9743715111741167,1.109963607955342,1.0524899559571128,1.0372238963557998,0.9705749259060901,0.9626608365039171,0.9598566648180906
2023-02-28,0.971688255285442,1.0524804057660129,0.9928634756195359,0.9802801106585293,1.1083227775046318,1.0452083134641914,1.0339827242037447,0.9661392685282361,0.9516386402034943,0.9591232715603362
2023-03-31,0.9806041515589902,1.0522258050541773,1.00309634167141,0.9843167395782225,1.1045092415971092,1.046082936271298,1.0370600621246102,0.9632003873695947,0.9592806061449148,0.9623209909604944
2023-04-30,0.9798206805551855,1.0519865974743052,1.0079872148463807,0.978793857832827,1.1010285581628936,1.0411768544838031,1.041547359754671,0.9562234589651624,0.9630492804015027,0.9594022572732187
2023-05-31,0.9812808299847828,1.0595940837991478,1.0048131115377301,0.9799629907784542,1.1004013100804706,1.047986995751444,1.0410075664051035,0.9547677557674024,0.9659871982458903,0.957182048999701
2023-06-30,0.9767418014110434,1.0550312874139303,1.0070366084987838,0.9703049042647709,1.0904305648478707,1.0404684529996957,1.0433388259342185,0.9608749440672665,0.9735417167544809,0.9640662782601601
2023-07-31,0.9766287787206204,1.0589371880036922,1.0045958809743851,0.9720667973255135,1.0995911592385843,1.044824179139792,1.0424486651277247,0.9517059696337445,0.9628399170737588,0.9669558501913669
2023-08-31,0.9698121538530249,1.0583256397532916,0.9894711466182867,0.9723263571694093,1.0901554223288585,1.0472627021788787,1.0483802177116712,0.9514880646876086,0.9740939009058073,0.9659639880811339
2023-09-30,0.9715815139602337,1.0531111201558478,0.991697626503226,0.9680397970603443,1.0895181101130182,1.0451256236340702,1.0449221395441355,0.9543814533221933,0.9705339606040663,0.9627295205218986
2023-10-31,0.9781043777597171,1.0432625557302107,0.9907253790539499,0.9712460251375824,1.105491055695472,1.048688802200703,1.039374722804868,0.9602658391048557,0.9752627596602808,0.965072471670076
2023-11-30,0.9814140320366281,1.0390889200053912,0.9942837156262263,0.9774921640384345,1.1096788968355198,1.0497408344983463,1.0342138524396707,0.9636057760483615,0.970452645128046,0.9663092438463009
2023-12-31,0.9740047781662082,1.0380174093570744,1.003179803941066,0.9741731948989745,1.1034414654954032,1.0551207116085797,1.04031811003895,0.9599320714269288,0.9736579513026591,0.9685132576099095
2024-01-31,0.9798853795104459,1.0477361982362277,1.0032475987773997,0.9812607910462059,1.0934063567244394,1.051331202249464,1.0363282011754105,0.9685184761040906,0.9795400967370744,0.972005613490736
2024-02-29,0.9847632905057808,1.0454314556330542,1.00713958293662,0.9955153829898303,1.0804183556330718,1.0482829515370202,1.036361199174905,0.9587501269682788,0.9727681510260104,0.9740448946739751
2024-03-31,0.9849223665750854,1.0559186577149122,1.0091185926447241,0.9905190909066645,1.0694112406058354,1.0509529286384716,1.0367784762404781,0.9561899234625995,0.9677281907330456,0.9798667307029785
2024-04-30,0.9871269450312039,1.0530204434778427,1.009308506866165,1.0011718030588492,1.084993287923492,1.0447473009286958,1.0406537357035686,0.9555503762490595,0.9648710532612341,0.9747435177820354
2024-05-31,0.9907171919240481,1.050863549587971,0.9971576700042017,0.9987694180237863,1.0810077593222767,1.0499116012998628,1.041653854787538,0.9556047735361929,0.9731048010846606,0.9803576593708349
2024-06-30,0.9861232909442329,1.0564569338501044,0.9923542929209246,0.9988138103947786,1.0785838052918044,1.0529722117248492,1.0489661026075279,0.9521685838196696,0.978516948735246,0.9873222021496991
2024-07-31,0.9994306788562617,1.0530904569209423,0.9941512581206096,1.0038166351086668,1.0920837623287238,1.0554419869370797,1.0437061203306546,0.9597447022497833,0.9883036664370688,0.9903281575387695
2024-08-31,1.0091984279333641,1.0490462503391944,0.9994180680862992,0.9932814876670347,1.085802514527626,1.05845508836087,1.0350906215980553,0.9642027888315515,0.9922460608457183,0.9960005407354741
2024-09-30,1.0082617582811082,1.0523412741399667,0.9978833125634724,0.9780670610378406,1.0911381474934911,1.0707245024700192,1.0325383941113546,0.9613928057804966,0.9991870068494171,0.9863149731976231
2024-10-31,1.005581715906824,1.0501227851632182,0.9877647293398684,0.9721912726949762,1.088221006832422,1.0711110475720595,1.0364444328412357,0.9524421001692747,1.0008555594715698,0.984662121606409
2024-11-30,0.9988241202457118,1.0471920589028831,0.9882712565367995,0.9665804164870067,1.1014093735745403,1.0647762023545861,1.031383261941526,0.9554057923370187,1.0007390012496844,0.9764464196441952
2024-12-31,1.0110555067043006,1.0406607262928156,1.0023377248701888,0.9625745949332185,1.1103557868822296,1.0684881111702074,1.0334140092842496,0.955079981896263,1.0061187938655876,0.9797014559774498
2025-01-31,1.0051822986232553,1.0437375634098354,0.9995984952751001,0.9615503676722055,1.1056280536871743,1.061932834989076,1.0271077153913213,0.9557658634707993,0.9993876759819637,0.9829496925878465
2025-02-28,0.9881391410631671,1.0482021186536004,0.9916130629316564,0.9606855160948498,1.1103433212137803,1.0561646960880422,1.0211005202677224,0.9588503312750114,0.9994064132355094,0.9805735263394655
2025-03-31,0.9949809111062352,1.0465646143321377,0.9883410974938114,0.9638081655996346,1.098702986998585,1.0544500296415915,1.0240933968363086,0.9483320260080863,0.9899107259337319,0.9752168788321227
2025-04-30,0.9887416244178744,1.036382146944367,0.9868629340497286,0.9692294848301533,1.1075508476660854,1.0547288740085115,1.0294220821406113,0.9463689180563688,0.9878624926368332,0.9726044741616864
2025-05-31,0.9891984547308309,1.034666816693063,0.983929570864464,0.9676220654092178,1.123788415970675,1.0511335400430526,1.0294335851888559,0.941032079922139,0.9952070980054194,0.9706035327784638
2025-06-30,0.9886177514929513,1.0472969431184704,0.9892130154901193,0.9700429725354428,1.117133892958056,1.058782719485201,1.021724156051174,0.946934924028382,0.9938641883882717,0.9706039316540758
2025-07-31,0.9860727321067713,1.0436625230907624,0.9935390052766633,0.9636123718138773,1.1326905685548994,1.0507158379954822,1.0268926215761933,0.9513654680072963,0.9943392748335872,0.9755867279618361
2025-08-31,0.9819993646633948,1.0394313037167062,0.9915128535557527,0.9591792993226886,1.1377651979313625,1.0622048450104864,1.0291766878029103,0.9573967609102132,0.9948624340216623,0.9777467365292096
2025-09-30,0.9768920709754966,1.0416002098796011,0.9979761369937509,0.9635008660100464,1.1362181741332946,1.0598914485406812,1.026265387493495,0.9657346450408837,0.9864985010476683,0.9673034331320566
2025-10-31,0.9694596393201784,1.0439484740838136,0.9935615087642611,0.9705004157578931,1.1324753444944768,1.051882535414727,1.0317748631646264,0.9613113763425326,0.9900378008128621,0.970934940574057
2025-11-30,0.9735124418837103,1.037438800867593,0.9953649156276454,0.9681060787114528,1.1279418248719342,1.0483546825888967,1.0294202563019024,0.9625034982602167,0.989217157983691,0.9670585919737201
2025-12-31,0.9772426572582915,1.042637801779903,1.0044859553044627,0.9629296873747673,1.1332223527905716,1.0465257011854454,1.0386694604592888,0.9647197311225358,0.9855039616570843,0.9732717454692438
2026-01-31,0.9862471831560184,1.0426231547755485,1.001797006933169,0.9659954910332746,1.1387088239635026,1.0519130551627094,1.053292122763864,0.9697925696581585,0.9739406101988138,0.9770577744222331
2026-02-28,0.9825343716628441,1.0391840464631577,1.0023644417913853,0.9738464834936288,1.1351033980118332,1.0510745065218572,1.0511830929367214,0.9729235733317151,0.9729183367616449,0.980350357857424
2026-03-31,0.9849472818407397,1.029896279288066,1.0100983538414519,0.9798234605315286,1.1392859752392306,1.0495682679007499,1.0520774071831078,0.976640455252503,0.9622615250864222,0.9826183074332231
2026-04-30,0.9852810773318526,1.0232255654053677,1.0020695965653124,0.9869405500807545,1.1472219662434442,1.0486740944291402,1.0492135957939785,0.9840923620485863,0.9578393238156094,0.9867440160919572
2026-05-31,0.9822839159235567,1.0205298089338446,1.009972599800404,0.9808648676703171,1.1517566712138296,1.060292414884109,1.039633490948996,0.9874417212062636,0.958794958990955,0.9860183219411148
2026-06-30,0.9926021591828003,1.0219447101323922,1.0040657008391984,0.9748274888994181,1.154670289905369,1.0596905570344939,1.0416106569991077,0.9868135535092051,0.960275053007133,0.9844750518434042
2026-07-31,0.996860647172332,1.0221453787401285,1.0108957950835762,0.9663545016019327,1.1549205416422557,1.060288706658108,1.0482099266311284,0.9884874103070558,0.9742483949821407,0.9888870208586853
2026-08-31,0.9906572547083692,1.0229782251298887,1.0045986501004853,0.9629493620251691,1.1602534730904885,1.0594598255610348,1.0458970592196426,0.9923064626321043,0.967360977736648,0.999097079940805
2026-09-30,0.9924647479232953,1.025349980052244,1.0127327685312157,0.968106304006081,1.1656277210074855,1.064124449021714,1.0344411556264936,0.9880219284191156,0.9644564079061443,0.99707524004959
2026-10-31,0.9906494786409825,1.0204489648954218,1.0281007995508469,0.9604008766347023,1.1619043913008575,1.061199802182177,1.0395634647303749,0.9805212843115595,0.96761816606144,0.9954424689006144
2026-11-30,0.9901977172621024,1.0194217560878087,1.032336923657099,0.9752595043685666,1.163259082215827,1.067338856002897,1.0369818721728934,0.9762764409922179,0.9695996143521108,1.005062551714592
2026-12-31,0.9909237427090188,1.0130297021430543,1.0326928891353802,0.9738163326266684,1.1659933561018916,1.0701000713706068,1.0417380445186377,0.9892598198757833,0.9701128070306315,1.0104095680404415
2027-01-31,0.9887157119916702,1.0195811798008274,1.021660979733502,0.9803252054043283,1.1615535914298283,1.074621153153364,1.0342332656770714,0.9913799826137111,0.9681506108433491,0.9965433000185585
2027-02-28,0.9877538862482977,1.0115805644358882,0.9892942075212405,0.9854116336707173,1.1679085121010666,1.0684548983394326,1.0292410317403973,0.997438089883182,0.9570396688424958,0.9983889598989544
2027-03-31,0.9852952527186343,1.0162652920785442,0.9996691199801626,0.9813619374560578,1.1558766326624077,1.0640571339495561,1.0314580882833377,0.9955368805769602,0.9591565304592997,1.0009817470634366
2027-04-30,0.9920174224491992,1.0162336517052528,0.9996987105896277,0.9657051252990299,1.1571141111485554,1.0712388046295327,1.0462861348707158,0.9928882418694335,0.9634514582918257,0.9981203913068
2027-05-31,0.9854625243891395,1.010286069225244,0.9977013495056808,0.9669271457025578,1.155418766823672,1.0677305816565261,1.0432561082293044,0.9916931297429505,0.9651402628797152,1.0102351064375794
2027-06-30,0.9825040431330775,1.0051404535686408,1.0011028723591608,0.9569312292271919,1.161103538323891,1.0726899653501991,1.040358781473962,0.9981043289147897,0.9743757868035379,1.0086949337022246
2027-07-31,0.9818650683138027,1.0121480845818491,0.9926219766885694,0.9570165928479049,1.1638954464564648,1.0614101059612477,1.0372168528780257,0.9994204352545377,0.9648664984350106,1.007819652322445
2027-08-31,0.9688228564615108,1.0084781022923026,0.9897155461491324,0.9568387668304295,1.1746400258610437,1.061726150484131,1.0360665788987033,1.0006319355354967,0.9611216871030511,0.9985038445930294
2027-09-30,0.9710635042710266,0.9993627200472897,0.9983555117418483,0.9633033973348142,1.1854480595744314,1.0594574420434175,1.0383540536034896,0.9966233260204866,0.9587399783626724,0.9969156848087035
2027-10-31,0.9670178366798355,0.9968670860582614,0.99428662005116,0.9544105787240755,1.1760139597671664,1.0665354005744314,1.0374115607329981,0.9884961236860592,0.9574929192481094,0.999302686709861
2027-11-30,0.9675790558182669,0.9856941494523261,0.987073177809312,0.9532026292630491,1.1962418324082575,1.0619943484796843,1.0334485141063503,0.9932557915581057,0.9617067876526655,1.003762131089889
2027-12-31,0.9695159868371254,0.9803297036139523,0.9842137029852581,0.9477553891396993,1.1955977086922633,1.0565121363107648,1.042300408925257,0.9897462721358137,0.9626841402045692,1.002482619346005
2028-01-31,0.975003860192637,0.9821254575958189,0.9901217444673548,0.9503881004062292,1.1966132407712122,1.0501257148594436,1.043382145164041,0.9872124979184429,0.9685870933438202,0.9935029184419416
2028-02-29,0.9786854151445632,0.9858297390341338,0.9937297390269129,0.9539765221339531,1.1944633608821555,1.0509747257700655,1.040140905464471,0.986949957439249,0.9700475876242843,1.0027502714528138
2028-03-31,0.9936536378926424,0.97503616154229,1.004470019168787,0.9509139988461272,1.2186331514742073,1.0448440691455685,1.0317521586104452,0.994596937609081,0.9614851679993127,1.0016402550058268
2028-04-30,1.00151924474198,0.9695090212907268,1.004094332073581,0.9542588031955054,1.2012205638132136,1.0403050994473317,1.0329922032014907,0.9968884907788949,0.969563943398913,1.0056894617059668
2028-05-31,0.9956873010657243,0.9800176028900587,1.001921685074404,0.9526184648794029,1.1883540759312912,1.0460491429310474,1.0245920975794807,0.9943095918541234,0.9611007382521799,1.0039587276425883
2028-06-30,1.003053225088986,0.9830945629370441,1.0068060509515102,0.9467297855640322,1.1858918006844092,1.0466204117776068,1.0197457626172424,0.9972906377599574,0.966644007717679,0.9931453591630253
2028-07-31,1.0008304733087772,0.9871269587879941,1.0078423377621688,0.9488413944295,1.1928600053110587,1.0557347297136495,1.019952179723612,0.994440952874073,0.9635605563637736,1.0024576039677837
2028-08-31,1.0047776178387033,0.9893634165649332,1.0045151675537873,0.9506809814051638,1.1940279576250086,1.0581942443964352,1.013148155328187,0.9967638286514444,0.9633565352651607,1.0065045364755014
2028-09-30,1.0036204933509723,0.9948252621020376,1.0115045463002166,0.9415976254138558,1.1981559280974345,1.063150964524295,1.0115517330928296,0.9899555277084879,0.964662498337622,1.0059102032865077
2028-10-31,1.0129011466062692,1.0024732296137817,1.0107021339475395,0.9330838486336828,1.1948953074746775,1.0680722561327871,1.0169697018251045,0.9901952421044706,0.96069467080077,1.0005480182129731
2028-11-30,1.0188301551814578,0.9993898484919082,1.0040532531306479,0.9355790997905918,1.2080109870444915,1.0757719358559805,1.0186093929326703,0.9962089232875599,0.9670079425088992,0.9993874990812142
2028-12-31,1.0253812348432032,0.9969199227587218,1.0136057279737143,0.9471926138495737,1.2024029289870597,1.0872914700650236,1.0237210013315652,0.9906630993601613,0.9700014469155853,1.0046534278592858
2029-01-31,1.0177203316661465,0.9883694043490285,1.0096620466070205,0.9413923117406303,1.2018885510868693,1.0862219137608118,1.0213711125897464,0.9927758234819882,0.9690796234571603,1.0109968333200423
2029-02-28,1.0219860367919624,0.9942101473560936,1.0116326829249251,0.9322258020466773,1.2266396073559735,1.0896982467022835,1.0184442412828938,0.9973048028463134,0.963433783343943,1.0070420572878194
2029-03-31,1.01668650335597,0.9911015500696478,1.0239732070893237,0.9331756327035745,1.2182432025768892,1.0864727057521566,1.0213584743244093,0.9997493790267988,0.9583635556765465,1.0088720205492052
2029-04-30,1.01690887592893,0.9908493317515656,1.0225058068644586,0.939193520188872,1.2257526390966191,1.081503345806079,1.0111199045771144,1.0036572948325104,0.961531818926975,1.0131288045305844
2029-05-31,1.018001397066631,0.9847737933825277,1.0267044845022468,0.9287332843905487,1.2185756762450246,1.083156206787554,1.018920061491813,0.9991772593804518,0.9654340140461415,1.0174876406321116
2029-06-30,1.0142201258874237,0.9791327377408386,1.0211833526063767,0.9323165092444439,1.227293996064727,1.0774355632090424,1.020536306821769,1.0123954435612834,0.9729662817181801,1.0081511304868975
2029-07-31,1.0084492089054722,0.9780475632216858,1.0186899784274699,0.9306643053590045,1.2332554341615733,1.0792179256990233,1.0136783976998405,1.017220998136922,0.9626532586518475,1.0088360205656222
2029-08-31,1.0129335689874008,0.9788255151587217,1.0220253551023166,0.9230977578639131,1.2337731934830256,1.0806956678376256,1.0110872320274478,1.016454244796406,0.9643989729064153,1.0169773780197833
2029-09-30,1.0202878083656393,0.9782637176594453,1.0199959666073681,0.9155097274080728,1.2450460612104406,1.0718317943006945,1.0082200661333351,1.0191505131625158,0.9696459669496393,1.0198952740822542
2029-10-31,1.0272709716450616,0.9806367381483785,1.0240234898550238,0.9144310301863099,1.241199724330711,1.0706376138309515,1.017964680320962,1.0188722946500217,0.968678747027747,1.0240146539672148
2029-11-30,1.0077713472175422,0.9767861097294641,1.0202172591534069,0.9157889261960777,1.2312643352189392,1.0787294433847798,1.0237809472942103,1.0312458890261107,0.9604502615054185,1.031354466480157
2029-12-31,1.0197428180883485,0.9790336181029234,1.017192965184052,0.9161906879935549,1.2221075156918824,1.0751227963917844,1.0205920672140456,1.0343390939756791,0.9607465449229387,1.0429364110645638
2030-01-31,1.0126748909254362,0.9808761851669308,1.0203866281233798,0.9120679050714083,1.2196215695582726,1.0753158010569046,1.0111269670595762,1.0423750979889501,0.9714593947892644,1.0396940031343056
2030-02-28,1.010052937011541,0.9766203712311616,1.031220801907454,0.9097522180232571,1.2111094171975954,1.0835614580398163,1.0082255925112862,1.041246905042458,0.9759024206794527,1.0422067055034627
2030-03-31,1.01756368249661,0.9870529350733582,1.0344901902094368,0.9110293329501096,1.2149774494624297,1.0887445912038718,1.0075790433713405,1.0398665466471044,0.9813556086052893,1.026882753814261
2030-04-30,1.0164665907486496,0.9788795240662809,1.039833637531619,0.9187240242434884,1.209721147170906,1.0884880604312979,0.9906856242805323,1.0373597988883456,0.9865389694216814,1.0254035621367998
2030-05-31,1.0178261742524144,0.9776969590755076,1.0316823876501278,0.9141439830397543,1.1912068755189558,1.0968874677678884,0.9884186000728532,1.0325302867432338,0.9912066050472598,1.0222641908000716
2030-06-30,1.0264143775904206,0.9795635896637116,1.030362703259052,0.9238507826060682,1.1963191910538813,1.086714994781068,0.9906796828222189,1.0398577350947948,0.9864934782700574,1.0164071220316626
2030-07-31,1.0227267902395232,0.9819927193406707,1.02756082080991,0.9194925429494414,1.1920008378261568,1.085181885983027,0.9933097120201233,1.039577498730059,0.9891319043832694,1.0100174551473555
2030-08-31,1.018412338291237,0.9793381551198893,1.023177534958453,0.912293690140924,1.1758705411930443,1.0865437969416423,0.9900794473316503,1.04101820471423,0.9901331073779605,1.0096076505033629
2030-09-30,1.0242129273504101,0.9809529404906641,1.026736813839346,0.903794021685951,1.1644012375435693,1.093267961637934,0.9831349327235755,1.0469268529247744,0.985037138540749,0.9979608041332909
2030-10-31,1.013519393993435,0.9859495250901967,1.0302149426074962,0.8992882197218266,1.1750304781286003,1.083889965325657,0.9746668728003105,1.0458104016823604,0.9817282357479925,0.9970696609931704
2030-11-30,1.014356264595057,0.9927155278941295,1.0212125295123358,0.9017108470573888,1.1562041724990508,1.0784954067892984,0.9805788670559943,1.03678608715586,0.9802538342485307,1.0015726902168334
2030-12-31,1.0128559197116682,0.9929411091280367,1.028022609254064,0.9050136030443611,1.1560845932155175,1.0838561430722606,0.9707287957502719,1.037694059872645,0.9720568202483162,1.0059809099512966
2031-01-31,1.0031762395822643,0.9918334381709606,1.0335617898760296,0.9059816131016154,1.1586518605932785,1.0887635463360796,0.9728954246102561,1.0264142985446805,0.9739437676922944,1.0046799183020316
2031-02-28,1.0129423443521564,0.9855628641262553,1.0326567738563486,0.9159964567224905,1.1670020871829392,1.0894121979560167,0.9752626645658511,1.0191614366465207,0.9729626742791408,1.0005861721781553
2031-03-31,1.0148421550622182,0.9929512857082708,1.0443184401910268,0.9159340936195164,1.159646310072764,1.093393673476323,0.9735512563955464,1.0241640658629128,0.9724739822939455,0.9951624157073005
2031-04-30,1.0204544250490086,0.993837979791063,1.0512019419539045,0.917457506519801,1.1533138482221785,1.0828340647748802,0.9713563028932445,1.0279498029130223,0.980329772266379,0.9894130114768949
2031-05-31,1.0117057203243558,1.002312908422758,1.048441661797862,0.9180822181204542,1.1680652937533373,1.094211124255277,0.9628966154671483,1.02178302887103,0.9868714178343321,0.9838067542748699
2031-06-30,1.0255718391643527,0.9996681638157539,1.0529902982381858,0.9245246860901483,1.1683468274811628,1.0960702132802336,0.9610987538674386,1.0168024623456857,0.9961604481681012,0.9953459503091464
2031-07-31,1.0337372430052325,1.0024044740852167,1.056724076950007,0.916215661128312,1.1713889981561658,1.1014085542700398,0.960046757541987,1.0141644677259842,0.9941860449461395,0.9834365651630297
2031-08-31,1.0322896911379726,1.004123601186181,1.045311369098855,0.9257436767935139,1.167012633989927,1.0994410458906199,0.9587179430990947,1.0168523369682994,1.0029337984362172,0.9860237477835467
2031-09-30,1.0306990379200387,1.0016295260390429,1.0468199314695938,0.9273992560830848,1.154530737105973,1.1003047135870343,0.9555297442146272,1.0194249212747635,1.0063286718177487,0.9840232574097629
2031-10-31,1.0360675996960502,1.0083193374160224,1.0593072055109438,0.9219146593185245,1.1467344188174746,1.0976325414456476,0.9552663062393054,1.0185404926858832,1.0009053731850293,0.9866260855240625
2031-11-30,1.0465688728790112,1.008312062091883,1.0572074954411583,0.9293797303156214,1.140021755554765,1.1016822235859625,0.9525938856813669,1.020506233276268,0.9992525621147226,0.9868445861471534
2031-12-31,1.0302015255743968,1.0106976978913442,1.057437290733121,0.9250597336063172,1.1493098887646105,1.0969509678790212,0.9586520952023172,1.0095756060778893,0.9958080558368655,0.9868308644172487
2032-01-31,1.0315908954823667,1.0082240505946456,1.0497985131856573,0.9300536957252121,1.1612312792018278,1.0970399424748143,0.9593595368714101,1.0148742555713095,0.9954166087972482,0.9854453166575285
2032-02-29,1.0288851462163846,1.0147897459610746,1.0528640664263402,0.9285121451934929,1.1492323354458913,1.0965812742625323,0.9602656966594075,1.029702098890166,0.9990977231057891,0.9760425000067383
2032-03-31,1.0397743596299949,1.0140346403385545,1.0532628837720994,0.937667992076433,1.1391833310946806,1.0912370249776826,0.9576551662572732,1.0257338809026435,0.9892569293092606,0.9705465714941726
2032-04-30,1.0480668059015765,1.0156061297499885,1.0576380035182273,0.9428819212045536,1.1400381961044292,1.0897318208200795,0.9603649564337304,1.0213830212363044,0.9962792049016138,0.9695952698745798
2032-05-31,1.0534892246567242,1.0101027486123513,1.0561821096253219,0.9438925601621245,1.1495882380155078,1.0912755863760668,0.9468476278529743,1.0184183571147911,0.9949963833380511,0.9654647972077212
2032-06-30,1.0573444902102858,1.0094485686603514,1.049723715838508,0.9351486500621545,1.1535652363972537,1.0919506452483307,0.9515566292629238,1.0149932131312465,0.9856342262016036,0.9554665790827885
2032-07-31,1.053402571389112,1.010795952185859,1.05777070062014,0.9365259698550195,1.1423372796381603,1.0904137996707683,0.9517696911179321,1.0177721035636211,0.9840128583581942,0.9528859741240387
2032-08-31,1.0413338573341204,1.007256997228137,1.0520625352167419,0.9258118507070967,1.1339426480771968,1.0982794158686766,0.9548015421753265,1.0223347430372507,0.9935214236955536,0.9554024923103202
2032-09-30,1.0383234929312855,0.9993866266779737,1.0504957233575614,0.9276469339631805,1.1458110590836639,1.1034724078247031,0.9490574911004439,1.0295500228094219,1.0026633201494426,0.9542972648399929
2032-10-31,1.0407810572978886,0.9932658058554864,1.0509288789068547,0.9155558440010221,1.1611802166647045,1.1021256594380875,0.9541426280378231,1.0341653368718222,1.0067139985530054,0.9508494278681574
2032-11-30,1.031012447352919,0.9854772967983307,1.0476295735690502,0.9198353615109429,1.1648542757982876,1.1035078262158728,0.9618167610904564,1.0448218944626588,0.9993566850632792,0.9473732874391969
2032-12-31,1.0339918283108733,0.9892125035019075,1.049771091626872,0.9224078994572151,1.1529142714097693,1.1140129678791417,0.959534987232197,1.0425735678806656,0.9952185461955921,0.9556871916149907
2033-01-31,1.041114004847414,0.9918316430806117,1.0408486366670626,0.9185449970738507,1.1483147396319162,1.118592428127065,0.9676811592806638,1.0467692394486292,1.0004479483934883,0.9629280272384344
2033-02-28,1.0362683437364968,1.0037121330299585,1.0443651729676284,0.9124110340637314,1.1353039620594636,1.1179511259736152,0.9715094318036721,1.053173412797931,0.9943146432723583,0.9619415394660142
2033-03-31,1.0489689029407112,1.0139215323967634,1.0370743782476632,0.9151667734827036,1.1450368961404938,1.1247090544754186,0.9625870461635718,1.0631460465639568,0.9935153630956508,0.9611708945551689
2033-04-30,1.059621166870627,1.017611811331829,1.026501732207334,0.9179802441870701,1.139123415297513,1.126613226888612,0.9602628696353865,1.0550243563933999,0.9900584985023146,0.9605453930535125
2033-05-31,1.0585498630865742,1.017495619800987,1.0267124642620855,0.9119016390879056,1.1573421653701503,1.128061755387795,0.9716694122876579,1.0499045406641414,0.9851658817738844,0.9535098169045487
2033-06-30,1.064175691716138,1.0295519359070384,1.0197021369770294,0.9083508801160596,1.1452817337806946,1.1245097472177452,0.9762289856771704,1.0561791805325074,0.9925955477042517,0.9603996448701895
2033-07-31,1.0819154493270309,1.0258501312475485,1.0150662947947673,0.9083700812000624,1.1408874959268187,1.1228915251616272,0.9864501986040977,1.058559534989228,0.9902409210496812,0.9539627921021627
2033-08-31,1.087205977414322,1.027251244116725,1.0188913521397984,0.9045916545441761,1.1298502675322628,1.1199549113319192,0.98930853127265,1.0553082723900447,0.9872793253968766,0.9471439008561057
2033-09-30,1.083335374776907,1.0271956309345738,1.0211998614711,0.9056747958214814,1.1379707477945027,1.1086463635417434,0.9948094213729437,1.0529079749084898,0.9854354935883474,0.9420366969878646
2033-10-31,1.08163223874498,1.0134322021134612,1.0100874921507066,0.9091419958855371,1.1336802434002677,1.1039057361198314,0.9992980203033172,1.0550334865853523,0.9906138341754729,0.9508597385405662
2033-11-30,1.0766404823295868,1.0137312884433607,1.005104039704689,0.9222239074788492,1.1329339221387889,1.1069714365934091,1.0052268881302087,1.0583152743633006,0.9865713796329021,0.951681874140935
2033-12-31,1.0845439084217645,1.0080160404060308,1.0102340663551868,0.9086414435164546,1.1326307777469706,1.112409984229596,1.0064569137383303,1.0582102715084443,0.9815191039058313,0.9490783645648749
2034-01-31,1.0902903131784976,1.0172920609932423,1.004821033124077,0.9080498779394811,1.132723441632901,1.1184830702105966,1.0178329374480075,1.0652057427191097,0.9823184082168711,0.9441989630612065
2034-02-28,1.0863391096282926,1.0104708746654967,1.0036406124655113,0.905394192457384,1.1449629664861882,1.1191547593444369,1.0230081000376976,1.0637092243972768,0.9769520089365415,0.9353849794381826
2034-03-31,1.0810498741051653,1.0067395826200265,0.9973189529458709,0.9093710025596382,1.1493806221059644,1.1331309079422975,1.0234094911663318,1.0633578797640013,0.9716746040441684,0.9346153458093098
2034-04-30,1.0844932439893231,1.0061585678277882,1.0080247014145152,0.9157070788867245,1.1652260156720664,1.1381393024082644,1.0213343200544078,1.0685380025025992,0.9717803241823806,0.9486754813648595
2034-05-31,1.0850992223189144,1.0147685118979115,0.9980443602265475,0.9137309256146083,1.1725786432368592,1.1382287171630932,1.0254783007818773,1.0700051443832446,0.9752490349848828,0.9417323548992764
2034-06-30,1.0884138390135294,1.0198295303193028,0.9975024329200328,0.9142054042342881,1.1751894989872338,1.1352631857171502,1.0341126745597617,1.0605781006157209,0.9805133948611972,0.9334608048511968
2034-07-31,1.0949349847843937,1.0146901738313878,0.9861736789628354,0.9091342879425297,1.1692131087660604,1.1365305175240807,1.0365578318260273,1.0577132990893683,0.978638990145252,0.9320381014001723
2034-08-31,1.0963910330687519,1.01713650389372,0.9792902788954452,0.9143267898558068,1.1656842305444135,1.1268844636404522,1.035482321423824,1.0632954857634171,0.9764650783234314,0.9326726307442119
2034-09-30,1.0943955089416564,1.016016152252502,0.9806026520604665,0.9136450864617686,1.1664614387983183,1.1256615624954844,1.033114484012474,1.0705996633648194,0.974211569390449,0.9343205192555184
2034-10-31,1.098809499959823,1.0173403108480454,0.9835482767196466,0.9171820941942103,1.1513645452766732,1.133563831887935,1.0282564395480744,1.071661842968744,0.975615409722133,0.9322704897023326
2034-11-30,1.0876022824051375,1.013050270931392,0.9875256561059567,0.9224811037490376,1.172748782946098,1.150894417562266,1.0311503706564862,1.0679306182390746,0.9815786856386827,0.9310272000293586
2034-12-31,1.099899796284806,1.0231449790096947,0.9857868496767965,0.9268401851247314,1.164876319626803,1.1440458370971638,1.0311666911742363,1.0696957789249515,0.9849232020417702,0.9450560078178423
2035-01-31,1.1136024094607873,1.0246787832395245,0.9860970951886943,0.9185916644483266,1.1434974408851737,1.1461612358853017,1.0411261614046958,1.0676780578772997,0.9931980917019714,0.9327927196448691
2035-02-28,1.1184865888847593,1.0235699992010385,0.9910940741174306,0.9126137916669302,1.1428034667330569,1.1468472861322923,1.046896494445472,1.0612328773625352,0.9919149877496575,0.9382612912455227
2035-03-31,1.1266124891163174,1.0345498684893875,1.0010986259307764,0.9124043975213563,1.1468086173078704,1.1450989418747537,1.0400740790533831,1.0623021462941225,0.9907127176249058,0.9311593020208766
2035-04-30,1.1179268506626339,1.0309621448269262,1.0075595938388147,0.9101346343612188,1.1456967633366824,1.1408943644207743,1.033760838327094,1.0577355966090594,0.9866907499179223,0.9320707085159129
2035-05-31,1.116171874905786,1.0421997597042443,1.0061170251097806,0.909292458078857,1.1423429966791225,1.1539646777553505,1.0200845827564629,1.064125244354357,0.9851361404615661,0.9434645147006182
2035-06-30,1.113165525711289,1.0491173111586287,1.0043655676986623,0.9117273207646981,1.1403702509644975,1.159987288976442,1.020670943065317,1.0634409811580887,0.9883245139845095,0.9495193423153288
2035-07-31,1.1110165497984372,1.0478048972666767,0.9950627192257242,0.9254078382373863,1.1470013573325275,1.160227462835635,1.0148359618116516,1.0703111528372817,0.9875260976257128,0.9572108827612389
2035-08-31,1.1101311822582653,1.043525896118179,0.9923311149652377,0.9278418337370096,1.1561071472469409,1.158816255166908,1.0132948288950443,1.0805458658884086,0.990404310155502,0.9614450726450953
2035-09-30,1.1065238277771199,1.0467476204679635,0.9914475907627049,0.9248334816522239,1.141402025978161,1.164454422085764,1.0170676465537831,1.0814852479242694,0.9821091872496945,0.9664713796825672
2035-10-31,1.1107168053407195,1.0431840882673076,0.9865880674223635,0.9203968653686522,1.1363986698529338,1.1741077276367495,1.0184153196852064,1.0783316412319859,0.9804584563585441,0.9683219842374137
2035-11-30,1.1050616230844943,1.0460012561510112,0.9838998800232543,0.9213444168139779,1.1501455672962115,1.1716690840291575,1.0216553763264393,1.0794672980773459,0.9855994398300459,0.9720818689834994
2035-12-31,1.1021790518218537,1.0401352848253662,0.9787311671954069,0.9259272402474172,1.1353902257370705,1.1742582112844195,1.0330437548518707,1.075894790328503,0.9908066245177309,0.9771340021733521
2036-01-31,1.1095609237545125,1.0308232678377816,0.9822170428249768,0.9226920788910261,1.1492446070325584,1.1673505510451754,1.0261295822658019,1.082842080508534,0.9877263821716952,0.9745174124637583
2036-02-29,1.1177382078046803,1.0398274132388599,0.9818717532838006,0.9189509524199917,1.143099450924019,1.1713191964743948,1.0209712777199922,1.0836680451957323,0.9880806244967205,0.9789689938318678
2036-03-31,1.1119843377005747,1.0372089433896725,0.9755357340540496,0.9182172525578127,1.1462415300746005,1.1828733730422165,1.022860864784366,1.080574893338807,0.9845389871119905,0.9847061544319686
2036-04-30,1.1084243989108993,1.0441035493758895,0.9798600554788826,0.914744159422693,1.1386004736145148,1.1833974610837248,1.0202848449847692,1.0825341075917028,0.9870168264193976,0.9777760059259188
2036-05-31,1.1026299517710558,1.045256017050133,0.9815579566959107,0.9223543258480362,1.1246898389242082,1.1876097301515347,1.0218190030797405,1.0798032040585297,0.979635385934309,0.9845879582505009
2036-06-30,1.107658439331952,1.0476091477119294,0.9768416163851593,0.920488513325445,1.1213095695864812,1.1897802090374663,1.0192912326667873,1.0959342641050491,0.9803778028691991,0.9755332949865776
2036-07-31,1.1032389045613895,1.0487163722464297,0.9801511205495023,0.9223066948722274,1.1200565156421045,1.1875180262443057,1.0270604181217773,1.0970304349892546,0.9878369810680685,0.9814682071510323
2036-08-31,1.1184054599823339,1.0479138352626431,0.9753294481831983,0.92210288313364,1.1117716916419722,1.1901146514391856,1.0285501696902972,1.095396034297461,0.9908707831375955,0.9842969008458264
2036-09-30,1.1271766068166353,1.0458435944041198,0.9834007172369378,0.912434414459842,1.1106524983165782,1.1840504736536266,1.0265448543044127,1.0974834714041717,0.989527172886857,0.9780273142299385
2036-10-31,1.1358554366239881,1.04034274456552,0.9820653046561911,0.9112334702732084,1.1031703137518678,1.1752886824453848,1.0286255492084007,1.0896879709255296,1.002446631014904,0.9876968590681843
2036-11-30,1.1300867881512617,1.03905063747284,0.9917707558889057,0.9121637063134738,1.118869007466388,1.1689801339408321,1.0391339553190966,1.0862415041637088,1.0111493561963911,0.9841908713424201
2036-12-31,1.1294828497723564,1.0389425998428559,0.9888504538313929,0.9143211624897183,1.111177666459537,1.1599075630394968,1.0422137391987352,1.0958115773783423,1.0148863354915518,0.9919858785801681
2037-01-31,1.1432239380269773,1.0433903822565487,0.9864143024668834,0.9044984354264949,1.1194705480122242,1.1506314201538896,1.0300117825236197,1.093801065625246,1.0099300743141444,0.992399782871318
2037-02-28,1.143219830730406,1.0492710772162228,0.9895831381849862,0.9050477170604414,1.1055229550912633,1.1468852784888433,1.0414672732004195,1.0881073652078441,1.013529449825243,0.9856263627018218
2037-03-31,1.1405985697312078,1.0504425143484761,0.9962360573910125,0.9043675806475764,1.1004963228429916,1.1479983001703826,1.0362148302563936,1.0877798174753275,1.0149989719858687,0.9809190999392728
2037-04-30,1.1469321737211533,1.0594452030453807,0.9919658281501607,0.9116802934460919,1.0897250057949184,1.1344425701998575,1.041979069863691,1.0888505485444682,1.020167477596197,0.9767097188447831
2037-05-31,1.1468889326084266,1.0544052126772931,0.9951250075331239,0.9117890057056702,1.1063873761927818,1.1351382939698806,1.0436859455939411,1.0903770182817314,1.0249886731088635,0.9823934786740283
2037-06-30,1.155890974085818,1.0507203138779202,0.9999738741143122,0.9110808308439813,1.1103134939004833,1.1304170890651684,1.051472045911976,1.0927125985551247,1.0204241292569254,0.9831768276845162
2037-07-31,1.160462504027498,1.053158984873728,1.0069016892484501,0.9079926273537274,1.1054905402471344,1.1369644205603713,1.0458549690952157,1.0945061449669,1.0146326305478828,0.985552727286136
2037-08-31,1.1730602798196996,1.0546377467407155,1.0062378470957964,0.9120406617148313,1.0801170415414059,1.1391124142070497,1.0514878511587478,1.0866772991627127,1.0218518771987266,0.9818866147973548
2037-09-30,1.1673216834528535,1.057755877294766,1.0062527522423734,0.9096749588162067,1.0800113896686312,1.1334714483207877,1.044221368239481,1.08075417521148,1.0283421293932793,0.9875741955395656
2037-10-31,1.1736058652789445,1.0627280050993013,0.9960335946936958,0.9067875202905169,1.0823157268654118,1.1321695187056227,1.042224361737777,1.086439092519904,1.0295375009989247,0.9856268247375077
2037-11-30,1.166705465790479,1.0607247773963222,0.9949571091024597,0.9012228717476807,1.0903959693643719,1.1351403357569025,1.0465644758226234,1.0867238858996269,1.0234158314550899,0.9858785625601427
2037-12-31,1.164314529378775,1.0535670966829844,0.9925275657957657,0.8991875216530054,1.0855076896331954,1.13121378320031,1.048278828891343,1.0884518516535728,1.0270366232296346,0.9822127400408087
2038-01-31,1.1551638304690333,1.051564230372168,0.9884536302185348,0.8918432385646923,1.0689701234914697,1.1301553729500555,1.050174674956958,1.0853032761656713,1.0208482346731067,0.9900274648116065
2038-02-28,1.1659686137303902,1.0521058039501705,0.9938310989699305,0.8884970946785409,1.064816168161486,1.123693327619602,1.0590849522269863,1.0848776910077322,1.031831535581298,0.9977827683329331
2038-03-31,1.1737867634416104,1.0533427826648905,0.9821188806015128,0.8838420414419406,1.0759256445815673,1.11941371745792,1.069786570322902,1.0780664718908806,1.0402277957432797,0.9970514068708034
2038-04-30,1.183022405847157,1.0556721586553461,0.9851055334923442,0.8858812130220077,1.0752123359409518,1.1196388169787288,1.075381700067102,1.079158055401293,1.0364588840812772,0.9978392087674922
2038-05-31,1.1907334282261226,1.0504052223733176,0.9889081787183235,0.8783979271087423,1.0620607431634914,1.1079699276105652,1.0792014814538962,1.0717177340609052,1.0304324207534357,1.0021691483468138
2038-06-30,1.1860750944036003,1.0407452591328856,0.9795672234124166,0.8772685935358712,1.0641201095405566,1.1139705489597942,1.0798464714420999,1.071200324543926,1.0253623788721267,1.0069506986777166
2038-07-31,1.170110717022245,1.0427272955376787,0.9836339708535398,0.8839451443759831,1.0626749180790571,1.1236644571414949,1.0845329502577632,1.0718508200478487,1.0209095531175163,1.0161653951138632
2038-08-31,1.171646710928551,1.0460055631812852,0.9852605245497337,0.8811659866436413,1.0531802524919045,1.1206140396907704,1.0832555998426838,1.0814355950626853,1.028577332224623,1.0086518738846466
2038-09-30,1.173551098347784,1.0320082437742253,0.9909880830611271,0.873506043245444,1.046495324961617,1.1300643104716186,1.0758459505299338,1.0918565712073525,1.026495220924443,1.001700156470563
2038-10-31,1.1584437829074774,1.0277107184480567,0.9888309272562811,0.8630566932873593,1.0512850793438,1.1262210224398137,1.0742599456173494,1.0936212696730132,1.0232943668665024,1.0028609657431848
2038-11-30,1.1595130146481458,1.020791661363618,0.9843171568010345,0.8588361093836212,1.0493869671761824,1.1382486255922901,1.072588951321668,1.0953493210953908,1.0268731417666594,0.9983103411151996
2038-12-31,1.1652914167442885,1.0262105561520303,0.9778143049601341,0.8527209499684382,1.0434308525167313,1.1422524021412674,1.073068249957068,1.1046975082654762,1.0245307102238475,1.0089719295243689
2039-01-31,1.1676603450785643,1.0306629509929137,0.9785416182809293,0.853129599689156,1.0597931674544738,1.1464513352055452,1.08443637906734,1.1197876122861956,1.020909642687923,1.006504394311778
2039-02-28,1.1606051121949248,1.0381466492677758,0.9922197686384508,0.8481173357266233,1.0678122753065884,1.1524149336406888,1.0805740316029433,1.1206666038313151,1.0265527369105722,0.9969720881817377
2039-03-31,1.1567178263322875,1.040134896020337,0.9992115376668377,0.8427474575055202,1.066953349964208,1.1621466882422127,1.0860341834019944,1.120349593678696,1.0257561384884748,0.9950382166617042
2039-04-30,1.1624548788639184,1.0396785810847828,0.9999638972438446,0.852339786925607,1.0579110836876313,1.1593136093221499,1.0779627089927364,1.1151208563728274,1.0335620548609281,0.9907273221596821
2039-05-31,1.1593113970954694,1.042841926146165,1.0157226610595638,0.8498996680533564,1.052138494272692,1.1511333344991759,1.078188875163616,1.1303161794167702,1.0280617622629133,0.9865674032145155
2039-06-30,1.16558200977842,1.0446973016166805,1.005849744069187,0.8523193638391944,1.053992561477282,1.1583858834555663,1.0823272852566563,1.1346832981827357,1.0265190929634294,0.9757288189818216
2039-07-31,1.1658963148636652,1.0406449837030975,1.0019604915303726,0.8512936032391194,1.0385990014528088,1.1458819292919094,1.075906356932573,1.1406667856589587,1.0201216029763307,0.970560686626044
2039-08-31,1.1579966553238004,1.040288803152575,0.9931961756016395,0.8671533787524548,1.0396548452575431,1.1487182146861588,1.0777122364061282,1.1460843637883509,1.0141703815866832,0.9638230933926988
2039-09-30,1.1558882735299578,1.0488853538959724,0.9876725403847443,0.8631182920377917,1.0454423111547448,1.15492054648871,1.0806257537472412,1.1331939330348622,1.0176579530507732,0.9722338853083506
2039-10-31,1.1618575137829812,1.0576350942591755,0.9793620306146256,0.8631948706691381,1.0536547678329282,1.15162588418616,1.086364195661942,1.1246059319304242,1.0084795486023967,0.9769638268704095
2039-11-30,1.1549044975789273,1.0510094734613706,0.9723933907549229,0.8567198621281527,1.0344503027898622,1.1535490934705872,1.0936416590843503,1.1245517926431783,1.01368325483668,0.9774315020485005
2039-12-31,1.1663400747726684,1.0556401049232595,0.9755230357314301,0.8544016767064876,1.045549587904217,1.1468005646016137,1.097170518010675,1.1227304247963517,1.0108624531255725,0.9823926519732835
2040-01-31,1.1820441623108588,1.0515434117104907,0.9674565336449386,0.8506615737202755,1.0513950971935784,1.160929314632001,1.0983004079768592,1.1245765806919858,1.0000565438928892,0.9808145571161722
2040-02-29,1.1836337791401903,1.0504667232655247,0.9758398045157357,0.844783219950002,1.0405095030962142,1.1589801277231633,1.090315075626012,1.111142413214219,1.0001091650576224,0.9783087016226515
2040-03-31,1.165067556661751,1.0579926099925532,0.9732340270828447,0.8468386278807308,1.0447796076602822,1.1489508496952878,1.0897269223971473,1.1066170863606724,1.011882335686688,0.9668588309927664
2040-04-30,1.1647409983855899,1.056220039625883,0.9789798022512044,0.8516877233861587,1.0455657125816298,1.138500316493647,1.0931326711621876,1.1083555177898343,1.011873555970919,0.9622579729058791
2040-05-31,1.167977581344653,1.0530182306559652,0.9762898618815029,0.8582229871382454,1.0488376473213743,1.1437405852394051,1.0816066523977306,1.1104842998509545,1.0059558494388086,0.9726515902499597
2040-06-30,1.1773432257430603,1.047864987121781,0.9751121296863243,0.8593317206593027,1.0527521637097794,1.1361734563506047,1.0735685777955581,1.1066963346137229,1.0053967913495956,0.9804344844298762
2040-07-31,1.1796267771984075,1.0500410806069256,0.9636526083325956,0.8620653235009544,1.0598096085043893,1.1361683386557913,1.0683338205725892,1.1066819802601795,1.011551552491483,0.981983890272678
2040-08-31,1.1734898431218517,1.0487697573893546,0.9664609190320405,0.8601485420460022,1.0613123561905615,1.139052413057874,1.0715474872326256,1.1117043539001426,1.0177985468672661,0.9876944381122144
2040-09-30,1.164869157203369,1.048819655545026,0.971821988793762,0.8634324496266208,1.0609022495914546,1.1469254717966684,1.0800626560616384,1.0958003666590999,1.0136981446313311,0.9936863059496677
2040-10-31,1.1735069664272986,1.037467637362227,0.9709220408867056,0.8633070373362368,1.0721715114833474,1.1394862296712336,1.0798895096055674,1.0943156815919577,1.0138977871919321,1.0006839387446305
2040-11-30,1.1805801834537628,1.0392899693126678,0.9730854364300795,0.8524333669858957,1.068141389990222,1.1278902625744895,1.0811189644159023,1.0870208042625935,1.0193107581389136,0.9911671429856455
2040-12-31,1.1847778404053113,1.0411165051045543,0.9760036760074292,0.8482986657119631,1.0593589532693026,1.1348858609239565,1.088495346404369,1.0817601942887907,1.019369802977133,0.9786530585871228
2041-01-31,1.1899048845361349,1.0456279249578775,0.9776217977589376,0.8486910437526916,1.0534805577582855,1.1497761611616755,1.093001635473309,1.0895592579514832,1.0219325610220025,0.9760102774781705
2041-02-28,1.1789825557591878,1.0393315935620806,0.9799167646680607,0.8519346613316778,1.0485882394437551,1.1541199079562472,1.1025855611992263,1.0823493382084108,1.0191379423951856,0.9724923842195226
2041-03-31,1.1724074313257669,1.0398150532281794,0.9850785098536947,0.8460295419313396,1.0300415398589657,1.1516528935020856,1.1058743688809176,1.0729071194457176,1.0162369706001133,0.9689384537228238
2041-04-30,1.1813932472696644,1.043551012351724,0.9806193995964922,0.8437931816656352,1.0356128826606628,1.1678068629724385,1.1048276617296848,1.0688101210018872,1.0258777256606568,0.9609598244531932
2041-05-31,1.187580196803365,1.0442038763242454,0.9809389830874431,0.8459992910933174,1.0359578835561867,1.1748794134598348,1.1027573373396455,1.076985317066474,1.0254130484604769,0.962723644332811
2041-06-30,1.2011096278677245,1.046031228357961,0.9956491265413564,0.8460423929842408,1.0319160719568472,1.1728507759198679,1.1033276059864985,1.0818984767192856,1.035812122582008,0.9642709260159679
2041-07-31,1.1951036933509767,1.036711375035882,0.9913727482305128,0.8372641815848255,1.0255854614266706,1.1736814477265525,1.1075916282111178,1.0747870952025318,1.0434717301545913,0.9604727286461024
2041-08-31,1.1901850663210312,1.0362184569252273,0.9956215278727034,0.8433815696455693,1.031965343596264,1.1725573220474705,1.1105893442334036,1.0758341644093146,1.0391522770599426,0.951893112277248
2041-09-30,1.180506876254437,1.0345438445951105,0.9906708474384515,0.8387814629323102,1.0407186991166857,1.174577726342629,1.1037600558120344,1.0741413069140275,1.0453738602390485,0.944339668440128
2041-10-31,1.1771613156535652,1.0425701488948156,0.9984669187007926,0.8379490351991188,1.036817050749351,1.1830646776271458,1.0990719757676957,1.0736463415678166,1.0435922471920343,0.9434087466833154
2041-11-30,1.187631610438229,1.0417539834444183,0.9993003486765226,0.839398479160118,1.0375256231529824,1.1790450274976139,1.104819580218955,1.072213188214131,1.0467823378707617,0.9407997120265765
2041-12-31,1.1921317822164927,1.0466769095162214,1.01135819898342,0.8388653828651134,1.028562721243092,1.1831617667638556,1.1178526846277523,1.0765889128736554,1.0386768944481046,0.9458805959830103
2042-01-31,1.1942127847988742,1.041215008443884,1.0119025092445246,0.8303467957609072,1.0277129135156917,1.1765511639964876,1.120302458927058,1.0842841539656964,1.0453336652998084,0.9423620849878154
2042-02-28,1.1846260421558115,1.042655447920054,1.0315842791754766,0.8419288336489962,1.026208806346398,1.1801189646275025,1.12290151880918,1.094950202603584,1.045831940482743,0.954432946532177
2042-03-31,1.1806039398071704,1.0380798201060464,1.0342624092098003,0.8400334287319762,1.027274885887718,1.1880209505040131,1.1329616713627673,1.0931119339235666,1.0454899800543793,0.9564299219619006
2042-04-30,1.1727177789302181,1.0412904443581565,1.0373545338057018,0.8403047788103664,1.0158742191705168,1.2027417820600397,1.1341976054414822,1.0960200862473248,1.0472734317739008,0.9598408605994706
2042-05-31,1.171839554837442,1.0343866090313332,1.0277912643691367,0.832368423688395,1.0100825825411315,1.2022347401671585,1.1195266793482164,1.104113911203372,1.051228456561005,0.9614401698033329
2042-06-30,1.1651911578219059,1.03313835326314,1.032420899042051,0.8219507619543059,1.0137484052042463,1.2122579832097022,1.1244711649481178,1.1091045403566275,1.0473869414073107,0.9643721562054144
2042-07-31,1.1813045554418502,1.0216517017211089,1.5189673262642784,0.8231963823333581,1.0081111822036974,1.222591814301287,1.1161397578589318,1.1033582334688925,1.0475316292731403,0.9593412248095514
2042-08-31,1.1791716269650123,1.0308234841312878,1.518393403777861,0.8265880847145161,1.0220576061095001,1.2344441691734416,1.1174925534027664,1.0984118591658985,1.045948452773962,0.9613654472061737
2042-09-30,1.1881228264163657,1.0367209961865274,1.5239662443517614,0.8325652233215004,1.0139061193694663,1.2397888499276375,1.119352270010033,1.0979323443259736,1.0463239672730924,0.9525498588499663
2042-10-31,1.189401576831067,1.0340189353416234,1.516782729842567,0.8337004489486641,1.006575529742711,1.2434377739823166,1.112814236785158,1.103493380070983,1.0420438275452926,0.955630779490994
2042-11-30,1.1918112869749695,1.0309747222434251,1.5063316413051213,0.836032392833134,1.011735962176009,1.2442187471598687,1.1077817832200072,1.110968325579226,1.051046243500976,0.9675092720322019
2042-12-31,1.1933497127167443,1.0311982988570758,1.500661298098811,0.8382104290713899,1.022406500242066,1.250738433413107,1.1008405494282583,1.1127323979407062,1.061997101081621,0.9706157587498704
2043-01-31,1.1951692860968661,1.0338452015680843,1.497031477949745,0.8391218162017725,1.0428549175538158,1.2553584053965663,1.1057867120861418,1.1191623477074473,1.0592686670343963,0.9816291689915384
2043-02-28,1.1876412833309953,1.0317109235572366,1.4895688795403639,0.84537955123692,1.038077449662238,1.2586946986048775,1.1047254644673754,1.1137157187611522,1.0648596473774015,0.9816833874650317
2043-03-31,1.2083164624196534,1.0313070463783152,1.4862700657207735,0.8337651497257015,1.0421369518677732,1.251077509556628,1.1035265941695076,1.1107143208906527,1.0659689314992316,0.9736706656205859
2043-04-30,1.209186503292222,1.046223392919846,1.49894506741955,0.8295362240964972,1.0369486734660818,1.2391653795492417,1.1064644288596648,1.1069457602785602,1.0613930277917347,0.9674374515332214
2043-05-31,1.2213346843688098,1.0530295279786055,1.5063352822725602,0.8357989809094732,1.0240133782219678,1.2445983800964089,1.1018191362121355,1.1074504269435204,1.0642072628895822,0.9656341124378409
2043-06-30,1.2215139547149079,1.0545437356088314,1.5008566204032583,0.8374368343738244,1.021925679676755,1.2502660092976519,1.10310894195117,1.112160879075162,1.064195128105824,0.9771840729329795
2043-07-31,1.2122836021894894,1.0591655440229988,1.4941152889373606,0.8376582149876932,1.024512668105469,1.2412799717193808,1.1043517488798962,1.1146742102468148,1.068054508079072,0.9712907664669235
2043-08-31,1.2137541076682468,1.0559794208590476,1.4987439954890027,0.8477712738364803,1.0268570422349343,1.2306761559917305,1.1192411100490114,1.111881360092649,1.0634058693313895,0.9725336457064548
2043-09-30,1.2081944964552758,1.0533921765278658,1.4926160990437314,0.847529766664525,1.0471894063775742,1.232102872599828,1.1172958810350968,1.1131919655353528,1.0620350191818808,0.9726991735757027
2043-10-31,1.2110392472291742,1.0562274999442463,1.487518411351861,0.8516431116786983,1.0355183157146228,1.2388903999300744,1.1303839686116728,1.1142778389637005,1.0655019236998449,0.9705329181707851
2043-11-30,1.224544974027854,1.0530190137686914,1.4830388976043114,0.8496503888464532,1.029898068370567,1.236176878393699,1.1416167266636266,1.1099703918716344,1.06489897167203,0.9618225888790264
2043-12-31,1.2204860146764802,1.0522415376491852,1.4816412784317994,0.8470671503493312,1.0308503191636473,1.2380498449091037,1.149039128269708,1.1100161488204814,1.0726404667489056,0.9615528370033355
2044-01-31,1.2160079818870757,1.0515524323409935,1.4870900392070823,0.8446750306225843,1.0417144803273808,1.2379310355635222,1.1559582335819174,1.1159698153995663,1.0760453680099726,0.9622900605993394
2044-02-29,1.2169900879950573,1.0596513698567112,1.497922612280782,0.8504232248289882,1.0472641084235716,1.237826469334778,1.1597615003092918,1.1182018968175715,1.0768217074196067,0.9604392723665873
2044-03-31,1.2200938825702787,1.0570000069996413,1.5011386923124599,0.8509309928527684,1.049000655343188,1.2367214742736958,1.160204910743924,1.1200775249595392,1.0798847887361152,0.9586730018449239
2044-04-30,1.2188614529140287,1.0575002928209805,1.499325515124384,0.8463209080027003,1.048035480599393,1.2579256876330067,1.1644317127059076,1.1238364207366647,1.0893808204185331,0.9647608893621942
2044-05-31,1.2317742477827356,1.051994658380344,1.500268584996421,0.8474866774383114,1.0472270891335835,1.264382323441747,1.1681830169116667,1.1331118014687345,1.090043429281214,0.9623141207879593
2044-06-30,1.228468792681961,1.0560079996776408,1.4995139861752405,0.8454530316911841,1.0514451018102449,1.25529707370774,1.1666896457682059,1.1410809413748872,1.0891696439746195,0.9612712258856664
2044-07-31,1.2261457160605143,1.0515175782731674,1.5119965508388722,0.849919326045647,1.0442524750709594,1.2456109861617572,1.1574282851570623,1.150669467141597,1.0974909169230684,0.9650510955503425
2044-08-31,1.2197478520852898,1.0534945282022796,1.5021344490560309,0.8500929845954173,1.0371317134666709,1.2604210581863373,1.1542239202673499,1.1529571370669736,1.0995099906092805,0.9661970445827213
2044-09-30,1.215978272641858,1.0559594813092925,1.5117922700387392,0.8485881415073684,1.0322551111270548,1.2511872895894411,1.1588408467000297,1.1529145647845285,1.0991636584181224,0.9676290430753518
2044-10-31,1.2148193705083778,1.0552157380292595,1.5026454376149019,0.8450212273931951,1.0355925133136148,1.2436525327556023,1.1552619833939126,1.1560109748113907,1.107679521343635,0.9683145253008262
2044-11-30,1.2201917571411265,1.057380323570298,1.5177068806747052,0.8356058993643551,1.027327507473667,1.2439927265283752,1.1569272678276838,1.1633119836631103,1.109675525193834,0.9687025187034529
2044-12-31,1.219113238409522,1.0706909809297982,1.5205000692584227,0.8314901550486185,1.021565324783603,1.241016616893859,1.16131235083499,1.1641092529320283,1.116047200163984,0.9696542341439696
2045-01-31,1.2311635398545762,1.0802262062950105,1.501697714768222,0.8323913078844707,1.0298331102328482,1.2464716247991752,1.1704155039361845,1.1748189656175247,1.1165116403428272,0.966791680602599
2045-02-28,1.2284441064110694,1.07688102551007,1.49089065254563,0.8283165508500538,1.0205388115171319,1.2475193051809836,1.1750005194118467,1.1755587763282134,1.1192405506790692,0.9558198978805699
2045-03-31,1.2238145401655822,1.0707362206407764,1.5008545346296576,0.8295688862098559,1.0170849468276513,1.2400711620813247,1.1797561855781695,1.168832133002621,1.1170823137993164,0.9594995659637084
2045-04-30,1.220992507816441,1.0679241405277473,1.4937222478062417,0.8294081865777688,0.9989718722006835,1.230762278375371,1.1655437109066382,1.1682665603513995,1.1161425114735979,0.9673235350712159
2045-05-31,1.219112556397796,1.0747346142133887,1.4880541998506498,0.8284866910748401,1.0093027358697255,1.239022988552406,1.1574098445859646,1.1700330602709752,1.1237151408033292,0.9753562563008769
2045-06-30,1.2064387664327851,1.0733635704113444,1.492297175847252,0.8292600661355454,1.0052694581883255,1.2288539994525471,1.1634690674883026,1.1767805357786727,1.1243088556269596,0.9832330145801356
2045-07-31,1.2000065912060207,1.0778467371896112,1.4975957717299384,0.8286731640613181,1.0149064244211186,1.2177895064244746,1.1592509745593942,1.1754431181621854,1.1268961229548442,0.9835016603352207
2045-08-31,1.1970530084981064,1.0846400295182228,1.513009548752899,0.8242110754890203,1.0180821224889447,1.2118832072823245,1.1549614555452514,1.1745662608136074,1.1231291415551208,0.9765983032680046
2045-09-30,1.1926104764916077,1.0923023171706991,1.5036179411787662,0.8255696385756541,1.0203695888949746,1.2211720995193847,1.160196998054728,1.1712849140535027,1.1269784752106127,0.970809420370144
2045-10-31,1.19774292322372,1.1102772452147769,1.4911172477338663,0.8220265628519943,1.0174932145856719,1.2252910639395416,1.1531162987660075,1.1715721270119661,1.1224403546092747,0.9707515622070387
2045-11-30,1.202292815598375,1.1066223876654757,1.4709312818440616,0.827065435140668,1.013349745843217,1.231366791336744,1.1569441518691523,1.1783712305788099,1.1153702487793575,0.9735529283532937
2045-12-31,1.2021657550655673,1.1084892675831133,1.478718442708526,0.8270375869668338,1.0216705495625527,1.2239221973296806,1.1592563448427418,1.1822710693519292,1.1081530518996499,0.9777742743990661
2046-01-31,1.198978000883494,1.11693528911752,1.483189653271723,0.8321889318289876,1.0191207192695533,1.2210108759206315,1.159696031065868,1.1836895513617889,1.109830619836727,0.9767455496787488
2046-02-28,1.1890485249997536,1.1142648924467202,1.4854584497193977,0.8251545757159844,1.0197138190266168,1.2266972640617886,1.1555915934263354,1.1812404289641671,1.1067092408301753,0.9696445473687539
2046-03-31,1.191553521198221,1.120234157126038,1.4840166133978983,0.8209473798275593,1.032959338099459,1.2268077621491056,1.1639365698557256,1.1715142348606506,1.104581130075035,0.9765463286458358
2046-04-30,1.1979864978357313,1.120560761093046,1.4920573695395705,0.8206484070008837,1.0403754739510283,1.2294115590846937,1.1739082546500101,1.1634573686560996,1.0979455862614436,0.9800585355754241
2046-05-31,1.2045531159690035,1.1194523296065608,1.486971854769633,0.8244701420005959,1.0462298364001523,1.234781663542506,1.1696712457461265,1.1628553472750738,1.1101647781535142,0.9822166670896724
2046-06-30,1.2054809948920087,1.1206916602332977,1.4970994986001402,0.8264343385140623,1.0559127127339407,1.2202673315818706,1.172829793642955,1.1689370177750895,1.1235645483265462,0.9803322112442387
2046-07-31,1.2039548999154446,1.1303888630564725,1.5021564190930405,0.8284099177364173,1.050510734367043,1.2297109439637695,1.1660632399788993,1.1792839051573805,1.1224582916876134,0.986940304553346
2046-08-31,1.2192121891972165,1.1334124386851057,1.5074157133222355,0.8250959774490532,1.0476989258774285,1.232645805703191,1.1735719696517928,1.1786218889777196,1.1142673719330647,0.9865787730578968
2046-09-30,1.207628701619934,1.1461296614972634,1.5137401016674066,0.8250526108535894,1.0539703184588425,1.2367298948486376,1.15976572879606,1.1793719811212924,1.115879936186897,0.9854180013866762
2046-10-31,1.2084722062863795,1.1532146757790351,1.5165479690210706,0.8314661154794241,1.061131046380867,1.2416329221896714,1.16464899985647,1.1785507217201485,1.1154614066794126,0.9900526933280875
2046-11-30,1.2005157878952906,1.1600408032222402,1.4995325593579807,0.8314340566517735,1.060826347903325,1.2527663802434346,1.173600466461873,1.1783965932169387,1.1096877653947383,0.9938555221054944
2046-12-31,1.1950276399280848,1.163519545643287,1.50183837551843,0.8359194358593895,1.0592663949444425,1.2437092574816297,1.1626019993944035,1.1696002546576727,1.1043246532773912,0.9917815455407496
2047-01-31,1.200693816006578,1.1712410367727477,1.4935135396323944,0.8308071514138118,1.0544386354938666,1.2389861773885649,1.1569282684679028,1.1723527147757948,1.1054864457293934,0.9859146742129354
2047-02-28,1.1966923468580277,1.1656032427374985,1.484419969381459,0.8342062485055223,1.0418042380750048,1.2416986005740571,1.162180076950834,1.158906528176878,1.1142917397513423,0.9809997681776746
2047-03-31,1.1961254071536676,1.1705861707130025,1.4761910404349285,0.8340615194236998,1.0330133856231745,1.2324198913072542,1.1642073858454955,1.1631054507311127,1.111237009055696,0.9819515734130366
2047-04-30,1.2025849829986646,1.162039626713974,1.4819431008157213,0.8319776896790773,1.0358889832070959,1.2387559453462715,1.1682099039126645,1.1690460656830526,1.1212251253152752,0.9764296408375285
2047-05-31,1.2065254856564793,1.1733239581761454,1.474922903320554,0.8363339121578961,1.044181218748478,1.2216925265007148,1.1668027217698653,1.1702240058067244,1.113403890171111,0.9764182217631223
2047-06-30,1.2144830848007477,1.1769813426006854,1.4742971349147194,0.8400700201502067,1.048498223011817,1.2195110572666175,1.1661667865617926,1.1727888891079987,1.1109243068228254,0.971774742135711
2047-07-31,1.2232712235927,1.1760305373955984,1.4693866641384652,0.84684568421514,1.046589294066866,1.2183303963562535,1.1705002495480068,1.1754915811758264,1.111668108116163,0.9747844332403123
2047-08-31,1.237316803082469,1.1861308512092876,1.4641060990015387,0.8441887356213995,1.0651594875084027,1.2223187920447973,1.1776604482707798,1.1729910941069084,1.1024383089511982,0.9778926691176237
2047-09-30,1.2375221468933812,1.187090398971883,1.452001447885443,0.8485660650330198,1.0561178143208787,1.2176854307234866,1.1762531086850312,1.170182659707953,1.0910394508011925,0.9831977704997041
2047-10-31,1.227976091497383,1.178809365826528,1.4635632527298306,0.8488056123253508,1.0612063400594416,1.2102502162838205,1.1682797465063341,1.176282504705418,1.091064223446304,0.9816074424253125
2047-11-30,1.2312969106086018,1.183721424491222,1.458285001663676,0.8445206627591781,1.0704076392319515,1.2080472695253786,1.15657825852682,1.1823779837952182,1.0968071527133425,0.9904611638355453
2047-12-31,1.2410657211897786,1.1977876867375232,1.4632355658430694,0.8438875789503946,1.0751396677712775,1.1974646130699649,1.1635730035432297,1.1876181669536403,1.1036248393381232,0.9812047792760954
2048-01-31,1.2396489357245666,1.1984159898822089,1.4541245952366908,0.849343132947872,1.0903461211219136,1.199395816554084,1.1574635316531356,1.1877340656069726,1.1018796580235977,0.9569405927304349
2048-02-29,1.2324014380278687,1.2059204774138699,1.4379131916577672,0.8536954077213041,1.0831509675513715,1.195726138334436,1.1477967375268974,1.1900210178333854,1.0975473903146606,0.9557668175441228
2048-03-31,1.2261747053440455,1.2097585062114216,1.4281985936128454,0.8535777414082015,1.0889690321683694,1.200047491603983,1.1606965730297747,1.1884692123755363,1.099417322864013,0.9475044879131607
2048-04-30,1.217257196126572,1.203626017694468,1.4275566164005709,0.8523937561009998,1.0993785838686596,1.2009129215894292,1.1601951768927417,1.1803102709014295,1.103541804749511,0.9531855762709792
2048-05-31,1.218623038651332,1.1904456943531103,1.4510140426429072,0.8575983531216098,1.1003639948772228,1.1930914541028,1.1651714149790502,1.186561165807135,1.1058595323572953,0.9438944608935542
2048-06-30,1.2300242521055333,1.1897900799916465,1.4535831914949604,0.8509390518207259,1.0996136797523781,1.1867461948812859,1.1744413992425689,1.1869745989519567,1.1112181097409581,0.9390480332227893
2048-07-31,1.2389264554939599,1.1834858242338162,1.4660431221026615,0.8582109572653571,1.0988902848758726,1.1914834803033312,1.1656942925725078,1.1743974441825282,1.1032184438712325,0.9388386093223884
2048-08-31,1.2480657039078835,1.1788541281733678,1.4742428167886774,0.8539980944745817,1.0915236452499335,1.190841473569478,1.1642622338642143,1.1848063157675897,1.1071000949788254,0.940016742796032
2048-09-30,1.2362189176520364,1.1727849581522583,1.4730658963412213,0.8546057707219765,1.0898652258295756,1.1961845884366396,1.1708538273970586,1.1701744627381072,1.1099800514851332,0.9287379073980955
2048-10-31,1.237038003035965,1.1637894646206595,1.4782670591763916,0.8560332682910439,1.0807210636512794,1.194530504180173,1.1638274215985864,1.1584589847064257,1.1125935854036775,1.2213830337299156
2048-11-30,1.2274910110779833,1.1532296367625103,1.4861602352163488,0.8539051184575224,1.077070022375197,1.199808499385161,1.1605066754893034,1.1688710079517455,1.1141692965802168,1.2200839805511954
2048-12-31,1.2366524025246368,1.151088311184937,1.480397480828075,0.8546200026872738,1.087648986855293,1.192355575553197,1.1516856945934657,1.1673902773661298,1.1233179527937684,1.2345480473131707
2049-01-31,1.2385793276562977,1.15721490601655,1.4827736185665479,0.8491608917459108,1.089858883390162,1.1781821144579057,1.14701736713081,1.1606298592518687,1.1253506374468496,1.2410601833165658
2049-02-28,1.2339227976556773,1.1573546084288306,1.4784689945073026,0.8455172514643956,1.0956439714581945,1.1580548409881297,1.142956319944643,1.1695044621497737,1.1279187894318428,1.248779715028307
2049-12-31,1.233917945226627,1.1573366202877786,1.4784615800197596,0.8455146993695528,1.0956374269994782,1.158029678524977,1.1429267866357178,1.169498420302527,1.1279043933202066,1.2487597093476102
