,hrp MC_Iter_0,hrp MC_Iter_1,hrp MC_Iter_2,hrp MC_Iter_3,hrp MC_Iter_4,hrp MC_Iter_5,hrp MC_Iter_6,hrp MC_Iter_7,hrp MC_Iter_8,hrp MC_Iter_9
2024-02-29,0.9999999999999998,1.0,1.0000000000000004,1.0,1.0,1.0,0.9999999999999998,1.0,0.9999999999999999,1.0
2024-03-31,1.0,1.0,1.0000000000000002,1.0,1.0,1.0,1.0,1.0,1.0,1.0
2024-04-30,1.0,1.0,1.0,1.0,1.0,1.0,0.9999999999999999,1.0,1.0,1.0
2024-05-31,1.0,1.0000000000000002,1.0,1.0,1.0,1.0,1.0000000000000002,1.0,1.0,1.0
2024-06-30,0.9999999999999997,1.0,1.0,1.0,0.9999999999999998,0.9999999999999999,1.0,1.0000000000000002,1.0,1.0
2024-07-31,1.0,1.0,1.0,1.0,1.0,1.0,1.0,1.0,1.0,1.0
2024-08-31,1.0,1.0,1.0,1.0,1.0000000000000002,1.0,1.0,1.0000000000000002,1.0000000000000002,1.0000000000000004
2024-09-30,1.0000000000000002,1.0,1.0,1.0,1.0000000000000002,1.0,1.0000000000000002,1.0,1.0,1.0
2024-10-31,1.0000000000000002,1.0,1.0,0.9999999999999998,1.0,1.0,1.0,1.0000000000000002,1.0,0.9999999999999997
2024-11-30,1.0,1.0000000000000002,1.0,1.0000000000000002,1.0,1.0,1.0000000000000002,1.0,1.0000000000000002,0.9999999999999999
2024-12-31,1.0,0.9999999999999998,1.0000000000000002,1.0000000000000002,1.0,1.0,1.0,1.0000000000000002,1.0,1.0000000000000002
2025-01-31,0.9976311746737294,0.9967369145121054,0.9995523955693434,0.9976742071874511,0.9981187192594272,0.9933551709908115,0.998318924126567,1.0002548203313077,0.9970995266580645,1.004353198579737
2025-02-28,0.9840126267305604,0.9934239823736875,0.9915509325520424,0.9995673700293697,1.0088448634454765,0.9975916304853315,0.9973017131447011,1.0059235356855054,1.0029031256887175,1.002724563742137
2025-03-31,0.9872334760677206,0.9926222216304289,0.994567374444506,1.0006717730773624,1.0083433066710032,0.9945777429746223,0.9922774482116783,1.0013050164449566,1.005386993694986,1.0003755216529984
2025-04-30,0.9848699478645553,0.9859042752027688,0.9976523158631979,1.0020932029951877,1.0150499224535596,1.0080670403939629,0.9899181919763885,1.0001760673530615,1.0040737297343514,0.9984357656996906
2025-05-31,0.9886240412142381,0.9830870471580166,1.0000566805072408,1.000132074474215,1.018735825430645,1.0040515765791764,0.9884322423709913,0.9988296692706262,1.0111203826738735,0.9955988715937005
2025-06-30,0.988207340161171,0.9889955865117871,1.0040771757390503,1.000478251998792,1.021192585666778,1.0020186541200515,0.9866356375585313,1.0016999974586,1.0142789522008673,0.992645520259198
2025-07-31,0.9857491912236702,0.9845761753726933,1.0056338792155834,0.9948115755283266,1.024419298170626,1.0018525195566084,0.9886328265804687,1.0030862910516756,1.0184654032624276,0.9933455195489509
2025-08-31,0.9856018264104807,0.9874157862678227,1.0089944634137304,0.9874930704217438,1.0270559141538556,1.015954277508789,0.9839332103442266,1.0103383514594337,1.0216737664610835,0.9900342019282345
2025-09-30,0.9839433288028373,0.9880445544331189,1.0074027554821325,0.9886141177736688,1.0247131898506088,0.978800268258765,0.9800825311858274,1.0125692464157685,1.0214877300455978,0.9836126205103738
2025-10-31,0.9759324324865575,0.9870806725759088,1.0033510751094186,0.9939934192901893,1.02226583322124,0.9758000187712342,0.9760708334628312,1.012127125622844,1.020556804239081,0.9864727958998689
2025-11-30,0.9784935172195552,0.9840838762025828,1.011457028441654,0.9959458730836315,1.0222191376982546,0.9760241209772835,0.9766969613653367,1.0080360810810192,1.0219986774011607,0.9806991802488942
2025-12-31,0.9815265128778667,0.9885892615234486,1.017322206471674,0.9899580392993382,1.0228635742558387,0.9689764021390287,0.982580591705127,1.01691574965769,1.0140464517995942,0.986656197173659
2026-01-31,0.9872877962742485,0.9919518277461317,1.0126690973401842,0.9917049808899452,1.024072645753938,0.9722089956956205,0.9902803286348143,1.0211199747817072,1.0063810889348688,0.9903456143169758
2026-02-28,0.9811406213269136,0.989605783336559,1.0109618213359735,0.9970189281053136,1.0207170622903428,0.9733188707235737,0.9920419507133125,1.0226213994707682,1.0046676352442319,0.9924506567308982
2026-03-31,0.9839854941836785,0.986542400630122,1.0168794137082198,0.9982125778348077,1.0245100410303603,0.971237432382804,0.9894112770259993,1.0187465886010394,0.9981442176577132,0.9941544313345044
2026-04-30,0.9811738440137052,0.9824219730422704,1.0138661017796498,0.9998778987761148,1.026376394923597,0.9715721219905018,0.988503865464128,1.0253997947942948,0.998021729781934,0.9976185734211109
2026-05-31,0.9795871300817214,0.9845598195365912,1.017512865355527,0.9968181799136463,1.0231886964758388,0.9777220894754932,0.9797548387606425,1.0292575984232837,1.0064498328310878,0.9948687026521386
2026-06-30,0.9854763442507771,0.9911650277288306,1.0110731127954555,0.9882229574171894,1.0252465985977568,0.9774000550654857,0.9779646414143539,1.0272802220769919,1.001416798506749,1.362326161014774
2026-07-31,0.9850111402874637,0.9936286991863982,1.01327064187329,0.9840546317622234,1.0343169494911788,0.9778363661457484,0.994220833645603,1.0300112629702356,1.00573544866589,1.3713421794310476
2026-08-31,0.9826223044841073,0.9922246100073764,1.01975270751197,0.9542576985493246,1.0315592538229912,0.9792121087723137,0.9928978337453678,1.0322952114402189,1.001439157474963,1.3820569075540408
2026-09-30,0.9825861332510307,0.9919265017427198,1.023500022339327,0.9541704056117196,1.0371576417417345,0.9793473311078247,0.9831456073545068,1.0342976716091563,1.0002804636067082,1.380822747104047
2026-10-31,0.976824687282711,0.9853458909950982,1.0379431654529185,0.948481307818719,1.0395664091377272,0.9764122970112487,0.9920090339835109,1.0258598174447902,1.0027808480445903,1.378869732332817
2026-11-30,0.977199998272534,0.9852033070546798,1.038101874788074,0.9570240182894707,1.0405084073915143,0.9760814086084973,0.9864608140627251,1.0224738736506744,1.0010168913118185,1.3905980849435502
2026-12-31,0.9753716781716153,0.978805247605752,1.0385716657476185,0.9553722878085175,1.0393319499206453,0.9752436258097869,0.9808933295981699,1.0272209686735447,1.001544536132119,1.3950358388460795
2027-01-31,0.9743380718419861,0.9798652287272992,1.032317311949867,0.9600221081494553,1.0343705877290785,0.9812554793861238,0.9753989984005144,1.0303890270507219,0.9976427918674178,1.387607511237712
2027-02-28,0.9753691463242158,0.9737813881561448,1.0146535817956206,0.9598503870537594,1.0411796177086456,0.9817485130047389,0.9769082760633271,1.028836838911646,0.9916759112359217,1.3955197196793072
2027-03-31,0.9743811055020258,0.9774743923751152,1.0136668371309545,0.9577105383867316,1.0399326561459963,0.9757420352827137,0.9726235921148284,1.0253856082879151,0.9912969016731691,1.3955030884971409
2027-04-30,0.9778532372233704,0.9736895873458009,1.0088636811542626,0.9521151073534886,1.0372594701332816,0.9825094274103388,0.9753526199417762,1.0237250955088313,0.9920993396966902,1.3978601403622162
2027-05-31,0.97698953134219,0.9690883023062149,1.0088407092962073,0.9527562724382002,1.0333874042741005,0.980485782362517,0.9741553743236936,1.0145067100477365,0.9941335315505457,1.4142330319966034
2027-06-30,0.9738493918515497,0.9664653569840658,1.009227914349323,0.9530655612831945,1.0450569569810415,0.9834416168222798,0.9710687517196998,1.0129423547508651,1.0009113588223553,1.4182349442087407
2027-07-31,0.9717033248489132,0.9699047266091965,1.0048474199004231,0.9498744190926701,1.0427732782755383,0.9756832790926634,0.9301275843832876,1.0164505715956762,0.997366236131891,1.4190391221490568
2027-08-31,0.9620200828176605,0.9309075657954826,1.002747029173529,0.9518165657705143,1.0479128521422387,0.976078318901657,0.9321292031974965,1.0177086776339652,0.9904894710991955,1.4083149856549801
2027-09-30,0.9650501350310455,0.9328555620262959,1.0111823293043984,0.9607649815320699,1.0515216729436807,0.9748711630400856,0.9314844868217755,1.0115781251201117,0.9872576633138297,1.4095156521830279
2027-10-31,0.9608749368182983,0.9377847069213175,1.014701774923834,0.953425051259658,1.0495630900285298,0.9794996071215961,0.9309650018451113,1.0034104347304762,0.9841325457991867,1.4181079166151627
2027-11-30,0.9617130942440935,0.9338923912386885,1.0065604175869562,0.9480047228119588,1.0545698245284814,0.9767900154549437,0.9327797781723829,1.0110196142071137,0.9835626316276302,1.422424138469493
2027-12-31,0.962275205920089,0.9261483030716053,1.0025339989993263,0.9477808553888075,1.0567822262638462,0.9742031655010027,0.9350759008526219,1.0123478020350103,0.9832406715320231,1.4205177078928488
2028-01-31,0.9651427006517237,0.9229987988708622,1.0058232446279927,0.9446542229923324,1.0511475360600127,0.9681338477254235,0.934115922680114,1.0081850232036342,0.9788015893920727,1.4187901556986215
2028-02-29,0.9667489661648425,0.9267073542325971,1.003184010428779,0.9478779849926349,1.0481962477965978,0.9689940904884137,0.9351698792980483,1.0055191288527858,0.9753269460534023,1.4359699741541458
2028-03-31,0.9761108503947772,0.927521596843412,1.0054260785462932,0.9422632203551845,1.0568178708947682,0.9688249441617358,0.928408504944033,1.0058177255683405,0.9703842911857686,1.425215349619347
2028-04-30,0.9797626395321014,0.9228963736671676,1.0032109582781223,0.942019887693434,1.0510936744542714,0.9642342735675684,0.9332548962372915,1.0050968085398213,0.9754509176348516,1.4321604816680762
2028-05-31,0.9799082598755174,0.9313098149593888,1.0044640356419163,0.9416639732320025,1.046554880232696,0.9641226258463101,0.9262897489699367,0.9998902730223299,0.979018260589029,1.4297474966058143
2028-06-30,1.3478946713977766,0.9334970230471503,1.0066094781787414,0.9219596947842567,1.0486225765654185,0.9645393388523535,0.9193920054524334,1.003753455944201,0.9840646188575697,1.4202785403590081
2028-07-31,1.3514268817460278,0.9366322746967997,1.0035148670708054,0.9213215972903437,1.0497539896242194,0.9734939927944956,0.9188292019049967,1.0000392311771826,0.9837363770060141,1.4277335760590193
2028-08-31,1.3497364250041712,0.9358690921281972,0.9986209307168576,0.9218803500506655,1.0538892323551339,0.9726293654421068,0.9174448270910546,0.9970692616805525,0.9791259508175292,1.430007695940299
2028-09-30,1.3495230868243462,0.9361992947893064,1.0120597193860585,0.9176843670616979,1.0524031297744594,0.9765349156922275,0.9104809613753585,0.9960129194823891,0.9767510992696701,1.4298436258727367
2028-10-31,1.3541826094335832,0.9397397673689358,1.0098061739998383,0.910975324359266,1.050451544437987,0.9814142404454281,0.9132498111686739,0.9971808999723943,0.9765841005079497,1.429857664925894
2028-11-30,1.3501484248740017,0.9424547766120404,1.0055876583395278,0.9108604146319726,1.0578668897921362,0.9897962618237187,0.9137749947763555,1.000533909362796,0.9798623786107146,1.4271994887691335
2028-12-31,1.3511263052435618,0.9382498324265494,1.0098585250814172,0.9188183363309207,1.058095429017654,0.9971961258204968,0.9133919775372676,0.9988107110492722,0.9770662035275207,1.4333205109841674
2029-01-31,1.340224957766332,0.9376894530869282,1.0105284511880643,0.9127780310141557,1.0571596330876694,0.9956235307065979,0.9128341603618563,1.002892388432798,0.9781157468550935,1.4426904847867423
2029-02-28,1.3586113847658272,0.9365642084970168,1.013384163940179,0.9071036904816895,1.0663694873188587,0.9907021422238478,0.9084727364887895,1.003605536474566,0.9749890220536003,1.4402904803565217
2029-03-31,1.3582282573250315,0.9448054838599939,1.0202687743596706,0.9075897600224424,1.0642475555431914,0.989169986196307,0.9108140788446136,1.003237496997812,0.9764555991178895,1.4431816087830653
2029-04-30,1.3609633517621773,0.9462727150705683,1.0204166789680353,0.9119924020136946,1.073672768728006,0.9861360324814421,0.9044401296211719,0.9999678309675858,0.9749353751529312,1.447164008160437
2029-05-31,1.3595147170250812,0.9414391197761353,1.0228919240977266,0.9058086248704899,1.0697248730522562,0.988222003797802,0.9060474270819323,1.000028068960739,0.9748604249953281,1.4452259161114653
2029-06-30,1.3632770264933243,0.9389480502905299,1.0217583381100372,0.9086052391101901,1.0747722553364025,0.9848037101590469,0.9051133113974732,1.0032500723043052,0.9835950655400013,1.4363440315631943
2029-07-31,1.35896319014734,0.9378038659482651,1.0192181309208495,0.9081558168876673,1.0745438280457293,0.9852819210106604,0.9016498264095669,0.9998268140283312,0.9803404263984721,1.4365714189539658
2029-08-31,1.364344956221353,0.9372271188594522,1.0194779695765033,0.9038120330021212,1.0738593569814108,0.9875133606615558,0.8976405255155266,1.0034266365288949,0.9852528097339381,1.4407420796976071
2029-09-30,1.3644008459544412,0.9366039016316863,1.0195468531755791,0.9029816269036506,1.0742168484329304,0.9838042205335653,0.8945300749145498,1.0023584744420608,1.446293031729664,1.4381420665108446
2029-10-31,1.3707549637770258,0.9329804492714908,1.0210644588409337,0.900708880394948,1.0685354914943037,0.9847070717062372,0.901357580735714,1.005413914130265,1.442329346516403,1.4477219303144526
2029-11-30,1.3597670970482827,0.9254929627640662,1.0195141428257253,0.9028316448492107,1.0651327456762052,0.98603233523847,0.9058582149021732,1.0105898807594653,1.441305639272887,1.4454398814088203
2029-12-31,1.3626809606973673,0.9271115469425691,1.018891227953613,0.9028909281023895,1.063375877368326,0.98260205354989,0.9020796937447226,0.9701114208337924,1.4352295330690081,1.4533528885934257
2030-01-31,1.3555325609801931,0.9322472912715525,1.0198597798349365,0.899201197850214,1.0552440534854628,0.9854378227246037,0.9041795540087187,0.9733281728126971,1.4431676014057344,1.4513402757005793
2030-02-28,1.3549168381133778,0.9319222633884754,1.0301305286471163,0.9012951725424041,1.0502037700087765,0.9906703161388309,0.9016027236950159,0.9786214976588464,1.4401947575617948,1.4546205430408896
2030-03-31,1.3561760408118164,0.9332991051224198,1.035039787598147,0.9077093555084842,1.0536093487336076,0.9911243135078726,0.8987818111640193,0.978392140232894,1.4400643028869153,1.4453977245082579
2030-04-30,1.3620074838601615,0.9291559771614635,1.0342173850862648,0.9082552162140531,1.0552453339719539,0.9937544257576496,0.8933092327692266,0.9791782438429484,1.4381173755554846,1.4442393571583607
2030-05-31,1.3634670507179054,0.9273422561615405,1.032482613850574,0.8997144913664155,1.0457646365501876,1.0009243584772265,0.8897106655047589,0.981028418009718,1.4492144857296523,1.4440947752946378
2030-06-30,1.3610424373910845,0.926291451602798,1.02808574919001,0.9012929451801168,1.045966110036844,0.9938763485709442,0.8924912980598962,0.9816990712376087,1.4481300984368333,1.425589781653597
2030-07-31,1.362171929217424,0.9294572723878691,1.0276950771507656,0.8977291905056598,1.0442811220125883,0.9881173422210296,0.8948759782677712,0.9858507662150962,1.4388820953272303,1.4232276225683944
2030-08-31,1.3588462887249773,0.9259272536402379,1.031098633260993,0.8839423325217334,1.0424302486106243,0.9848428581805391,0.8978559799116655,0.9833894291986234,1.44002973955331,1.4288360233088133
2030-09-30,1.3663905210432108,0.9318688065545665,1.031709765248076,0.8825626934896226,1.0366679224931057,0.9885275242389879,0.8938624989711,0.9801269053433447,1.4265131813416714,1.4121954934188499
2030-10-31,1.36046985637377,0.9368595926643449,1.0337171479221474,0.8799101305524046,1.0395182987156633,0.9835616104805469,0.8879518087433588,0.9792352276248294,1.4249351425139882,1.408471107971697
2030-11-30,1.3583880475967411,0.9409940589118111,1.0282997714479825,0.8802055872920458,1.0284839411121065,0.9817173054000036,0.8948761135995617,0.9402029989231083,1.4299806789652532,1.4131241488166852
2030-12-31,1.364859422736734,0.9434758847906859,1.0312711588043166,0.8737638736957917,1.0246028084324648,0.9835147639641995,0.8919938881585753,0.9402286793490905,1.4208092759968647,1.4103855705676067
2031-01-31,1.3614184571614782,0.943673883985349,1.0349610855339924,0.8738776329888811,1.0236392103445446,0.9880171559592874,0.8928318607833173,0.9421321434515606,1.431653922701012,1.4054670960394762
2031-02-28,1.374901785867399,0.9424744635678812,1.0329507746897775,0.8806826504843563,1.0253407988688519,0.9881074604705844,0.8881593298264238,0.9369469262184065,1.4451348628930947,1.4086891524012188
2031-03-31,1.372598964610003,0.9459831986894843,1.04062923071244,0.8808569867260024,1.020935089881352,0.992292501207227,0.8863756567364567,0.9399984178556595,1.4428754676594089,1.4074981598988812
2031-04-30,1.3814068328565903,0.9420209418087854,1.0405635589946711,0.8799997378781137,1.0153147810297836,0.9777361707246743,0.8869300428634054,0.9337564885063493,1.4396197166484355,1.4099634514291532
2031-05-31,1.370599662834297,0.9508523892928671,1.0354833519972753,0.8811327707444183,1.0213697026683968,0.9836654412477103,0.880652801800732,0.936521725399424,1.4444526808804514,1.4099213875720435
2031-06-30,1.37635660086688,0.9549107470437881,1.0376821378298464,0.8859154401815679,1.0223707846452874,0.9893481150487617,0.881574001326022,0.9335080525126467,1.4405136521381237,1.4129710129647668
2031-07-31,1.3753813776434454,0.9522953324230297,1.03662275224836,0.8805333933947288,1.0290147903064022,0.99702343026187,0.8822831744600037,0.9313642158804367,1.4382114537174475,1.4060936804053146
2031-08-31,1.3821181502069448,0.9531887924559105,1.0315526906472945,0.883798343633534,1.025745966015144,0.9981669957814175,0.8810276512085629,0.9273709998337143,1.4543187548183374,1.4042471737281554
2031-09-30,1.3662657079499363,0.9464507861049519,1.0284887712902058,0.8836136644245317,1.1572439833409123,0.9969810905298824,0.8857876852334758,0.9263593500875414,1.4547657536713199,1.4061186930933505
2031-10-31,1.3759558302570885,0.9500822123656759,1.0315580228331833,0.8822916492784125,1.1521030062604865,0.994492389009467,0.8885140817185003,0.92350835315728,1.4587100122990693,1.4060375215741194
2031-11-30,1.3820490396583798,0.9510680303341578,1.0316891058956652,0.8888953960310972,1.1498500893770096,0.9948554680856857,0.8836076786560499,0.9245547109270318,1.4534476460365882,1.3947039079778052
2031-12-31,1.3759429326921577,0.9537943525292933,1.0287410010288152,0.8846406926715646,1.150770480501359,0.9939841802597722,0.88804533307899,0.9191407608298009,1.446880720068788,1.3984446455031299
2032-01-31,1.3814844717151613,0.9515227172025602,1.0295287479813215,0.8866189515679423,1.1561847492644237,0.992056030762439,0.8860101725505312,0.9236186229767265,1.436952747384866,1.3969099378193857
2032-02-29,1.3862122650114312,0.9574134775502483,1.0246376883768988,0.8873509238438304,1.1512025282523233,0.9892592155202405,0.8889777590579316,0.9343308538502257,1.4413386482809796,1.3801516772022548
2032-03-31,1.394567850677842,0.9571822824556345,1.024070098261432,0.894818662031378,1.148089634869758,1.4384169904164554,0.890145250970695,0.9306010260485968,1.427793809361777,1.3731874566384872
2032-04-30,1.397937943705316,0.9593676762018293,1.0211759048894813,0.8987422344483058,1.145218929526513,1.4403835852956592,0.8915741830222317,0.9243310443720925,1.4264345119765574,1.3708820812502185
2032-05-31,1.3978855032071125,0.9544950615408165,1.0180422057691245,0.8988366990608129,1.1502030504185308,1.4486411794661629,0.8864172238828164,0.9239462563063484,1.4255656330308069,1.3638397931899844
2032-06-30,1.3949763292960828,0.9531913487490498,1.0193644264751724,0.8934371895358406,1.1488483791982085,1.4560202966755518,0.8846782608362724,0.9224829746837401,1.4179609346588467,1.353608824575386
2032-07-31,1.390376009346785,0.9521204549400234,1.019256252988379,0.8946291222603707,1.145034110507583,1.471124229379528,0.8829784912044206,0.9257508487845693,1.4171475738311712,1.3481913049066738
2032-08-31,1.392290802359108,0.9467281389011185,1.0198728009425684,0.8891540620837541,1.140856137698499,1.465355639700895,0.8815405738727219,0.9295408725197505,1.4230198782217318,1.3522729708436863
2032-09-30,1.392436837509476,0.9384105098752156,1.0213052402664882,0.8870901337781378,1.1488399824437525,1.460219875839314,0.880986506429264,0.9321173046875991,1.4287389148168592,1.3544243670889933
2032-10-31,1.3942346766444198,0.9345213893039451,1.0282168166878607,0.882390861863844,1.1570243097329491,1.4613657816152363,0.8866781786444167,0.9319250482388783,1.4347587534030106,1.3564242602416219
2032-11-30,1.3906670272194142,0.9320634807241952,1.027731051116084,0.8872300100871423,1.1558035651141356,1.4661450462394996,0.8841799059246157,0.9383764289479835,1.4313117730658051,1.3510478743706975
2032-12-31,1.3914418564099882,0.9327143470327254,1.0336307986313464,0.8897572962727925,1.1544135512341216,1.4747176529119972,0.8830159580573398,0.9382793582765303,1.423072229603172,1.3579091739546518
2033-01-31,1.390554069817394,0.9374610858017909,1.0280884730143636,0.8851809925653332,1.1483503959033392,1.4767373646022395,0.8833178845709667,0.9386227920697904,1.4192409556465335,1.3678880343945925
2033-02-28,1.3841962021754415,0.9382865745637023,1.0338457137835797,0.8831716512118779,1.1446428729370304,1.4815562715555823,0.8835678474703068,0.9444894604567032,1.4138897285435506,1.3666318972137874
2033-03-31,1.3975280218757111,0.9376185654819839,1.0327846019525557,0.8830800360689844,1.1451435226986324,1.4874727263374679,0.877547467487868,0.9540696543194286,1.4039478296438397,1.3678853004774623
2033-04-30,1.4026702277194874,0.9394141488931886,1.0253269818149808,0.8849852223229489,1.1405909346768646,1.4828999617562793,0.8793439111311468,0.9584955271633746,1.4035706125543843,1.3652179372045745
2033-05-31,1.4022841716588557,0.9373034629234285,1.0291956930327266,0.8819299914294813,1.1496867057057314,1.4799585824350932,0.8818701487323811,0.9524664621565514,1.3969626953388876,1.3587119921942972
2033-06-30,1.4047998756570979,0.9441675599375404,1.0241027021451838,0.87839933092799,1.1459472652762785,1.475251418001946,0.8867723607748078,0.954320209166156,1.40537044122558,1.3631563725558606
2033-07-31,1.412654322750595,0.9393050544622279,1.0296848539238617,0.8774708912710867,1.1384848478617533,1.4728736573188175,0.8934177046458057,0.9510390273329683,1.2794034823752447,1.3539056325253631
2033-08-31,1.4209314418584806,0.9346840893604108,1.0330138220687664,0.8723534047179038,1.1342807216416908,1.4611158627834304,0.8883202204530551,0.9492120418363355,1.2762322995840865,1.3551771669438433
2033-09-30,1.421774631083473,0.93315485788916,1.039103791031209,0.8730103093497076,1.1375381751409057,1.4524796320574977,0.8950663945050086,0.9459596617647198,1.2752980168086987,1.3533119023807314
2033-10-31,1.4256068757847415,0.9266985845409461,1.0327320898200982,0.8751288712172494,1.1357293900505465,1.4474562726358688,0.8990023035389358,0.9482356621875127,1.2745441339428973,1.3597088948966383
2033-11-30,1.424180356956721,0.9277316822756521,1.039768683220576,0.881977186953025,1.1353036129242466,1.450369337526164,0.905742079263721,0.9494385581869574,1.2697229480511414,1.361288510010303
2033-12-31,1.4332250635727064,0.922020963437763,1.040350996145568,0.8705137372725615,1.1360335260698773,1.4521678765665962,0.9050020556789995,0.9538460490512612,1.2686458693191442,1.3627425038039667
2034-01-31,1.4482910321734854,0.9258846129674236,1.038110438694452,0.8698477619371833,1.132417732579418,1.456848820533491,0.9069109426755688,0.9602253402092237,1.272329786694664,1.353725246392902
2034-02-28,1.444728565078129,0.9220566836656348,1.0369977892571474,0.8720700715267798,1.1368828598969418,1.467066079586853,0.9071657045591549,0.9612644116559236,1.265677405715925,1.3468062792429594
2034-03-31,1.446858432760236,0.9170400630668248,1.0267198424718988,0.8719791182270802,1.1356237035121006,1.4778845240050544,0.9018016377426555,0.9619723674768577,1.2635316698119556,1.342840150709899
2034-04-30,1.4486427448337984,0.9170885753605756,1.035645136387484,0.8752845723972178,1.1377887901727937,1.4802236848608756,0.8958975082135621,0.965953276211527,1.2663355574964474,1.354649384170746
2034-05-31,1.44887331702032,0.9247302836211033,1.0308737535173402,0.8771243051185532,1.143100359228063,1.4820297574975325,0.903757221020348,0.9632153529906221,1.265223844113379,1.341561502653331
2034-06-30,1.4429907587256454,0.9267081026028017,1.0344576593231718,0.8757097948764686,1.143085728566323,1.4723253638859217,0.9049419516056264,0.9587748122998703,1.2718982824868312,1.330228351412626
2034-07-31,1.4500157591038434,0.9246663851088823,1.0300876917507713,0.8751455955193446,1.138198908889116,1.475777108834657,0.9047656576213907,0.9602087375481697,1.2639860708966597,1.317743912184594
2034-08-31,1.4493751597526192,0.9255076206075037,1.0266976322485373,0.8802752359740831,1.1399593334729425,1.4705287402862166,0.9057289912474521,0.9591732367114609,1.2600890291646878,1.3229504065925144
2034-09-30,1.4618306458732166,0.9241535969469369,1.0331122600578226,0.8760992328928835,1.1389929387884064,1.4744124317609504,0.8999869953317032,0.965530187253331,1.2599848677453094,1.328332726744559
2034-10-31,1.4699622750006207,0.9265176534927214,1.0338094895692667,0.8821819345181423,1.1354350821099077,1.4825005709739467,0.9030758879445118,0.9683660368264062,1.2535585612763036,1.3254251938051094
2034-11-30,1.4734206864648485,0.9256784411847259,1.0356866901860127,0.8855598437759657,1.1454342526972197,1.5016077809150186,0.9038980041438135,0.9659796242670925,1.2615258856905105,1.3215982764977892
2034-12-31,1.4824217435562326,0.9318285694717767,1.0338205065969222,0.8903362401241429,1.1456720768104904,1.491598514724045,0.9051556880641104,0.9624090008884673,1.2668761607873773,1.3367090113640991
2035-01-31,1.4926893926732057,0.9309059825003579,1.0308132824312894,0.8875645154595554,1.1437568607390893,1.4959533323412513,0.9092739776752466,0.9533199654544887,1.2725978803955194,1.3249234650490704
2035-02-28,1.50458071356203,0.9280474833750595,1.0320487010041444,0.8853025728912569,1.139972015000504,1.49505917840514,0.9127867697398917,0.9494420993474173,1.267857760508495,1.3294536102343357
2035-03-31,1.5014202603324398,0.9342540905563055,1.039747500032876,0.889630337789495,1.142075766654423,1.4950866515538341,0.9139154278001905,0.9519538864136758,1.2643909568620706,1.326707772505415
2035-04-30,1.499877287585043,0.9389907852788758,1.0466960720772733,0.8867363502045317,1.1428863541045935,1.495153733434995,0.9078092206951404,0.9520638145154228,1.2645253618520569,1.3320074272293232
2035-05-31,1.5139660806896114,0.9430326801438789,1.0453952766642574,0.8869947850822141,1.1386866372688702,1.5058352319079527,0.9034326091757806,0.948642273852793,1.2641661237457487,1.3438039833703368
2035-06-30,1.5131677837130368,0.9488782836846155,1.0490211197946024,0.8824381797993378,1.1378253262885072,1.5040796413641422,0.90488423098728,0.9470006891706525,1.2642420974558413,1.3493434556588988
2035-07-31,1.513282519478893,0.9512805924130298,1.039490500624074,0.8897553521813444,1.1453675928973852,1.5102663427575158,0.9008914472429267,0.9551601073866355,1.2641573515852977,1.3559520794121198
2035-08-31,1.5092883920930626,0.9517974263397896,1.037014395055649,0.890912011022446,1.1460418286119674,1.5098573667478812,0.9001438953506733,0.9585178610732398,1.2633305213556383,1.3571720410439827
2035-09-30,1.506060560213227,0.9582774596393359,1.0314297866790023,0.8904939866049726,1.1403720024527813,1.5145239010987033,0.9027480310830381,0.9572829077574443,1.2617030110402,1.356654442660528
2035-10-31,1.5087040385107509,0.9536840250943324,1.0261135590677828,0.8895538097654626,1.1334546352735821,1.5212688200848754,0.9035054873025903,0.9560838280911232,1.2561082113343092,1.3522318241593414
2035-11-30,1.4967118880562276,0.9606024425292533,1.0269291768093796,0.8927849244588092,1.1322168287969812,1.5154435565998068,0.9004019229303337,0.95668080076319,1.2585985256766958,1.3562958303859458
2035-12-31,1.4995167497560957,0.9589266591405908,1.017180653649718,0.8919460732677893,1.1267678688600828,1.5247328569480938,0.9025649607005045,0.9590774594208169,1.2633784314584213,1.3616841222918183
2036-01-31,1.498212593024412,0.9584401736680882,1.017775785762371,0.8921944019387428,1.1336261813451787,1.5154991713798496,0.9051908939164242,0.9585155551762621,1.2611808303761192,1.3485192890646036
2036-02-29,1.5046817866792082,0.9647996574373623,0.9944009737053566,0.886520479794541,1.1324924584480236,1.5208708699348465,0.9007364319539065,0.9540266725043625,1.2576626847777044,1.3540136885670249
2036-03-31,2.2511552999756104,0.9654730788491018,0.9919399789253012,0.8890240197063941,1.137502480336583,1.534815501898705,0.9022159889065166,0.9514366273368832,1.2588027281067091,1.3597624404537694
2036-04-30,2.2480782741118444,0.9764691175131823,0.9936968890508472,0.8927783858444578,1.1341085400799644,1.5336909656071538,0.9012650076577431,0.9516176098235082,1.259463329630089,1.3563955060156623
2036-05-31,2.265094451233291,0.985181501125966,0.9956774702178751,0.8999684576559657,1.128947373052498,1.5429836927703093,0.9039542040613116,0.9509778815135437,1.2532298652419414,1.3627236075358466
2036-06-30,2.2566366656925196,0.9826683051467757,0.9917906788353846,0.8999870417488594,1.125189546868606,1.5466702086176174,0.9106143002010795,0.9643046738976419,1.2537020681164832,1.3604393563706945
2036-07-31,2.262529672210145,0.9794854011332766,0.9960157867630395,0.9060399633722234,1.1227158214687187,1.545153132879692,0.9098288901606166,0.9688391472325247,1.265811584129119,1.3644950616768996
2036-08-31,2.273953253907123,0.9748700209761163,0.9865423940273805,0.9031905754810021,1.1202462726237898,1.549935322072832,0.9110826121916602,0.9676207106275183,1.2711615006258685,1.3610559641144782
2036-09-30,2.278948340629679,0.9662325142160622,0.9965417662001513,0.90128367045513,1.1191313310276314,1.5448514341429258,0.9158365175237085,0.9661342888485683,1.264858828471687,1.3569637242363606
2036-10-31,2.272375389554284,0.9593700882767535,0.9960832885064449,0.8997256321469589,1.1136428438075767,1.5372562575476463,0.9203529125910707,0.9628421852541131,1.2769502832170947,1.3641025642839513
2036-11-30,2.2567473045804096,0.959209377017756,1.0025829182968755,0.9020122829422305,1.1178416905674,1.533049708832655,0.9263286844539081,0.9628328441012567,1.285081898031464,1.3605851395766742
2036-12-31,2.248167547072108,0.96031899469008,1.0035251661726994,0.9035664601178668,1.1100343273864182,1.5214736248683403,0.928396659997366,0.9669325979263907,1.2891934784128123,1.3680507719635204
2037-01-31,2.265863776648584,0.9644924051195729,1.0036570002026428,0.9001923694486893,1.107297607793295,1.5102190210518915,0.9233381337175893,0.9677696271327408,1.2905779441850322,1.3672902063126648
2037-02-28,2.2591921065555125,0.962056957887789,1.0058657955502488,0.9007463309383608,1.0973756391204612,1.5051157046659849,0.9263955849452447,0.9696704623575559,1.655747920925519,1.3575262863462092
2037-03-31,2.2420700554176722,0.9672427167899539,1.0068231148952267,0.8984222901795058,1.0956024029683917,1.5080004816484087,0.9155713745458907,1.6566366564146475,1.6607568938600952,1.350615249994512
2037-04-30,2.2475202827125913,0.9661739404172637,1.00682947516278,0.9035528837219524,1.0891582428520632,1.491874237795044,0.9189986744547314,1.6510294741922273,1.6679332154733668,1.3465995112737472
2037-05-31,2.2540554614726376,0.9634600673080729,1.0104778947315431,0.9016264508312236,1.0895016827650905,1.4870879682023292,0.9194176542565156,1.6522351663715729,1.6758002764068065,1.3406485168129845
2037-06-30,2.26032799414757,0.9574385752381285,1.0145177126736769,0.9012788355370404,1.087703892625726,1.4855562118465984,0.9178233140745253,1.6653806800761004,1.6741781683936416,1.3468539867831109
2037-07-31,2.2666742800375608,0.956131273435094,1.0160436859458915,0.8998556064682401,1.0831240644783104,1.4935879960988825,0.9143396887553241,1.6793061241380798,1.6738469966614575,1.350655778240308
2037-08-31,2.2732674309508556,0.9594835052843346,1.012727275496367,0.9000201258234236,1.0698273429448406,1.5005011467368174,0.9118252618870423,1.6677511891825252,1.667844280593181,1.3509359778279908
2037-09-30,2.2661368763435332,0.9653164800391274,1.0041561763684013,0.8992486151251844,1.075855497423823,1.492116299750328,0.9114521412600753,1.6726838951781902,1.6780265192735047,1.3618707916985267
2037-10-31,2.269733473240982,0.9680613853232723,0.9992296427580281,0.89737668779914,1.0747012873988913,1.4902584690224272,0.9133262956669931,1.667809470655944,1.6622324824067654,1.3510262263971482
2037-11-30,2.2795260099504993,0.965501394043954,0.9986146371646846,0.8960110886934674,1.0778972489098524,1.4929058963251538,0.9180519072936241,1.6796526268983156,1.6500293146937268,1.3537237138661398
2037-12-31,2.2824227115126536,0.9633777561860735,1.0000844376655003,1.08231617200464,1.083257796513427,1.4918139623736963,0.9161441032518095,1.678238979002017,1.6512379368747307,1.3439486078526017
2038-01-31,2.2705030874442147,2.1981727201479817,0.9966425502066122,1.078840362176435,1.0725023188787572,1.4908252863839786,0.9146949085562487,1.6761634816059814,1.652402017322272,1.3517955182367343
2038-02-28,2.272321089843502,2.1914487155419904,1.000530708131095,1.0768239220748976,1.0718900116574728,1.4865935475518046,0.9194517320351145,1.6772939441803034,1.6629193816080508,1.3541117410465275
2038-03-31,2.2704400503845004,2.176825753949066,0.9911349557787041,1.0751112970902275,1.0736341681823487,1.4829983063633208,0.9217208734362489,1.6696057061304046,1.6723009537631253,1.3564777450350152
2038-04-30,2.2692035354712576,2.1904984442392488,0.9946698544173146,1.0762896655311869,1.0742396402254533,1.477270562992257,0.9239051757964244,1.675314447112308,1.6532012915625725,1.3637296209772976
2038-05-31,2.2741160508868545,2.1905765131991908,0.9973224301106829,1.0710610352837011,1.069040030023322,1.4728870219842949,0.9271335438426435,1.660936775419675,1.6448453776704286,1.3683235617455478
2038-06-30,2.27921921060328,2.177977257916518,0.991927918216159,1.065578216857349,1.0684209179749464,1.479263633825735,0.9287265473557633,1.6607195094706535,1.6353124947800408,1.3687400806067205
2038-07-31,2.277311034217733,2.1653276576628273,0.9946799841965546,1.071152770156739,1.061423629096368,1.490353465803908,0.9306785384346934,1.6564987845656691,1.6356775748369552,1.379430062197246
2038-08-31,2.279599243566204,2.180694358111106,0.995974778345589,1.0711097126445486,1.0573952743140864,1.4875155668882434,0.9278794449182628,1.6744656486199172,1.6491815077050467,1.376220041358371
2038-09-30,2.2879043624212327,2.161609151067277,0.9983754011331432,1.0671051066368151,1.0525569516535471,1.492173927906083,0.9243417749187105,1.6870367801072885,1.6420567775287744,1.3712594529524782
2038-10-31,2.2868077291533124,2.1643214542082454,0.9987696969774956,1.0623482149628223,1.054824128342383,1.4884645360196334,0.9183988275030331,1.6866437966250691,1.6409088766383966,1.3760645433670975
2038-11-30,2.2864192093663505,2.1423760642606546,0.9974339741518133,1.0625334084323723,1.0545079649653182,1.5077828127817074,0.9194730999770544,2.581435676449423,1.652570593631598,1.372807718909388
2038-12-31,2.2990019375524775,2.1405232706095054,0.9923852110639501,1.0594167886244685,1.0487009206247924,1.5125543916963773,0.9162524558355484,2.5848185141451427,1.6411544137340774,1.382534028194442
2039-01-31,2.3087105146912954,2.1429903432689343,0.9965787980933798,1.0629281159555177,1.0558833012251676,1.5232042209061578,0.9228199044325995,2.6077198710229754,1.6377859123380971,1.3527209342134427
2039-02-28,2.2932810953455207,2.156849556614866,1.0044870602899552,1.0633246458039123,1.057742582084573,1.5286957525558829,0.9193066141674573,2.6028030043412795,1.6344114077096037,1.3526197207516588
2039-03-31,2.2900673842391397,2.167231222870776,1.0078095582933033,1.055757301898856,1.0562043319216106,1.5371226389253503,0.9252026203500385,2.595830640412845,1.6320798754679509,1.349681005469243
2039-04-30,2.2969131511671343,2.1737641018167313,1.008851741013816,1.0627769217140575,1.0553086525439053,1.5262295809444353,0.9226920642530773,2.5856783405868335,1.6422116858626818,1.3477682202431829
2039-05-31,2.291233456903711,2.1767833471230875,1.018030517609561,1.0600437019584301,1.0596744446462643,1.5188152550416516,0.9260079979291308,2.615907185457198,1.6290163780846862,1.3504726463617753
2039-06-30,2.300476057620368,2.1872343412659516,1.0101963138326415,1.061585710660116,1.0621053310264383,1.522149434749726,0.9272583450109079,2.6203104644380226,1.6284132320006215,1.3430875533731041
2039-07-31,2.293078228691316,2.181155958400903,1.0007580862935304,1.0584935260789172,1.0583057811032939,1.5082474571906586,0.9162629155953185,2.6199570054537142,1.6275894084571338,1.3397102014691618
2039-08-31,2.2820915712742993,2.1770495934248166,0.9919734309076428,1.0703478451856605,1.0600627848135011,1.5057781026777612,0.9177955502688521,2.631895070208932,1.6125235728622331,1.3293005173770387
2039-09-30,2.2842849590253813,2.199155123899779,0.9896633165419564,1.0659354919145172,1.062417524212722,1.5028625245764777,0.9184317386348974,2.613752231514395,1.6151760286959767,1.3402241182462833
2039-10-31,2.289914054184131,2.22518104991281,0.9861147272186925,1.0663714601521275,1.0637860654140203,1.4944731185330997,0.9164734339807288,2.6039801622829137,1.6114371618835328,1.3428428997964756
2039-11-30,2.2708244362526524,2.2131516210431306,0.982628283550415,1.062732540815586,1.0612775901050415,1.4987396785039668,0.9148787415215741,2.606500306969429,1.6240704894564344,1.3419447761798642
2039-12-31,2.276551748466414,2.216934868126676,0.9838047836772477,1.0641904167033744,1.0613435459789091,1.4934476091297486,0.9124214987263051,2.6103163888566345,1.62285828674518,1.3500750145104214
2040-01-31,2.290851536430914,2.2058413360776794,0.9795890763519555,1.0611110061507718,1.064403324644876,1.4965858595984436,0.9118903130119099,2.609442699282993,1.603501803866417,1.3482621176941836
2040-02-29,2.2980611731614338,2.209725230807049,0.9885167106352811,1.0571630292563414,1.0583829162455913,1.4980543093297618,0.9098674339749258,2.5729829102240585,1.6002577433886631,1.3566571386890351
2040-03-31,2.2796289040178466,2.22365313070543,0.9857637516737874,1.0577253713147634,1.0595324481592006,1.4951622368205264,0.912910006142894,2.5583544735460007,1.5996268133165463,1.3477752680610904
2040-04-30,2.287799039295802,2.219657860769981,0.9918604740256395,1.0590931911319745,1.054314146745698,1.481833277224693,0.9207468137647349,2.561453111908761,1.5954733359568898,1.342087852774896
2040-05-31,2.3069850906786575,2.2151401071525068,1.197859628546595,1.0636613434907378,1.056552529316646,1.4877452064925263,0.9144506731723716,2.564648588448441,1.5805723335286874,1.3520722463786035
2040-06-30,2.303322162398289,2.2084543676471142,1.202482402173066,1.0656021249358023,1.0576721092526211,1.483996038550544,0.9161805302600731,2.5576255685122735,1.5845501041546592,1.3560510135235568
2040-07-31,2.3079224291205804,2.2112216554076283,1.195295197033535,1.0701751667991912,1.0547556363605668,1.4801274093304981,0.9150974697977653,2.5556951049584673,1.5982344287936407,1.3636619608774112
2040-08-31,2.304844235757124,2.208590412774746,1.1975316912584792,1.0673713889766878,1.0523472164310803,1.4886961628935853,0.9172978735420885,2.5677156896064472,1.6046359097389151,1.3661752743291133
2040-09-30,2.2942640311132076,2.2089217349764567,1.2037723062564334,1.071238882823898,1.0548747727549832,1.4992573016344553,0.9207523355340934,2.540867004185085,1.6010049099177823,1.3647669911406748
2040-10-31,2.295321342737827,2.181755004841915,1.2056450198371973,1.5610256156832942,1.0594447561747713,1.4985153500046493,0.920593142775025,2.537551250833906,1.5979241192840812,1.3736448102568577
2040-11-30,2.304235715236116,2.1839340778853433,1.2146192994766047,1.5509144030969793,1.057344589260611,1.4907014718523455,0.9228366572321784,2.528041265202745,1.6029171074593767,1.3680652769256458
2040-12-31,2.307527605615963,2.18048917655231,1.2186998766590753,1.5417193962707412,1.053579911836971,1.4904878016453338,0.9255542618184781,2.52627513696347,1.6119920134273602,1.3602766800777903
2041-01-31,2.302765393946577,2.1896461152952074,1.2250009082867575,1.5448389473541946,1.051605045396008,1.5008075529114178,0.9261597179226847,2.5404011634471475,1.6121804279949896,1.3560561969403768
2041-02-28,2.2992939490171973,2.174223568994144,1.2294348034670826,1.5433422285103537,1.052938436709723,1.50966870453189,0.9327939365433743,2.5274323780711105,1.6127819679631863,1.3516653719327418
2041-03-31,2.3145525550952244,2.1779618816083013,1.233976625568269,1.5368964708265704,1.0523001844269406,1.5078361142183863,0.9303854872850641,2.512455504505399,1.6113256002260892,1.3540907489420635
2041-04-30,2.327948355651287,2.1776164798295756,1.2287784828953252,1.5394265673550653,1.0548727499499868,1.520013689762154,0.9331357968454268,2.5054292752333804,1.6136936183698187,1.3524159171341146
2041-05-31,2.351340810870188,2.1804413890786347,1.2347295491264976,1.546319077093163,1.0626202379514054,1.532811371103693,0.9353292654640967,2.5136137958311426,1.6103807025278432,1.3479967671794717
2041-06-30,2.3556020129894977,2.18811205383929,1.2514800961325183,1.5434443931107342,1.0623667539726185,1.5282109450189587,0.9351322102600469,2.5182371704162905,1.6190894426277362,1.3525904024278887
2041-07-31,2.3398794232176474,2.175018826282138,1.2497845867002142,1.5354689029937063,1.0630520071863188,1.5286562914157806,0.936842487461361,2.5136024628566656,1.6268666586907052,1.3491014735621392
2041-08-31,2.339353377883514,2.171563738982617,1.2504811409148575,1.5386320544694714,1.062978438923552,1.53116566555775,0.9418434605422887,2.5119167751792038,1.6232496420044318,1.3407360765554026
2041-09-30,2.339581515443157,2.1693453095404065,1.2447309496515369,1.5334790097219488,1.0700477362541707,1.5303638479620942,0.9371099943924621,2.5009898619876143,1.6296002326891066,1.3430366571050454
2041-10-31,2.3463827058668283,2.1770648767963188,1.2446861989188356,1.5312751731582517,1.0682681770821492,1.5389598305978849,0.9357651635396377,2.488495248415195,1.6230594517131378,1.3467152894204468
2041-11-30,2.3502320598244855,2.1809820377597102,1.248870059399857,1.537489159625557,1.0681574160299694,1.5381362696671137,0.9355485746069964,2.4797896138525237,1.6329361089397652,1.3413675186522864
2041-12-31,2.3562862003710285,2.1897743779918137,1.2554463412538592,1.5320236557021278,1.0622129076608946,1.5440973416457648,0.9358362153763181,2.4916153750146885,1.6216336087191852,1.3520693983696142
2042-01-31,2.355987959543804,2.1795538380241943,1.252185856528316,1.5211675865296985,1.5394479246630401,1.5327581794362934,0.9349763721814619,2.502053815255874,1.6274903528368292,1.3543853445969727
2042-02-28,2.3642120394608606,2.180781753156961,1.2581834588112901,1.5318086593412363,1.533263510826801,1.5321246554979948,0.9356295135262251,2.5174118411454334,1.624952182867147,1.3708650260226845
2042-03-31,2.3589994122538376,2.1863494775724575,1.2606560143196626,1.530754714719093,1.5312160475593968,1.5432201746237089,0.9349130444326768,2.5124844157899635,1.6169369858671483,1.375505562554441
2042-04-30,2.3750480111462933,2.202879194320697,1.2541357875440675,1.5263356213296473,1.5289871796565344,1.5481714591841518,0.9396318494460387,2.5258717423035257,1.6135995755079642,1.372650886864552
2042-05-31,2.374606437806441,2.190104643915067,1.2454567853883154,1.518294426266095,1.5266605136328433,1.5450794207285086,0.933896156928831,2.5468600578782365,1.6170459249273337,1.3746941316525112
2042-06-30,2.3514628540751437,2.1850063184423427,1.2498961652529388,1.5043628121306276,1.528307573514985,1.5506050749051266,0.9382660632483056,2.553321409861334,1.6088758446487124,1.3734548115601288
2042-07-31,2.359625429047427,2.168511398452385,1.792508711846966,1.5084944337272632,1.5271267050366009,1.5561641146401797,0.9346916117828457,2.5502750240664778,1.609142467853926,1.3722248370930987
2042-08-31,2.3652484580182054,2.1798803592790486,1.7920871323338616,1.5131128138725936,1.52362618050131,1.5578559919118184,0.9353482056698872,2.546537932090759,1.6072323842969478,1.37569176134275
2042-09-30,2.3731826925623576,2.187904103966046,1.8001918094972915,1.5227266810578552,1.3064214259283535,1.5537119147144378,0.9397194162812496,2.552244918784703,1.6066966650223413,1.3728187170357253
2042-10-31,2.3848028614651873,2.178923044760145,1.7928897576463008,1.5236272579552288,1.2985035756788097,1.55777074353261,0.9322486753266882,2.5673609066722753,1.602963364187205,1.3590585401184936
2042-11-30,2.3800196640392883,2.167399813292442,1.778264609632387,1.5238090238566087,1.294678087871339,1.5569014806326875,0.9282785507123655,2.5747727743548685,1.6143892391401076,1.3745619226462347
2042-12-31,2.364785099587472,2.158370925141626,1.7677963642596137,1.5334449328995996,1.3048995054856773,1.5665656053954413,0.9236778843926292,2.5733656094433575,1.6249456113759826,1.376980993589091
2043-01-31,2.3748053907006903,2.1560772066483183,1.7593215076030433,1.5390028555580009,1.3105981940942202,1.5660615748607873,0.9284891677559789,2.578711581638562,1.6232316846293044,1.380315845264707
2043-02-28,2.3705642292979823,2.164473517015946,1.7594079529842528,1.5491182694559398,1.3105699157561006,1.5728129625325993,0.9290728978750374,2.587354110292479,1.6301531317868994,1.377599306292731
2043-03-31,2.3871436026287,2.155970008921948,1.75970830811373,1.5340292948037242,1.3091774036200639,1.578914217760841,0.9248535894842573,2.5916321374078857,1.6290002983110652,1.3664718709210248
2043-04-30,2.3812256959256612,2.1769287664454033,1.7741082366581427,1.5301249246904427,1.2989769747093574,1.5792189772272565,0.9263390055048256,2.5911375222197397,1.6251909752504534,1.366039307143094
2043-05-31,2.3903717388069174,2.1909471840766237,1.7829245772025826,1.5390376582669756,1.288809702566374,1.5855739703434772,0.9232539282130261,2.605400589461697,1.6177942815139323,1.3706851901828545
2043-06-30,2.3960187037301828,2.1944748457727283,1.7781350485596579,1.5369516145626094,1.2848488034352818,1.5914188909635931,0.9249430485940094,2.6133935501243135,1.6162417982171746,1.3795573259254368
2043-07-31,2.388515668271351,2.1947990001084268,1.7759473084017992,1.5331950582788412,1.2877878659583852,1.594186161895791,0.9249745588788237,2.6228995930872308,1.626027998325294,1.3792728190000234
2043-08-31,2.3824923508906557,2.1899041349905866,1.7786876038749866,1.5481540906584823,1.2993949918915162,1.5959414186020218,0.9301092746944399,2.610486602104883,1.6300678733407734,1.3815594784203915
2043-09-30,2.3612422015386794,2.1870325475521764,1.7838799294116263,1.5473313771709132,1.3074341376437686,1.6036395275367026,0.9322281197967922,2.614369898540774,1.6281942067327897,1.3873161330857169
2043-10-31,2.3749726398428552,3.772128708930376,1.7746821956529306,1.5495911914647744,1.3014955922563651,1.602657696518473,0.9373975296385753,2.606781914179489,1.63401342981745,1.3800993784137736
2043-11-30,2.3878734006526763,3.8134275035840526,1.7704598509531866,1.551521513775331,1.2963365970473277,1.607849454144113,0.9404198091369655,2.5951889305448597,1.639097425087598,1.3679883234711454
2043-12-31,2.386581875714908,3.815744598319515,1.7722543232358396,1.550257300764256,1.3013762306032262,1.6090664685826213,0.9472238337226311,2.577565595230721,1.6492289393935997,1.3683891948365006
2044-01-31,2.3809272877486563,3.827285722016763,1.7744461531162112,1.54793609105475,1.3086401082155845,1.6094845686907633,0.9493141946563823,2.577254040050573,1.642642758903751,1.3626762225220301
2044-02-29,2.3745549861517676,3.8472263199630983,1.7895505862664358,1.556708342545225,1.3080169594581725,1.611241359006828,0.949789872959923,2.5771297706309846,1.6464691308692947,1.3687341017057761
2044-03-31,2.3841462622950247,3.8524801880588826,1.7921398530982942,1.5628247512041749,1.31111040449978,1.618774708897756,0.9498205514190838,2.5772368125899483,1.6518318803289522,1.3699717582493325
2044-04-30,2.399847749269357,3.8709001920831496,1.7881817704891085,1.5654311483346801,1.3086846702319808,1.6317056423559704,0.9557004449681197,2.5754295283482773,1.661448221147673,1.3781906221790163
2044-05-31,2.4144972077606965,3.854290653682689,1.7839268820732337,1.5682546561835862,1.3107084440477093,1.6304132409245349,0.958015438110181,2.5868065968521954,1.6684157586175012,1.3831863578198986
2044-06-30,2.4137855762526117,3.8854690734693094,1.7850798568469128,1.5661212982080193,1.3089654175204646,1.620910439420768,0.9593583056148627,2.5882832505372972,1.682909971785183,1.3871608222751686
2044-07-31,2.410744952292455,3.872018646628157,1.7938208239865108,1.5782872064784497,1.3074193415081812,1.6157671001120226,0.9561049725065371,2.599534098614984,1.6924408161515536,1.3978753605483993
2044-08-31,2.3922152053966497,3.8694423528895423,1.7840468605750126,1.580927406241609,1.2960639376221759,1.625796611114237,0.955181530520511,2.595138334819074,1.6860351964894988,1.3979368822151086
2044-09-30,2.36816602415787,3.873907954306247,1.793075531118485,1.5760548284052833,1.2951592334141764,2.7407144495803233,0.955069561811489,2.598369599918861,1.6876540639747353,1.3966365493131052
2044-10-31,2.3561662369899534,3.8912206184266944,1.7859202911019534,1.5678128715149404,1.2978054007079634,2.7272053197725667,1.3165478958508516,2.608930715126306,1.7000093832833423,1.3874320759659289
2044-11-30,2.348628510716718,3.8819315208133225,1.7975111456832362,1.5568701892683823,1.2948640739327453,2.7199451760798965,2.2834539268512994,2.616621780963033,1.701290358350579,1.3838515544397432
2044-12-31,2.350779443768252,3.918686361641568,1.805024948990641,1.5459251186806846,1.2950200286417968,2.721870557765661,2.2814831428936904,2.6070491437475067,1.6932746191131995,1.3846459885655924
2045-01-31,2.3568129558151822,3.933560995915938,1.8009632925900543,1.5424348762541586,1.299377559459655,2.722478625472888,2.29701324904997,2.6190210404858716,1.6885815053799185,1.3831018973471627
2045-02-28,2.3443133595161125,3.9503099155983867,1.7930718864177333,1.5433786409930674,1.291995539437894,2.7349753190464323,2.296011723361268,2.6183843264890188,1.6902765088919998,1.3742654280330333
2045-03-31,2.330235927929804,3.9511858287113553,1.7999756585702715,1.5456199129580988,1.2930866129042249,2.736487507746051,2.307630948723629,2.60224260651198,1.6937380213555675,1.36869175146714
2045-04-30,2.3285410982773804,3.949808290049797,1.792293322305134,1.542724781991683,1.2822331308463488,2.7310129665495326,2.289693516696311,2.598660263306157,1.6938631411022993,1.3761117546111663
2045-05-31,2.335164463922322,3.964151810723057,1.786267343184174,1.5450776850746297,1.2870631179729561,2.7412059396766715,2.28777574307624,2.596866996519138,1.704962599400414,1.3776128120766589
2045-06-30,2.3122353567731526,3.949210270305912,1.7941268835390374,1.5496805752303222,1.2921913272987755,2.7358534742267175,2.2975760679694766,2.5891986932748545,1.7042641062408357,1.3915921243993314
2045-07-31,2.3049726185016985,3.9584630046625144,1.7979406204092008,1.5531911377506002,1.298523390067561,2.7230038863952872,2.285051047591148,2.586828449474795,1.7106999290590794,1.3887228057217336
2045-08-31,2.3142758894280355,3.9403240425058956,1.8044248368337945,1.5418464865967478,1.2986031989147064,2.722729138693436,2.2774501882850267,2.5809038554602384,1.714627093020812,1.3782291640236422
2045-09-30,2.3235138977272674,3.942553816886804,1.799865650207299,1.5459380141101586,1.2952203683901755,2.7383309238972893,2.2796179447927596,2.571183565667568,1.7154407524514816,1.368009368072517
2045-10-31,2.3342811200986313,3.9791221387518925,1.7885879951891341,1.5440606914312553,1.2901153132945815,2.7535924044594653,2.272041056522556,2.577480378446754,1.7146212950426123,1.3722530476583423
2045-11-30,2.333652270104079,3.964983572163131,1.7721057319040248,1.554343270278237,1.2963968163062578,2.761033003700997,2.2643690434056887,2.5873493535983756,1.7068062487969606,1.374182757263047
2045-12-31,2.3229196966665535,3.9845560500035013,1.7841535394695067,1.5514101622867413,1.3013100125390893,2.7521352437595246,2.2705620996947316,2.593900287834673,1.661958833242745,1.3819969734966813
2046-01-31,2.319004274209112,4.0097676998835015,1.7948645196231017,1.5566359036531483,1.3020209492104513,2.74882750617076,2.2719674403117844,2.603721147058582,1.6643442413500362,1.3769111547986783
2046-02-28,2.311252427456038,4.000519515369596,1.7997936127953928,1.5514706190930865,1.3032644972845928,2.763661637896882,2.2709523769710547,2.5967277121134837,1.6643684074868086,1.3681819768032946
2046-03-31,2.3042809719856963,4.014056623685589,1.80532665494188,1.5449458709216397,1.313303270604202,2.7588320888107507,2.2847556073894237,2.5794175010929123,1.6619894264803645,1.3732854239423586
2046-04-30,2.304802103221521,4.046447899412741,1.807916084069666,1.5432712705064642,1.321277666917262,2.7538302873328155,2.291194359565066,2.570166319864067,1.658697498887051,1.3781130444325274
2046-05-31,2.294325273390183,4.051741847916741,1.8122276001758213,1.5509572642100928,1.3256537469042582,2.762957468994965,2.281788835544623,2.58189808382869,1.6656470155541425,1.3761057933697685
2046-06-30,2.296438283134222,4.049562465368542,1.8230842975269068,1.551586524342198,1.3374399407575022,2.750947759020306,2.286300178269946,2.5913091732362643,1.6700340669726506,1.3676626543353865
2046-07-31,2.3008449462964546,4.0760095723415875,1.8230093622255028,1.5635165796716497,1.3375258862915151,2.7573565450800794,2.274868754396653,2.606695876762637,1.6690699762943972,1.3716662351873983
2046-08-31,2.318410551588938,4.068399163719752,1.830633696797218,1.5590483979498384,1.3329610435824577,2.766830999639872,2.278339842660523,2.61621639308948,1.6637291447421483,1.3662215327831553
2046-09-30,2.3199644146812752,4.109815513337182,1.8352163680417137,1.557639089475853,1.3359732012073136,2.7670741343848997,2.254747076726779,2.6174388408519085,1.6601758720421542,1.3668920002660085
2046-10-31,2.3122582160457386,4.113637144971535,1.8426304156647932,1.5624426582755375,1.3399832110212198,2.7647370514172405,2.2583371484712034,2.611918751370292,1.658079657680907,1.3730514038821815
2046-11-30,2.309800636726956,4.142698330030299,1.8321901323119034,1.5645046145637964,1.3399368937275389,2.782695318199718,2.2563030551827605,2.613051128624886,1.6538476878541741,1.3789911963530208
2046-12-31,2.311246423689439,4.132741978716977,1.8419869909623767,1.5770803249733485,1.3334000849239003,2.775214728652885,2.2432637793380037,2.6171459336686276,1.6413630314440169,1.378898258948133
2047-01-31,2.323202200684584,4.169660439473083,1.8348556818276396,1.567320121606138,1.3350837042125712,2.770124907983181,2.2443146465163983,2.629376038706303,1.6470811120478974,1.3773974191226073
2047-02-28,2.310417920507033,4.161878958844682,1.827142763288652,1.573334166843145,1.330105752371789,2.7759068396339694,2.2487997908438273,2.611935217405911,1.655468854307064,1.3786802310989628
2047-03-31,2.302079710240836,4.145312818813289,1.820435624500309,1.5760583706047449,1.327659807022642,2.772664062475594,2.2540634872319387,2.6223068274714363,1.6566265738085122,1.382407096946052
2047-04-30,2.3063052851865735,4.126134048321087,1.8275630625681418,1.5798483223462283,1.3272960829233706,2.782209379905314,2.259176245833344,2.6205832647119895,1.670714699658753,1.3814038379819578
2047-05-31,2.318739059197878,4.006545805031846,1.8255351857874351,1.5864144273441971,1.3290433943746283,2.764429415441868,2.252971916171061,2.6141350869148092,1.6569461310116136,1.3800957861328182
2047-06-30,2.3203633177934018,4.00489515906349,1.8263981906301363,1.595894590991254,1.3250512926795308,2.7603812774625385,2.254820602077853,2.6064669064535835,1.6602245844230956,1.3734586109565798
2047-07-31,2.329187892796207,3.9987559345783508,1.8241401219011775,1.6007618639154861,1.3255973586099428,2.76302731556773,2.2590263157674073,2.6033925792504022,1.6652896809392104,1.3715629653373316
2047-08-31,2.3206686050443577,4.008932815386511,1.8147630757705775,1.5970847721188302,1.339107401540937,2.764660046130111,2.266889460511175,2.5993788781187632,1.658829255094593,1.3650940436452283
2047-09-30,2.326932061012102,4.014960437167332,1.8031975633182198,1.603728325945242,1.3341072726569048,2.753774952440183,2.261070938044596,2.595738693422755,1.6422001575408676,1.3691052688461811
2047-10-31,2.3284664967769313,3.9982836514933706,1.8099013505541999,1.6072418145193932,1.339721364153187,2.753737713171373,2.2505205542298024,2.6126001319216186,1.6505678022168704,1.3652486624413036
2047-11-30,2.3378885145240735,4.01090936690616,1.810043361083377,1.5923350608595104,1.352288855354862,2.750698720912503,2.2447751819354056,2.6107798738042005,1.6621257260078766,1.3707763608753627
2047-12-31,2.3500548170099917,4.02478554499649,1.808695595950039,1.5841668522850725,1.3472249866934352,2.732595038422243,2.2506665085827495,2.6246572777164836,1.666699071192765,1.3606906469736606
2048-01-31,2.3376731060801057,4.033764994320303,1.8005412061764505,1.590903594250983,1.3428465297302854,2.737023472859523,2.2509334709703452,2.6293993342789177,1.6595555228929555,1.258633423209119
2048-02-29,2.3241586489006503,4.043521995091725,1.7831390855085143,1.5902896618441773,1.3443037638226885,2.7196186949692134,2.2388118114812157,2.629591626475014,1.6566046035097604,1.261095688618263
2048-03-31,2.323977414045646,4.049978252626706,1.7740725651733198,1.5840194874567173,1.3393829594284372,2.719983283851518,2.2548261169024446,2.618908452356335,1.6635018461537954,1.2539677318267957
2048-04-30,2.3251786188209227,4.0388523667691345,1.7634733924416761,1.5867054604717727,1.3421017210179509,2.723174489823982,2.2570591258377717,2.603699454234375,1.664292738269683,1.2549413015572064
2048-05-31,2.337710190433625,4.015963117099763,1.7858368384741794,1.5896257776511096,1.3418623464593276,2.716166865063208,2.271684380501749,2.6230049448965786,1.6655644413443493,1.2411525686762421
2048-06-30,2.3501040577605763,4.0167622599042305,1.7887655230181714,1.5780373827784482,1.341420452627117,2.700620876792743,2.2826907877953166,2.632530956300547,1.6666618505987867,1.2417672342454023
2048-07-31,2.348351767711635,3.99009014365951,1.79226345182699,1.589617817372454,1.3340568814824507,2.7084311078500067,2.2622014018087766,2.6138963195084473,1.6555794733218134,1.2388557964629856
2048-08-31,2.3510067631234,3.9907949019307924,1.795683142608297,1.5849722784121787,1.3292317931237192,2.7201132813595845,2.261409215605443,2.6277359219843794,1.664351078979991,1.2382249953998932
2048-09-30,2.34267793541817,3.9735423047873315,1.797534032805148,1.5892937997893561,1.3199137616555114,2.73135818478062,2.2687697433266028,2.604378545743773,1.6687755006174585,1.231722727346766
2048-10-31,2.3326311681195264,3.951304452922534,1.808322127300238,1.5922697701190802,1.3112962823262264,2.730461562804357,2.2544816108758297,2.597277364806459,1.6727224560727623,2.2294647242386016
2048-11-30,2.3433375391029014,3.9360747396329456,1.8191221322484739,1.5962433200495516,1.308143361009967,2.746802804372663,2.2676111892820505,2.6122359085408284,1.6754116955993827,2.2268600073967693
2048-12-31,2.344688384459811,3.936532530969373,1.8088412278111021,1.5978854805244145,1.3153125597775042,2.726901684930765,2.2617299689877273,2.614083736330906,1.6929991332845256,2.2390392911715744
2049-01-31,2.328951401572056,3.9391328346715193,1.806571469283431,1.586338084668011,1.3222084354944372,2.705527398916976,2.2665305323202354,2.603044126717767,1.6979795213724522,2.236434193503648
2049-02-28,2.339469390924376,3.9405060629802042,1.8010878720085521,1.5818276673322544,1.324451624125014,2.679230838471869,2.271108548487814,2.609855320401999,1.7016061044811392,2.2381399622334204
2049-12-31,2.3394464063761973,3.9404577432157892,1.800710598951287,1.5816913742812742,1.3244205350331046,2.6783284321572407,2.2707198485805,2.609323911240175,1.7014950910853996,2.2377146979175446
