,risk_parity MC_Iter_0,risk_parity MC_Iter_1,risk_parity MC_Iter_2,risk_parity MC_Iter_3,risk_parity MC_Iter_4,risk_parity MC_Iter_5,risk_parity MC_Iter_6,risk_parity MC_Iter_7,risk_parity MC_Iter_8,risk_parity MC_Iter_9
2024-02-29,1.0,1.0,1.0000000000000004,0.9999999999999999,1.0,1.0,1.0000000000000002,1.0,1.0,0.9999999999999999
2024-03-31,1.0,1.0,0.9999999999999999,1.0,1.0000000000000002,1.0000000000000002,0.9999999999999998,1.0,1.0,1.0000000000000002
2024-04-30,0.9999999999999999,0.9999999999999998,1.0000000000000002,1.0,0.9999999999999998,1.0,0.9999999999999999,1.0,1.0,0.9999999999999998
2024-05-31,1.0,1.0000000000000004,1.0,0.9999999999999999,1.0,0.9999999999999999,1.0000000000000002,1.0,1.0,1.0000000000000002
2024-06-30,1.0,1.0,1.0,1.0,1.0,1.0,1.0,1.0,1.0,1.0000000000000002
2024-07-31,1.0,0.9999999999999999,0.9999999999999999,1.0000000000000004,1.0,1.0000000000000002,1.0,1.0,1.0,1.0000000000000002
2024-08-31,0.9999999999999999,1.0000000000000002,1.0000000000000002,1.0,0.9999999999999998,1.0,0.9999999999999999,0.9999999999999999,1.0,0.9999999999999999
2024-09-30,1.0,1.0000000000000002,1.0,1.0000000000000002,0.9999999999999998,0.9999999999999999,1.0,0.9999999999999999,1.0,1.0
2024-10-31,0.9999999999999999,0.9999999999999999,1.0,1.0000000000000002,1.0000000000000002,1.0,1.0000000000000002,1.0,1.0,0.9999999999999999
2024-11-30,1.0,1.0,0.9999999999999999,1.0,1.0000000000000002,1.0000000000000002,0.9999999999999998,0.9999999999999999,1.0000000000000002,1.0
2024-12-31,1.0,1.0,1.0,1.0,1.0,1.0,0.9999999999999998,0.9999999999999998,1.0,1.0
2025-01-31,0.9986034782356794,0.997627801540906,0.9989526748917881,0.9989460340165074,0.9972952967656037,0.9953488338331823,0.9982572691541894,1.0009697683880259,0.9994054453773855,1.0033051038934715
2025-02-28,0.9846835482740129,0.9953531402580416,0.9914371848825196,0.9999587824779207,1.0054965919851613,0.9961966226539173,0.9967779367938433,1.0030054786904292,1.003748591824586,1.002043022658964
2025-03-31,0.9866410790027077,0.9944502296550917,0.9952484155836335,1.0009822482937754,1.003113949196661,0.9952632408652612,0.992927140748425,0.9965180128176107,1.0047643494407887,0.999699713612643
2025-04-30,0.9852739530313139,0.9875904845166307,0.997640534534983,1.0014614226242433,1.0101247152410657,1.0022794988369201,0.9910572861048161,0.9947892897973097,1.0044413846529854,0.9981069785295967
2025-05-31,0.9898570184186097,0.9856612136996776,0.998449082327708,1.0016267197250894,1.0144000270898967,1.001250676050059,0.9895765756150745,0.9940183689873223,1.0103103768031134,0.9952048496800211
2025-06-30,0.990441844280032,0.991358276118398,1.0000686704439812,1.0001566141279468,1.0141008043156943,1.0010075230661182,0.9869354262896839,0.9950047477591976,1.0125702493470599,0.9923054653499096
2025-07-31,0.9878125841315255,0.9862523866463832,1.0028404187615665,0.9941963781939107,1.018478345886819,1.000138330670623,0.9895314380508711,0.9978093720180283,1.0145659374034757,0.9925054386392544
2025-08-31,0.9894523464546248,0.9887632554408159,1.0070678894389267,0.9878770965664793,1.0204648412907682,1.011079602294812,0.9857520321004031,1.0025572394925988,1.0197437398031406,0.9895379673722079
2025-09-30,0.9894721295014788,0.9893361455978772,1.0074426715212166,0.989003904663316,1.0170633813457384,0.9809234070480845,0.9817370393560834,1.0057426791597253,1.0162494592664522,0.9831721516886707
2025-10-31,0.981099346929356,0.9881225011888448,1.003873193872743,0.9908044493905597,1.0129685659272019,0.9760471695183967,0.9783317790677053,1.0020939506981905,1.0176016984457785,0.9876929576095764
2025-11-30,0.9841959127161867,0.9852005722940808,1.0088740787695873,0.9934692809644702,1.0119119566999761,0.9767060166871007,0.9776433786344265,1.0023297598950862,1.0201293920033092,0.9841844738825636
2025-12-31,0.9869078235368325,0.990034695476341,1.0162472315411997,0.9878313954707022,1.012648241811685,0.9687586816022696,0.9844215026253351,1.0044260983346194,1.0151274898841247,0.9891687572568206
2026-01-31,0.9915247775930944,0.9923656163197353,1.0136990425685715,0.9935145192622716,1.0135289546611128,0.9707808685273424,0.9928265342887933,1.0071532052069996,1.0075424144870342,0.9947363208295306
2026-02-28,0.9851647537127594,0.9897838630984594,1.0128610631890218,0.9964635448945287,1.010578635757668,0.9733444137108797,0.9943558484247192,1.0098211293257446,1.00764256350688,0.9970560554226696
2026-03-31,0.9874207097514608,0.9871128630493284,1.0182791636169468,1.0010914188814481,1.0141873032260387,0.9710904632594226,0.9928155905458296,1.0080036298579265,0.9998574130506822,0.9999083613802515
2026-04-30,0.9842541363423425,0.9836094056535157,1.0144500713492972,1.0049784923531435,1.0158532143167898,0.97129209557863,0.991725213996149,1.014247383177699,0.997246741909179,1.0043455653183082
2026-05-31,0.9832583473702408,0.984915934920206,1.021152302889313,0.9946927119331208,1.0154251159193477,0.9753008864866065,0.9833002522019522,1.0180042422402538,1.0024109745920118,1.0026990733856511
2026-06-30,0.9885558282556668,0.9896516266152051,1.0119883362636757,0.9886638847594482,1.0177812248608373,0.9736535817048915,0.9822269027827031,1.0169814344651544,0.999554227664084,1.4565293349418957
2026-07-31,0.9871650752006375,0.9905035114059595,1.0151457855718473,0.984537508927113,1.0250677802848145,0.972842083013184,0.9987439777599392,1.0211459747712346,1.0029623103798955,1.4658618286694156
2026-08-31,0.9867385106888382,0.9889112559551637,1.0188249835545935,0.9294502183299547,1.0243270415597812,0.9742776000133747,0.9978301882883952,1.0242317848228166,0.9977259787911881,1.4785758476150652
2026-09-30,0.9862904445714039,0.9885798738920507,1.0212478290839022,0.9340862553585021,1.030477908730338,0.9725201379325887,0.9875060309018141,1.0237700824495632,0.9939145479451234,1.4770849315249452
2026-10-31,0.9800515674704416,0.9833092693895396,1.0359614850244128,0.9308208188932475,1.0329186569751234,0.9691906871832395,0.9960769265191092,1.0144349855505534,0.9986328715669802,1.4747203971169651
2026-11-30,0.9789934622861788,0.9843624317629965,1.038828615938669,0.9393001790035792,1.0331597862784885,0.9679649302808805,0.9907867919519767,1.010458039436021,0.9989313293233001,1.4889089965198559
2026-12-31,0.9759597149572262,0.9780993927305429,1.0383261518563325,0.9355439118478956,1.031739547309597,0.9670436424716393,0.9862573937566794,1.0187094859119634,0.9995456395899843,1.4935521168956973
2027-01-31,0.9752560575651594,0.979669323337782,1.0328934277989368,0.9403034680067264,1.0251794512019603,0.9723699409775681,0.9802998575071173,1.024760085112409,0.9961545724434677,1.4873470518489365
2027-02-28,0.9769674609625502,0.9732170161240548,1.0062408909956784,0.9411938167414575,1.0309103839659235,0.9732295030142095,0.9805436884886187,1.0242538038226772,0.9904192539022711,1.4968267921927925
2027-03-31,0.9761996653741385,0.9761371013626972,1.007497669825106,0.9370440986585482,1.0293782362758204,0.9696388885882723,0.9768110869558357,1.0225052638253471,0.9883823794482128,1.4977366740208171
2027-04-30,0.9783222957380573,0.9737586588816032,1.0059088562157035,0.9279783899707572,1.02854653762536,0.9754663313214601,0.980915331326408,1.0192194823357261,0.9907049456192829,1.4991277436058261
2027-05-31,0.9777244152383926,0.969263117969444,1.0057605417500195,0.9290209532274867,1.0249641293653435,0.9729422006417197,0.9797894870649091,1.0127227629225117,0.9907270616787026,1.5199576623853106
2027-06-30,0.9747967510034206,0.9660932924939214,1.0049305227294332,0.922402671035628,1.0336714508781877,0.9752802072171333,0.976526750188994,1.0139701660768425,0.9958487815291195,1.5228753721023367
2027-07-31,0.9724140839146802,0.9697963079026644,0.9982010264616342,0.9186636480257953,1.0320594787248005,0.9673923632197801,0.9252934814276849,1.0147790314769947,0.9921823613428685,1.524830773949389
2027-08-31,0.9631277466854204,0.9365305911392446,0.9939055888848501,0.9207068149521535,1.039885129559153,0.9674714178456616,0.9265177983784438,1.0182868589274952,0.9865367731798499,1.5147259042725234
2027-09-30,0.9666940326741299,0.9359582576515044,0.9997127777719355,0.9259789929440052,1.0442274811143104,0.966064038706034,0.9258186164276488,1.0119756440229257,0.9846211187022307,1.5153100844037382
2027-10-31,0.9617709658082545,0.940603012514558,1.0017917258027484,0.9194326684288086,1.043789227379191,0.970879202760953,0.9247443337277717,1.0077590477484792,0.9800686253828204,1.5246076809218416
2027-11-30,0.9620278311825611,0.9361493939432074,0.9938316135169643,0.9183112826504138,1.049456812956019,0.9691845625447636,0.9261177521452059,1.0142355310859803,0.982187291142794,1.5311934590323582
2027-12-31,0.9617948558426695,0.9303590421686825,0.9913154557846813,0.9163614086842177,1.0524205161566538,0.9672411345475946,0.9289538213950685,1.0109615328137753,0.9776802466272937,1.5310411122295406
2028-01-31,0.9646967999350822,0.9269427768491839,0.9939716424403506,0.9138921087666736,1.0483347460627421,0.962268013645325,0.9289531725879541,1.0077903702989859,0.9772197167501463,1.5309031240768483
2028-02-29,0.9655430155986765,0.9303033089453244,0.9929449565568049,0.9170794138134319,1.0444858665428076,0.9633215794969023,0.9293196880553367,1.006121212576513,0.9753369920546577,1.5463401089968651
2028-03-31,0.9734445654851867,0.9302827777984904,0.9968330726319208,0.9118719763544688,1.054548345769356,0.9636772607784719,0.9222215575497079,1.0081719552309365,0.9712285456239363,1.5346785128799052
2028-04-30,0.9763719974726381,0.9242351117837914,0.9952118152176779,0.9116767012537148,1.0495549621977465,0.95761912413655,0.9259379970535235,1.0075696438932698,0.9775025946364196,1.5370421237761063
2028-05-31,0.9785559507125547,0.9321948313994,0.9950801129601174,0.91113711497001,1.0435394696513378,0.9610090823556671,0.9194442557332304,1.0056460729678958,0.9755734787576584,1.534194592081914
2028-06-30,1.5448042125177277,0.9342041236354833,0.9959517011657366,0.8764668652870179,1.0452182622575794,0.9602717168665658,0.9142241487235196,1.0100709648586808,0.9812916913777281,1.5235665959953761
2028-07-31,1.5503709423979952,0.9370687058998789,0.9941243836614588,0.8760147951527457,1.0463817235355806,0.9672121153262967,0.9136147258129884,1.0064451971937776,0.9793149690098419,1.5277580914267115
2028-08-31,1.5466152131478466,0.9377287023934288,0.9884832604939369,0.8765189200235719,1.0478251273215493,0.9677477953264582,0.9134567160957787,1.0058813894066971,0.9765851907235075,1.5296729231673443
2028-09-30,1.5466855863602524,0.939392251252597,1.000713135712474,0.8721094387757313,1.045907522993004,0.9704761390416843,0.9073031876625778,1.0026279269947398,0.9770554237537586,1.530491172844582
2028-10-31,1.5505150396752387,0.9435017790372705,0.9986629658617722,0.8662386431052158,1.0441515363130658,0.9754728757569033,0.9081146724875556,1.0039887035882509,0.9789633164620718,1.5253947798372012
2028-11-30,1.5437485601641991,0.9448587613258204,0.9961636476617075,0.8665117269721915,1.050429869777349,0.9830873122494836,0.9088851976578999,1.008428861225753,0.9812495871116489,1.5224045537146649
2028-12-31,1.543277501321291,0.9408411608606457,1.0023034616043502,0.8741913942924643,1.049986164253153,0.9921915188995221,0.908325051529894,1.004614859472618,0.981992959990921,1.525488919198485
2029-01-31,1.5309784134029212,0.9392928081962458,1.0024591913712897,0.868578273982776,1.0487240562285947,0.9894211917412256,0.9071703892133796,1.0095225270135566,0.982098400241846,1.5343949509252135
2029-02-28,1.5458043738974665,0.9405108194287991,1.006368442128829,0.8623757763475876,1.0566314735183389,0.9864305174058293,0.9028008263023712,1.0105874024459771,0.9775475813328665,1.5312512119429202
2029-03-31,1.5437102793106519,0.9469572575167091,1.0111905265335301,0.8631845856293436,1.0544701235926255,0.9845548884924153,0.9048375743637648,1.0109046625956395,0.978257276593172,1.5345327329451686
2029-04-30,1.5449181942671943,0.9481304320650416,1.01144281988257,0.8678791633145718,1.0615052777228393,0.98122233349699,0.9001758580432113,1.0114817818948834,0.9769831177046895,1.5381726527422324
2029-05-31,1.5417663627277636,0.944572929875616,1.0137400776926688,0.8603347363300451,1.057329750206593,0.9829013130318514,0.9015852776232135,1.0117769127128304,0.9771388339811968,1.5375530424080803
2029-06-30,1.544327530265143,0.9403622425492423,1.012056123386024,0.8633649338724239,1.062497143423411,0.9843565947900443,0.9010551934446092,1.015483513726338,0.985572097027057,1.5292296744142118
2029-07-31,1.5375744439726324,0.94019600257554,1.0096418857103635,0.863300717998608,1.063527519120403,0.9827395369341062,0.8981031937249586,1.0148327094981446,0.9815416363940362,1.5293841267728112
2029-08-31,1.5434147297382,0.9397720038637662,1.0076365189969492,0.8586636870507731,1.0621799476033313,0.9841704440911684,0.8939530904519764,1.0166042120022734,0.9852041373780843,1.534548184785913
2029-09-30,1.548663171056781,0.9396847362883478,1.0087282439292098,0.8557576508840562,1.0658388983919291,0.9773539780639433,0.889291126263352,1.0185552710364092,1.4532097688582222,1.532759433421083
2029-10-31,1.5553885939710181,0.9376108837253625,1.0097550313502914,0.8535669372310438,1.0613205463100739,0.9782850024298144,0.8956437610002983,1.019666046701027,1.4486274054455808,1.5429736207106748
2029-11-30,1.5418890703109602,0.9297148239655221,1.008227889759451,0.8544943911624919,1.0585399225808458,0.9778980522518371,0.900406666303084,1.028049459986286,1.4474968501959053,1.5427341020005352
2029-12-31,1.5478464762865969,0.9313634947490467,1.0094447021685808,0.8549193255847631,1.056566791568596,0.9755291579791776,0.8984122243924326,0.9741304313452124,1.4419719433802816,1.5535457907318018
2030-01-31,1.5372314746368039,0.936102157433803,1.0091876708903802,0.8532226929842976,1.0502961074686,0.9766643910274384,0.8991945877308773,0.9800295777140295,1.4530437832763154,1.549349748498021
2030-02-28,1.5367605563738098,0.9353984144909662,1.0158586866993544,0.8530178199223493,1.0465507012558417,0.982235345962052,0.8963781604499099,0.9834523394714861,1.452696440048343,1.5516941199349008
2030-03-31,1.5408259714506893,0.938146262767313,1.0199161372379357,0.8568013854886237,1.0512744613325031,0.9829716100492819,0.8941750197748971,0.9828866487233359,1.4558609935937732,1.5399816545779546
2030-04-30,1.54626649967584,0.9337159754142252,1.0220469500816272,0.8589002321152299,1.0525028446280884,0.9866145398872753,0.8871288191517585,0.9830314374655146,1.4563880565120433,1.5384719127744644
2030-05-31,1.5468842604897677,0.9324046560077419,1.0217655444196672,0.852637555677977,1.044022562535416,0.9898422239501842,0.8848148748362151,0.9831607413842559,1.4654752053754783,1.5383907502628642
2030-06-30,1.54795319992467,0.9319081646955851,1.016581751824971,0.8571881395650993,1.0466990235819125,0.9826570180219011,0.8862615007440665,0.9866134944916651,1.462103018524161,1.5191006412684827
2030-07-31,1.546858342199471,0.9347273967699972,1.0153530575606537,0.8535683851322561,1.0445107440460395,0.9781783745323296,0.8881005497535129,0.989167003742259,1.4570160461636223,1.5168912451047027
2030-08-31,1.5413018059991428,0.9314656172111586,1.0176414615887577,0.8433399560304794,1.043315878945488,0.9759204833538754,0.8898967384876151,0.9885822151011712,1.4585477602349277,1.5200076835953216
2030-09-30,1.551784144997842,0.9374150010387114,1.016438201781764,0.8406520489350261,1.036212335977018,0.9794462688950925,0.8853560694060729,0.9874050994714634,1.4458358472205826,1.5027110210877233
2030-10-31,1.5420718198063412,0.9419232487159885,1.0194057167677872,0.8376554066823572,1.0405824074797425,0.9751580607366165,0.8801046969449409,0.9855520671999501,1.4450222523244731,1.5002401579260498
2030-11-30,1.5430685714450423,0.946695695160202,1.0179832193021023,0.8379304800015479,1.0290675225972659,0.9729213001059083,0.886982569872575,0.947246026992434,1.4473097758921034,1.5056770956474406
2030-12-31,1.5472754156311157,0.9492780897796537,1.02151292545565,0.835799966376503,1.025661594454082,0.9747393841027576,0.8828272326124548,0.9483679080339928,1.4362617864305147,1.5049025044926851
2031-01-31,1.541849246092731,0.9499005338809104,1.0242626714371208,0.8363641989383097,1.0248113456232346,0.9793485099605375,0.8818906464096752,0.9474531977168716,1.444396200514935,1.5005926018145108
2031-02-28,1.5566260867238801,0.9479296020747129,1.0223729541782722,0.8428718941473011,1.0263101564689763,0.9783382919127295,0.8787012443095583,0.9433863566923568,1.4519429347311372,1.504610989795437
2031-03-31,1.5573343314836254,0.9516570670722974,1.0308635165209028,0.8423835971688879,1.0226032554080298,0.9819380200132711,0.8777983954290051,0.9479255510614706,1.4511428716282777,1.5018911756456863
2031-04-30,1.5652655246511875,0.9486397287952871,1.0300237329165964,0.8411500896922274,1.0165717508718664,0.9709970667420827,0.8779225946922451,0.9463055550581776,1.4536899215694452,1.503204256047539
2031-05-31,1.5541850742097374,0.9571133818092412,1.026012162205916,0.8424588405279687,1.022625536150685,0.9775571350661019,0.872815381119444,0.9460726506580583,1.4577722822453678,1.502618908850044
2031-06-30,1.5641249256489183,0.9605479278360625,1.0272038249459714,0.8469212767558563,1.023795869693581,0.9807376147275696,0.873844594740421,0.94421348112128,1.4586261522066204,1.5090751136908682
2031-07-31,1.5625562138516822,0.958461371260344,1.0259792115582795,0.8418521519759337,1.0298670739209708,0.9875471552271301,0.874501386296754,0.9412883355416315,1.4566820663046731,1.4988034753638635
2031-08-31,1.5668688684727876,0.958644859277726,1.0205188899066244,0.844078511466103,1.0251513869052566,0.9880241861804054,0.8737897765513615,0.9402499820304497,1.470412755930618,1.4984729979168858
2031-09-30,1.553880134307931,0.9519276740607571,1.016954868445325,0.8440728750651236,1.5097484896735707,0.9895936192079074,0.876890858339733,0.9384161511463478,1.4735490053008264,1.499841986101242
2031-10-31,1.563479404538834,0.9550241874327858,1.0188226205532063,0.843655905497136,1.5011715444295592,0.9866007134668892,0.8785666222656188,0.9358578001318377,1.473618834670148,1.5009997024030715
2031-11-30,1.5733275255493473,0.9561708711706053,1.0206856194824891,0.8500148965116905,1.4960142043740683,0.9884002899881317,0.8730659497374093,0.9364612607095778,1.4684730736575697,1.489867972562994
2031-12-31,1.5634241183076192,0.9595810391477504,1.0186072079100805,0.8453473094676,1.5009057729500095,0.9876350788243035,0.8779275917491248,0.9315934754042765,1.4612405851558874,1.488994707654049
2032-01-31,1.5697508710639405,0.9573172289071887,1.0179310104435932,0.8465861777814596,1.5094588531510877,0.9855866745211456,0.8760998025290361,0.9350920641335688,1.452012218217048,1.4882422226794354
2032-02-29,1.5744131609549437,0.9626459147179698,1.0139424124049317,0.8465290348508394,1.5024355228073185,0.9849782842483077,0.8790080580966448,0.9444612827023988,1.455552264825858,1.471703380401459
2032-03-31,1.5830271203801056,0.9629797564093547,1.0147831120305792,0.8538057375376547,1.4983926353502337,1.3861219974636092,0.8798790103375796,0.9406099206973684,1.44243523027488,1.4623543610996563
2032-04-30,1.5871017780068848,0.9637749333796287,1.012154763794144,0.8576649594628498,1.4969506664968038,1.388554890474204,0.881495112684384,0.9342877756639195,1.442633078204277,1.4598897484172886
2032-05-31,1.5907985271181666,0.958752057184416,1.0091230258829682,0.8569683853649812,1.5029682154625674,1.395942154127612,0.8758256013042088,0.9343968174006102,1.4411340857940322,1.4523465594600715
2032-06-30,1.5888548671396943,0.9570419641717363,1.0095175027084062,0.8533440054074377,1.500105150477796,1.40204540776416,0.8747025098672399,0.9333909611621082,1.4300108240378855,1.4404191535485282
2032-07-31,1.582218339964883,0.955963422530896,1.0095367708757896,0.8538913941427381,1.4945795324067743,1.413965639203475,0.8742952818218547,0.9373662826378525,1.4259433339662957,1.4356114065323422
2032-08-31,1.5780753398446736,0.9505778735365416,1.008961779645563,0.8502508972591591,1.4901742514581067,1.4103061073376753,0.8744596450781208,0.9409028615432191,1.4331912922138417,1.4396974039700645
2032-09-30,1.5766633268117292,0.9431897962945983,1.0090496277715382,0.8478554045936645,1.498788968718782,1.4077801663877794,0.8731731113904364,0.9425601355097637,1.4388377413739946,1.4429829192410732
2032-10-31,1.5767425450015822,0.9394537022711428,1.0155594552465321,0.8439260132699418,1.5097257145447298,1.4077963221687495,0.8783451874692836,0.9419965892721719,1.4490679213948012,1.4461266058182476
2032-11-30,1.5724761879980451,0.9367355332576434,1.0133930703120666,0.8494193496216553,1.5071426806236432,1.4124975178105503,0.8771540904575935,0.948942994640935,1.4432811524352571,1.4413821989257114
2032-12-31,1.5723032628361788,0.9382110395553396,1.0191083278331778,0.8530857625862376,1.5062405795170082,1.4193712873876654,0.8745713153324727,0.9483475956960176,1.4379127008191053,1.4479821608300762
2033-01-31,1.5755114745607395,0.9413842620462951,1.0143900668213788,0.8482376058010511,1.5015210703476216,1.4228046946606654,0.8754355089837328,0.9505731627436308,1.4371297787683754,1.4558944761340737
2033-02-28,1.5674397731881493,0.9451733016313845,1.0201034284658141,0.847284091964554,1.4976039382002126,1.430919096931133,0.8758937433580627,0.9569851273310275,1.432810158950407,1.4538909520517331
2033-03-31,1.5770000826068513,0.9478498925908739,1.0183279671918968,0.846489856406106,1.4978944992825203,1.436822246721663,0.8708031280241617,0.9661436344669706,1.4258692309426517,1.45626219258715
2033-04-30,1.582680455473847,0.9501638954146078,1.0111737884154164,0.8480263494456732,1.492720722699375,1.4338266866364795,0.8721762197058631,0.9685885849735866,1.4259228456478967,1.4533254258505333
2033-05-31,1.579704994724998,0.9482390880989197,1.0152375068969903,0.8458383067368201,1.5027152187407347,1.4346455515451582,0.8755154287513242,0.9628940450988113,1.419792007696315,1.4454832870714638
2033-06-30,1.5812444183144567,0.9575251687839428,1.0100469048517107,0.8423733521012977,1.4981315084060425,1.4297106930149557,0.8800849518537073,0.9647698514188032,1.4283788153752877,1.4487483507510917
2033-07-31,1.5876596960237783,0.9538333206635542,1.0137221740618008,0.8412951252865435,1.486722178067384,1.427815867405348,0.8865906994372943,0.9624052148385774,1.3399584671119624,1.4382807485660027
2033-08-31,1.5898373756520647,0.9522067548073068,1.0171486048127905,0.8356740591329949,1.4807313185449462,1.420116582314719,0.882177440256656,0.9604603490906376,1.3348751520444306,1.4402770048684521
2033-09-30,1.5884762334119558,0.9500351355491132,1.0225882950353007,0.8362334419506524,1.4830177018503827,1.4111109685036274,0.8892323224088131,0.9578280842051197,1.337094608891477,1.4370187512936061
2033-10-31,1.5923373689198976,0.9425065071803205,1.0157325239491104,0.8373440173705728,1.4777210644284668,1.4068025852985673,0.8919654362581786,0.961085766873708,1.33885772630947,1.4433540961070577
2033-11-30,1.5873069444289427,0.9419216774554336,1.0202451729768445,0.8424418413190453,1.4791410564552547,1.4098504569475983,0.8975435501568845,0.9620482880660722,1.3365247729305743,1.4462341510122028
2033-12-31,1.5971678043369621,0.9361606248246842,1.022092904501381,0.8322185558737172,1.4821386370643193,1.4109104565339992,0.8973632216114844,0.9658424853661965,1.33472654501592,1.4480835418434335
2034-01-31,1.6101607683909975,0.9397373567384324,1.0204593967547355,0.8326705753584066,1.4803393676772583,1.4167931994104102,0.899862586233187,0.9695036374119674,1.3375863748364634,1.441852447312385
2034-02-28,1.6068943761704302,0.9354489391723916,1.0178840059899938,0.8329172474020732,1.4860176194289354,1.4248767704052057,0.8998877321190688,0.9691025537467981,1.3322667951040208,1.4372483531188334
2034-03-31,1.6094190073449324,0.9308893019521651,1.0069050329894926,0.8341639024040873,1.4823381749823443,1.4354871466086505,0.8943534563939938,0.9693121351396978,1.3302659117703786,1.435107604000348
2034-04-30,1.6126404312384044,0.9312391456924185,1.0152483009614597,0.8370644109839704,1.4873962300306562,1.436761657294929,0.8872743584490235,0.9729118502669721,1.3327802838429605,1.4487045935201028
2034-05-31,1.6107057691589795,0.9393928761422322,1.0120496242603463,0.8393460413815556,1.4961665828254,1.437390437261684,0.8932954938977563,0.9722331134960707,1.333919074143624,1.4383448677733934
2034-06-30,1.6068930691634427,0.9420211935159567,1.0140796375852,0.837455290611819,1.4957957644854427,1.4276733811673994,0.8953415674848663,0.9687239458903905,1.3396274334559586,1.427246638746735
2034-07-31,1.6155569169099349,0.9404873103999328,1.0090630122859985,0.8369502444590339,1.4879866374037924,1.4286069715109726,0.8936319132843153,0.9696221538677747,1.3309105069433493,1.4188403987676033
2034-08-31,1.614266358912004,0.9418002268969998,1.0057021041314989,0.8412754716032493,1.4886425481128371,1.4262349054732142,0.8949132104406105,0.9693481332814338,1.3281633838729505,1.4220108521407908
2034-09-30,1.6280132316948057,0.9405485380917116,1.0115133115514978,0.8378220193473146,1.4862328236398221,1.4304290303975908,0.8911579480829207,0.9752025666221839,1.3291076655825003,1.4261006845764048
2034-10-31,1.633572992655453,0.9412462219742019,1.0136779180256525,0.843501440438935,1.476918326926391,1.4382810452157364,0.8944349541923399,0.9778137143210746,1.323275975052862,1.4229503643259023
2034-11-30,1.63200243402861,0.9400923776217072,1.0158856328811976,0.8466157678611024,1.4891519999049445,1.455367752874026,0.8945485510118816,0.9741036232256365,1.3311879378062783,1.4205914089614622
2034-12-31,1.6460690558828488,0.9461105565449085,1.0162717252099285,0.8522857758368496,1.4875185796536419,1.4446545811068086,0.8955527304101235,0.9708398049001519,1.3367379732368763,1.4341712272276026
2035-01-31,1.6567758416879002,0.9450712953634348,1.0123174204933445,0.8499836754986791,1.4837262115963303,1.4506375401484788,0.8992736075830399,0.9656309576622786,1.3410141383006948,1.422182045455561
2035-02-28,1.6679325864383576,0.9432083191180589,1.0126072546935325,0.8465968254445866,1.4788943416172458,1.4513175065969495,0.902552893291113,0.9628762650952152,1.3353383556581842,1.4261669029596569
2035-03-31,1.6670305442789568,0.9494876052710043,1.0168150648764707,0.8469668328184574,1.4814861273866493,1.4487217998167332,0.9035395938088652,0.9658320111682457,1.3302559697085568,1.4238632650141636
2035-04-30,1.6667735747528607,0.9541159521112246,1.024015645772758,0.8424398774259727,1.4849227335681376,1.4465966933335301,0.8980752235831971,0.96441386230088,1.3273150174236465,1.428667783513982
2035-05-31,1.6791200303521605,0.9578448267842994,1.023995517738171,0.8415239652334364,1.4783773297405514,1.455704648346501,0.8949320301485686,0.9612834350221713,1.327403806363068,1.440408572398612
2035-06-30,1.6790790182521675,0.9639381425998488,1.0294919753966558,0.8350399575595017,1.4763878026087471,1.454568811528487,0.8960861919069054,0.9591774778848428,1.327956393356445,1.4469658917561015
2035-07-31,1.6777684920184956,0.9667096865350379,1.0221811471798983,0.8422332106930194,1.4865157050515703,1.462376059983314,0.8929236649831896,0.9646957942224144,1.3289706639657657,1.45299082698801
2035-08-31,1.6762163472237326,0.9665773016584176,1.0206351254357582,0.8437179741997877,1.4880761848190642,1.4613551726852387,0.8922025363869889,0.9685071650523202,1.3294228945290276,1.4545999370851324
2035-09-30,1.6712079970465676,0.9726419099081973,1.0144137268804332,0.8446350653612621,1.4787373512705468,1.464282001351663,0.8949091089100566,0.966940858584232,1.3278953806768092,1.4543438989167088
2035-10-31,1.6724834390849306,0.9677653592324744,1.0110164518677287,0.8441124316759506,1.472312400426386,1.4690686350198816,0.8962791486691618,0.9647172622821696,1.3216147265959914,1.4485045288564415
2035-11-30,1.6594034045669777,0.97360985106372,1.0123009862614631,0.8443156782963341,1.4711320838861093,1.4660454518313424,0.8931894692911913,0.9657736888369978,1.3239927791338726,1.4521230644994794
2035-12-31,1.6627621972440583,0.9714392531998886,1.0058421276704137,0.8444373027438117,1.466987352467682,1.4771373337477072,0.8955705091548152,0.9671497162852495,1.3280606673285735,1.4576861695010723
2036-01-31,1.6586620827020297,0.969097112777304,1.0065670591462041,0.8409887420111608,1.4775474036974556,1.4689638392635316,0.8979980581833752,0.9696699883313629,1.3247598885119367,1.4445618260070197
2036-02-29,1.6640135175115,0.9748016008647599,0.9477808018361136,0.8354490136907896,1.4735502556827942,1.4755795785678254,0.8933046017498845,0.9678132607698435,1.3212808667697669,1.4501230340033378
2036-03-31,3.2231887655890565,0.9748125839534749,0.9462751916572444,0.8378197868496847,1.4803397674823244,1.4837466971730797,0.8942719165582116,0.9613429814450977,1.321279650842809,1.4549838423574275
2036-04-30,3.2193965361745525,0.9856060139907036,0.9484680544195966,0.8381583938877128,1.476256215875418,1.4842634173193292,0.8904205024820405,0.9628790132663123,1.321882744497775,1.450322886538826
2036-05-31,3.2576007625163097,0.994088515447701,0.9520733468859408,0.8447265347215405,1.4714520850468362,1.492064074228135,0.892217832606782,0.9646396114466835,1.3149406190815278,1.455140131581276
2036-06-30,3.2371071446051274,0.9915608511745893,0.9484900794059299,0.8433386984427602,1.4651697566452804,1.4963869578834061,0.8976547028463411,0.9798079557643145,1.3157724195670089,1.4525396586006663
2036-07-31,3.2565986171353223,0.9885994558022144,0.9533230317526608,0.849737506694406,1.4665611871345294,1.4931700857335042,0.8970631228352509,0.9848649300439365,1.3285082797674699,1.4573594319198284
2036-08-31,3.265389495843039,0.9846621165884865,0.9452212913243097,0.8489939508817698,1.4635207873884022,1.4969852124596268,0.8983759128717999,0.9816191628943391,1.333386188603415,1.4537652612415652
2036-09-30,3.2666361355181155,0.9773510239124057,0.9554197804975356,0.8441910170600238,1.464214629551861,1.4946183291653787,0.9049486946869139,0.9823216174241772,1.3274999754313113,1.4484753748957309
2036-10-31,3.2483880465607493,0.9701493266230358,0.9534679201098467,0.845680863803589,1.458319700173969,1.4862665059625655,0.9093834196227041,0.9769433561424441,1.341057179711266,1.4570277106344578
2036-11-30,3.2202784495670405,0.9691945331554578,0.957803028334723,0.8471536198479448,1.460962692035233,1.48294414880325,0.9132555377914563,0.9795804945160212,1.3500625435557474,1.4537681918795675
2036-12-31,3.200475562377267,0.9709494563625458,0.9589391436794809,0.8486240334101353,1.4534977294641251,1.4746743081390106,0.9155304005832484,0.9809159354270172,1.3550154694703966,1.4623110491043518
2037-01-31,3.225952172003475,0.9738372597071824,0.9588322200052678,0.846217105912673,1.4511653571862364,1.4677564092729773,0.9114466100118284,0.9805247826780693,1.3542212520034682,1.4629355446328134
2037-02-28,3.2145454187838527,0.972839101240207,0.9613466318299599,0.8472023433345872,1.4383436509877177,1.463398039378104,0.9132773751284579,0.9804560564915843,1.5858846076162725,1.453855902630293
2037-03-31,3.193081322374987,0.9774256721948817,0.9601977026024463,0.8446941849523205,1.4369851397939268,1.4674278019629647,0.9040928111439651,1.45355217416887,1.589530702725453,1.4466868707276404
2037-04-30,3.201816202779163,0.9770040061500296,0.9585955878450436,0.8498826956023766,1.4270600005911962,1.4538533168509424,0.9088593505112482,1.4482805139136825,1.596881447971956,1.4421965637178575
2037-05-31,3.2089366273037623,0.9743083330639651,0.9587351565667295,0.8476645853267883,1.42901157500239,1.4517486750069641,0.9096238615852139,1.4503112426033935,1.6049837508254106,1.440083730032836
2037-06-30,3.219713322233362,0.9688935942587593,0.9624020884618466,0.8473041347876784,1.4277155317246422,1.4481745222936357,0.9110113547398105,1.4586023881318257,1.6032323234844708,1.4465004732039677
2037-07-31,3.2242702991864642,0.9685595698092454,0.9636043969995131,0.8462911075521177,1.423814650046093,1.4563085961734799,0.909045626163077,1.4692705516305935,1.6005766979742495,1.4493280184376576
2037-08-31,3.237362729443172,0.9714344165485206,0.9647744855071231,0.845900133580245,1.40478002871086,1.4591456051769118,0.9067924687474289,1.4607868811185756,1.5993799697109394,1.4479470665316003
2037-09-30,3.225588801519092,0.974973752286982,0.9606308626096541,0.8454644635702733,1.410971083382185,1.451424840207978,0.9060470014700759,1.464774899921078,1.6096575689882264,1.4585575341370958
2037-10-31,3.234329303701693,0.9770517158408332,0.9552206443699581,0.8432740159625517,1.4106944346012948,1.453276256495696,0.9062647392992477,1.4618944823198743,1.5991963424135374,1.4501802385004452
2037-11-30,3.2439885157697925,0.9753469549809632,0.9564341688526649,0.8425980240081803,1.4142505617007974,1.4594359840727493,0.9099605393466668,1.4692847359324366,1.588440060894197,1.4511328512420105
2037-12-31,3.2408076003635933,0.9723125447283725,0.959971406048685,1.1913532104716378,1.422234290944942,1.4626562811913455,0.8883145508610439,1.4682426335038,1.5930605652256644,1.4436539333499154
2038-01-31,3.221870896104869,1.8459775917450414,0.960678942684558,1.1881763146727229,1.4087430286303062,1.4627599458220268,0.885208915905138,1.469287350930847,1.594343451454709,1.4515883588053275
2038-02-28,3.227025237308644,1.840771102191578,0.9663572856263671,1.1864328844632006,1.4069154144412217,1.4563365562168449,0.8917196297068088,1.469173407689936,1.6051866666978187,1.4558216006281346
2038-03-31,3.228516786401129,1.8301317481984682,0.9585178760547631,1.185204658402319,1.4106241011329852,1.4534418082982545,0.8938955707753622,1.4646313185479487,1.6128200429725201,1.4588667747425723
2038-04-30,3.2308046236372183,1.8403903543031168,0.9571249015744919,1.1864956469297083,1.4117898932537507,1.448060706969305,0.895972543326707,1.4689357143314221,1.603859016396092,1.466020575128821
2038-05-31,3.2361692591793596,1.8389906042137703,0.960528427889623,1.1818915428015369,1.4054591833076484,1.4418540706679817,0.898009036917892,1.4621322732154114,1.5979396914132007,1.4713905230585125
2038-06-30,3.245184558216905,1.828708211204537,0.9589224645597849,1.1761690837321925,1.4058262874130516,1.4475984298963334,0.9008164818991671,1.4617888002182973,1.588447600874058,1.471680855518855
2038-07-31,3.2419481577465183,1.8214076858256583,0.9599938148369285,1.1808673618410583,1.3970245384182127,1.454724587552873,0.9034254172111675,1.4573973375061335,1.5860491735498825,1.4835393365127323
2038-08-31,3.2460317685418296,1.832908690103455,0.9631328359185664,1.180797540838843,1.3900942848041322,1.4513928525334978,0.9019483489889817,1.4684386723232847,1.596818532686662,1.4807924912679862
2038-09-30,3.2535764623744305,1.8170605736349354,0.9632945517897835,1.17730126475088,1.3852146820820335,1.4559516115162476,0.8996213693453975,1.476924753096368,1.5918977389302515,1.4750970003050166
2038-10-31,3.251645599310941,1.8190912479855603,0.965523892114085,1.1718089380832595,1.3883437990565657,1.4497371826630454,0.8920831257449613,1.4776894546959447,1.5946516087993647,1.479760806478509
2038-11-30,3.2529323460925053,1.8012873820182596,0.9651954027177858,1.172754277700582,1.387499768028694,1.4657299781307391,0.8931185479852335,2.955578431147137,1.6065191605070728,1.475818400769492
2038-12-31,3.2709554294450043,1.7975216185760563,0.9599869467509267,1.168554813085084,1.380425270069027,1.4705139312178888,0.892313678650156,2.952847343775149,1.598512917195397,1.4848571157823112
2039-01-31,3.2847918462077716,1.7980417459542166,0.9645719923943543,1.1723773318267394,1.3911676714952796,1.4800414103474364,0.8980791013472155,2.985827340680299,1.597834900641134,1.4468005241754758
2039-02-28,3.2605757135260935,1.8115773200193015,0.9693442117961449,1.1758352741535316,1.3938409863502559,1.484272047842772,0.8945953521057,2.981891086709317,1.5997234251927654,1.4448001822257652
2039-03-31,3.2584848871238856,1.8221863263698317,0.971939284507554,1.1665091356342274,1.3930347722245304,1.491606288592213,0.8998984849347068,2.9770833809291393,1.5984371289882273,1.4401533898159735
2039-04-30,3.266308174719801,1.8246260197359576,0.9729946661735106,1.1729481558299961,1.3896721377618102,1.482750318620658,0.8966787611942236,2.9734401364317424,1.6111759462942152,1.4378361175909993
2039-05-31,3.2572675976423016,1.8293650834043524,0.979570313722387,1.1681138067275743,1.3928593217207141,1.4783007583918182,0.8996396242986089,3.004865737003049,1.5972651881652333,1.4429807576481322
2039-06-30,3.2701336101620826,1.8398568920815659,0.9724606877091639,1.1696274896018706,1.3950363183637318,1.482371317062756,0.899460701110375,3.0007024126074042,1.6002665142317316,1.4325236924457487
2039-07-31,3.2601378566741435,1.8340232628469768,0.9632963345724563,1.1669749567979597,1.3874178531867951,1.4701587334942892,0.8901880751008648,3.0041709904380283,1.6000959781531594,1.4309827738277348
2039-08-31,3.2475718220693164,1.8306852196730605,0.9539474820933839,1.1784536345562129,1.3881223733702084,1.4650322962059883,0.8930037205703718,3.000132344874627,1.588528737293813,1.4211095715791118
2039-09-30,3.2508793761727746,1.8462087800601175,0.9517242365458802,1.1754640159790077,1.391848639558674,1.4660303053644328,0.8937807208254909,2.986118228441981,1.5933662970120541,1.431234175974127
2039-10-31,3.255544712334123,1.8669754594469778,0.9486133580628165,1.1761834436380292,1.3950967408862711,1.4614657050755606,0.8924065435615248,2.971741144896219,1.5899783558410432,1.4351455991221782
2039-11-30,3.228699214155263,1.8572943635668768,0.9460330229476717,1.1733707703034573,1.3889788760813981,1.4623282484616338,0.8916287462597249,2.973119452813663,1.5969839222061648,1.4331440062437864
2039-12-31,3.236002657363115,1.8604494335844628,0.9479386778703769,1.1771721152059538,1.3921624372552979,1.4595437007671186,0.8905281276447331,2.966767611982612,1.5943591335992051,1.4416860580387176
2040-01-31,3.2565187487226397,1.8533931402309611,0.9475766568657931,1.1758321925420714,1.3958148107125041,1.4637726059578826,0.8910013350631267,2.9638879350083416,1.5768071566207749,1.4405060110150945
2040-02-29,3.2659026745404653,1.8567543775718227,0.9576135353096094,1.170484502634233,1.3898067483232692,1.4651578711755904,0.8907177977881351,2.9277589297588493,1.5717474907950215,1.4455304724171696
2040-03-31,3.2425191802559006,1.8639258495735689,0.9531654974339986,1.170528709399868,1.3938386211801974,1.4591450454801975,0.8935344148866154,2.9227170087102063,1.5798456525891744,1.4346694076939237
2040-04-30,3.2522317602516764,1.8618902996117928,0.958751551397573,1.1709250510545104,1.3888681673739254,1.4472775546407732,0.9002454770353374,2.9173106202771444,1.5778265100431008,1.4309780226653077
2040-05-31,3.2753946984511435,1.8606897249845245,1.1093803431011589,1.17453096826683,1.3923357717698082,1.4507906733078766,0.8946009334362921,2.928501193058431,1.571111479586695,1.4422671067137933
2040-06-30,3.2752971192955074,1.8542089904326582,1.1110427774775409,1.177910094859171,1.3943810838046704,1.4488382264278037,0.8985543292605579,2.92978574221791,1.5752665532538024,1.4499599160252736
2040-07-31,3.2805233044386113,1.8524548446483633,1.1071653256811964,1.1807114767653974,1.3948198666013922,1.4456677309059713,0.898796792802203,2.9263808281862804,1.5852115089708385,1.4543544258062346
2040-08-31,3.275757442624944,1.8497614684704704,1.110535844469057,1.1759639887214324,1.3920218890681757,1.4554303454353843,0.900901146003306,2.935644518155968,1.588104868436368,1.4606804217249967
2040-09-30,3.259875692813487,1.8479085601445042,1.114176598145706,1.1775424952462208,1.3950267376617727,1.4650508239507098,0.9035749798034848,2.9123115641656163,1.582089144600187,1.461462219197038
2040-10-31,3.265806805986243,1.8346445565514644,1.1180262780532046,2.3023810075774325,1.402421456427924,1.463447501880398,0.902954205922186,2.9139842571925505,1.5829295773455874,1.470422798796905
2040-11-30,3.2748168309616315,1.833715617054643,1.1224326917542586,2.2887588404595594,1.4010362399306011,1.4557889795085939,0.9043311720411408,2.9026444820590074,1.5870247797013668,1.4645801370189295
2040-12-31,3.2795896035927243,1.8355621308904055,1.1253960613385459,2.2747140786027815,1.396815158075525,1.4623979157988505,0.907558332306549,2.9109569306310323,1.5942641621146063,1.452783389496052
2041-01-31,3.278960077605085,1.841395748587881,1.1317099024687227,2.2799488904508505,1.3939472489551807,1.4654986139813015,0.9080121362715483,2.920100596281968,1.5942367509840807,1.447207898428504
2041-02-28,3.2682895973328403,1.831131012185347,1.1360306789225423,2.27785942145918,1.3933938163121016,1.4718007470305765,0.9134789593994315,2.914880129683151,1.5947516497724132,1.4425900138530614
2041-03-31,3.281712147847516,1.83558194845839,1.1379648486807907,2.260503276118976,1.3903008647091686,1.471643495213668,0.9106364676282903,2.896603103894728,1.5911090866134048,1.4433546348780237
2041-04-30,3.3002083259315738,1.833434713026036,1.1324677684805105,2.261307250173538,1.3939177149509525,1.4766337426330471,0.9138974567370963,2.890875891812625,1.594591342327069,1.4387080856215169
2041-05-31,3.325466595687156,1.840304311822987,1.1375316667563344,2.2683367590673544,1.4027033354285603,1.4874840916471783,0.9162455528402864,2.893566746048324,1.5917469560138116,1.4330220203614126
2041-06-30,3.3381981384215544,1.849188906654494,1.1523567296425785,2.2646608749852013,1.4019385080488012,1.4857898573136348,0.9160010032560784,2.899674569334952,1.6000315254022985,1.4380451754596788
2041-07-31,3.3169166783850645,1.8409663040404627,1.1509780793384083,2.252257280683684,1.4019989807382869,1.4848295090033328,0.9169160933297679,2.892407692962546,1.6105959376940728,1.4345726959131966
2041-08-31,3.309792847719311,1.8368636580531985,1.1498799327509472,2.261680337287563,1.403959482642403,1.4899054378425765,0.9203425509542279,2.8907520022497284,1.6070536357223393,1.425487538016957
2041-09-30,3.3004122275343146,1.8354618920092691,1.1454654599705556,2.250612889906104,1.4133346337319885,1.4920880047733536,0.9167134297324714,2.882222807885767,1.6115106648817223,1.4279334877733783
2041-10-31,3.3054465863271805,1.83950518058357,1.1445610106393282,2.246906449653615,1.4124807437450515,1.4993279913052717,0.9167617425300717,2.86713354554575,1.606348276382144,1.431533475174034
2041-11-30,3.316943531119645,1.8393444302991702,1.148806173265689,2.253989534879845,1.4110976637246804,1.4970392191168473,0.9158760837937892,2.8544408895995024,1.6154325856588054,1.4278924950792529
2041-12-31,3.3237576766841164,1.8456638757850254,1.1523623297836614,2.246572111417034,1.4056159140111033,1.502063080910973,0.9139390699723976,2.8645271039372635,1.6026700201763007,1.4409051066920147
2042-01-31,3.3295843314620646,1.8346484312473799,1.1524186308392705,2.232361876042526,2.637821785317614,1.4915046546936783,0.9126987186847343,2.8742447338267065,1.6074358389852395,1.4420751782873231
2042-02-28,3.3361244360967763,1.8315710602333641,1.1582546930506863,2.2497320716872267,2.618968325068442,1.4912647264063965,0.9130730839092898,2.882303404426917,1.6049934391533385,1.4585313099026627
2042-03-31,3.3287216886199413,1.8348122973580092,1.1621215606611806,2.242114419925812,2.6200701278130034,1.5005078004780545,0.9135491992855516,2.8792210446128332,1.5969886019157187,1.4612624320187377
2042-04-30,3.3422489595211475,1.846864945273686,1.1606151199807246,2.2395494985622197,2.6168979049970877,1.5061883912344232,0.917700240174434,2.8902533936561774,1.5941493860562932,1.458939402297192
2042-05-31,3.3404998675585404,1.8374381572895961,1.155168008795715,2.2270100179831247,2.614077136937068,1.5037208266195226,0.911348832851673,2.909586523026735,1.598224553177742,1.4639320639993234
2042-06-30,3.3233914281426324,1.833863234222202,1.1595363135319519,2.2064936112074234,2.6150484984588447,1.5083728683703808,0.915617060487523,2.921380965454881,1.591824298673286,1.4631028365851564
2042-07-31,3.3393855200328293,1.821961715593208,1.9004634660825959,2.21164636185535,2.614354255608387,1.5120804062526645,0.9112738675630401,2.9247114219239387,1.5959033709699533,1.4597935403217623
2042-08-31,3.341867013889666,1.833863988326589,1.8978191550116903,2.21590962321149,2.603453585684354,1.5137317792901779,0.9110509974702995,2.9249901156299076,1.59269244971129,1.4657605494879098
2042-09-30,3.3477976898237247,1.8359575604876355,1.9081277375578318,2.231923727726488,2.048059085357589,1.5105185663605358,0.9146541003304619,2.933226044304848,1.5954239625611362,1.4608055263852318
2042-10-31,3.3614357725823476,1.8325241362320257,1.9001259190753887,2.235358254929677,2.0330661077314915,1.513589539189529,0.9072724543343764,2.952263983982446,1.5940058558828911,1.4489075798488433
2042-11-30,3.3579437346795906,1.8229302042283335,1.8861837428520585,2.2301021658771427,2.027265760560327,1.513757281210628,0.9042081282277578,2.9589024040380534,1.6069893709244143,1.4659627707984673
2042-12-31,3.339156103451707,1.817363830968876,1.8760446929403223,2.239114415906993,2.0402880531047494,1.5228711306000473,0.9006297479804332,2.954554631078817,1.614750713147679,1.4689461874815224
2043-01-31,3.350317134538313,1.8161774438977496,1.869859939969907,2.2457000716896576,2.053924306313,1.5249974235923507,0.9049154100959532,2.959066454891065,1.6115144902812517,1.4738722177983783
2043-02-28,3.339238236661039,1.821707495204719,1.8691838138173158,2.2621268081911983,2.050199492237706,1.5313190066389086,0.9049831834957829,2.960321899485751,1.6159368730400696,1.471618197364401
2043-03-31,3.3699165129225483,1.819150500706175,1.8688382432121464,2.239034402727366,2.0469508782089467,1.5347624824640316,0.9003728796802793,2.9571625381863322,1.6131812198611069,1.460518741766536
2043-04-30,3.363638073809229,1.8353274020018835,1.8837401398174087,2.2332826918312376,2.031149882422111,1.5311643665598544,0.9020762863629734,2.9547008923412,1.608125791283695,1.4589864892891296
2043-05-31,3.3795012483267124,1.8460349393546844,1.890841267349764,2.2468980103852383,2.0134385387485945,1.5355989544746285,0.8987913536256661,2.9662641296962264,1.6071779338779852,1.461279097757389
2043-06-30,3.384540750582503,1.8485960081925126,1.8856017823765998,2.242113695590758,2.010019523693651,1.5415186727075145,0.9002821803412209,2.97321682524456,1.6077516089467994,1.470551885531918
2043-07-31,3.3744493712312607,1.851467849556552,1.8821268811352871,2.2385322820801097,2.014986963233547,1.5438466637362087,0.8999180526058663,2.9788680274205,1.61757629531218,1.4675987998321538
2043-08-31,3.369034395614349,1.847048956986503,1.8850068525523231,2.2578128992802453,2.029245662639744,1.5432788799106067,0.9045105553928386,2.9640209640806976,1.616720003665662,1.4657471562619655
2043-09-30,3.3432660686908027,1.8471490748289467,1.8882984759772017,2.2569516266780503,2.047308537024364,1.5515240271197939,0.906566123793756,2.9670696362387186,1.6153883378807081,1.471500365309031
2043-10-31,3.362561719149983,2.8269811859407876,1.8789936740845823,2.2603005014515514,2.033812762852327,1.5533712298588405,0.9105579405396317,2.9588559981568476,1.6220027072049692,1.4632409558925856
2043-11-30,3.3820206248386495,2.8533966841296894,1.8757901098887373,2.2595918847363468,2.027969649270601,1.5544741676350515,0.9133754293397869,2.944833408856466,1.6283466464005427,1.4496041423760284
2043-12-31,3.3805721583594885,2.8531045388131826,1.877992408602382,2.260352088725869,2.0361502885263785,1.5570491522188197,0.9204147435946024,2.9308161830067276,1.6381570294033987,1.4519517567820017
2044-01-31,3.3751692311884947,2.8637534882892233,1.8758529111994553,2.255584530510717,2.048066427458061,1.5551833372360853,0.9227897610094338,2.9369622311420414,1.6308615448501662,1.4485184543481946
2044-02-29,3.37449859066336,2.880627502576894,1.8933007680675173,2.2661574171442025,2.048298632761335,1.5575817528084235,0.9234809107147137,2.934394580451271,1.6352088770073316,1.4511249019248322
2044-03-31,3.387209068809899,2.886599798196731,1.8945249864381783,2.2765208712679117,2.053084678757936,1.5652922823926516,0.9232494961455231,2.9385071389973203,1.6405797944112184,1.4503419770578396
2044-04-30,3.4039623607093534,2.9017233491288255,1.889993002332461,2.2789511056306315,2.050318289371155,1.5792131938973504,0.9294261891337219,2.9412901658880717,1.6475110888490858,1.4585420168534173
2044-05-31,3.4237865385309383,2.8936066321753344,1.880108956303914,2.2826318049754866,2.0517849119847718,1.5801802276047239,0.9314268373998414,2.956872327829458,1.6526286776397872,1.4617142486577328
2044-06-30,3.42892268803249,2.91569821760985,1.8825412371289618,2.279021316055256,2.0507517071499057,1.5698451966721512,0.9323780925609082,2.956500666168253,1.6654140485800109,1.4646619167154673
2044-07-31,3.4271804487675275,2.902704877641506,1.8866642969621799,2.295397498349674,2.04735690344506,1.564971620350137,0.9290479891937156,2.965110884534919,1.6744626695055815,1.4761342780010742
2044-08-31,3.4072222474685354,2.9053148466571597,1.8795547352965607,2.298366339510324,2.0313166833131,1.5760694769614352,0.927867543107091,2.964927239080792,1.6705136620545216,1.4753589001038494
2044-09-30,3.385452008398049,2.909200797435977,1.8889261202216436,2.2912032222321357,2.0293243940025634,2.9829379394746742,0.9278320641180288,2.9736356985998116,1.6719074694677456,1.4740957842481621
2044-10-31,3.3723979405685247,2.92213224657983,1.8867344203341823,2.278562397596723,2.0351981285654737,2.9657963971028023,1.3592074703865862,2.9870960610740704,1.6818722586392447,1.4659538064792197
2044-11-30,3.368829478340918,2.9201173613211475,1.8969540193728016,2.2622549482140313,2.0277679768426196,2.9601094794729024,2.1472098319803745,2.994165632222099,1.6802367015606687,1.4614402833630462
2044-12-31,3.3638881939945353,2.9506524744301146,1.9062668117538302,2.247498845488041,2.024045100556765,2.961086160746785,2.1469579005209494,2.987276441915619,1.6757332256312718,1.4599566077956099
2045-01-31,3.379328826689225,2.9687664077848757,1.9058611898547757,2.2430903045901274,2.034568323651935,2.963428993554372,2.158622625331083,2.995863511957084,1.6747920074081486,1.4558385227105353
2045-02-28,3.3639876655447614,2.9748819017456665,1.8993832163237054,2.244534304069369,2.0211447028776206,2.977106958446013,2.1566201875429747,2.989370295758248,1.676912924461337,1.44738320249847
2045-03-31,3.345141589342595,2.971197098180533,1.9047436067223722,2.247288858056718,2.018705771606899,2.9729303731217205,2.1665462767986083,2.972812627919298,1.6810354939222496,1.4451926929877401
2045-04-30,3.342789078793462,2.967653752817563,1.897424643621224,2.243198114769816,1.9974504749451725,2.9631733984996016,2.152275966560451,2.973284579700117,1.6816230178828766,1.4530571793538063
2045-05-31,3.348610790746416,2.9797597657211505,1.891926645683868,2.2469126519233615,2.009843812231081,2.978696684126452,2.1503090722178144,2.9703280909184544,1.6931757477183822,1.4561367509359795
2045-06-30,3.3166920956552577,2.9709207637479995,1.9002070892313634,2.2515861812105844,2.0134638312145157,2.9664144144556026,2.1563494172080295,2.9649165532047412,1.694524066919687,1.4700198996542104
2045-07-31,3.3070075095215046,2.981597559055896,1.9047126949626298,2.257775168005589,2.0263695920453024,2.946749879583583,2.1471148366935853,2.963407069203016,1.6992067829656994,1.465273014477306
2045-08-31,3.316443823311241,2.976101250051974,1.9093581159032533,2.2424110831132484,2.0282403112837106,2.943783062708603,2.1414736270046073,2.956588857295925,1.7035899142136142,1.454328428647173
2045-09-30,3.321713017580733,2.9847908689978144,1.905042054329899,2.2488814812491005,2.0248191360113608,2.9625909766327556,2.144781298746885,2.944561845630348,1.7023691170253077,1.4428817678870882
2045-10-31,3.336976102057384,3.013108496203807,1.8952772462087393,2.2439448972520966,2.0157066139373763,2.9738647888731533,2.13580858829563,2.9525035617197375,1.7053516960945039,1.4471046860871815
2045-11-30,3.340286089206324,3.0028246503132934,1.8806073815047668,2.260637916969185,2.020284384231747,2.984753528839234,2.1303223827948488,2.963934126336051,1.6962335842680385,1.447434683904817
2045-12-31,3.3275429903563833,3.0169852185972346,1.8948353785748455,2.2564478497637506,2.0294971808979603,2.9689137912073877,2.1370232765504587,2.9712435429340225,1.6460346119388292,1.455109244520278
2046-01-31,3.3191205537959276,3.0402763993705983,1.9032483179511555,2.263584125838058,2.0305375390129585,2.962214924824251,2.1374814791543466,2.9765872234199557,1.648334037074495,1.4495291394006315
2046-02-28,3.308391240064606,3.032925863685485,1.9091286575696338,2.2545956009256143,2.031519733513818,2.9812568005122495,2.1331837319630838,2.9666648785724927,1.6457600830838688,1.4406180246521234
2046-03-31,3.3018401306895506,3.044105849530975,1.9178344256967266,2.24567260359638,2.0483501441592082,2.970827894607187,2.1401283280225822,2.947122524598356,1.6435103170665095,1.445672431063851
2046-04-30,3.305699218818471,3.0706472873156,1.9180761297265279,2.2401679677483073,2.0603472084721357,2.9646761685458607,2.1462693654891,2.9341477322294605,1.6399843501660047,1.45074206091032
2046-05-31,3.29959652406994,3.078981711972931,1.9239490230470486,2.25027276604491,2.0671836435049538,2.9744937629785237,2.1376499108021116,2.9446603251400285,1.6451347269757615,1.449303997875805
2046-06-30,3.304133059109187,3.0767789026932744,1.9369861813105014,2.2557104427487267,2.0833275289316644,2.9629602124761147,2.14142781127725,2.95488443845956,1.647764527264746,1.4398997185806022
2046-07-31,3.3066031428713685,3.0967139061554945,1.9326044198870067,2.2691471064815394,2.0824031854827743,2.966752672719482,2.1347599527364753,2.9724877099974125,1.646587267094767,1.4427005824905665
2046-08-31,3.3324181363002423,3.0931083226336957,1.9385922053145153,2.263906736988437,2.078147910858236,2.9756534847253007,2.1360046818540592,2.9837394262067614,1.6424525136181338,1.437915555690669
2046-09-30,3.324853013461214,3.124139226484693,1.9379311960769166,2.2627757143671374,2.0830589126444967,2.975680271552999,2.116349570010863,2.9864060719448995,1.6427709462724693,1.4388057756874066
2046-10-31,3.3155853287120265,3.124515384092524,1.949170126430011,2.270608979355871,2.0915605839667144,2.9730162628490464,2.122273726249819,2.9781515907528155,1.6378757803922401,1.4453582078506704
2046-11-30,3.305502179289158,3.142783549492976,1.9373152016823967,2.2700890008320114,2.0893411883109985,2.99191080106024,2.116109925471204,2.97067279222713,1.634322784294737,1.4514555577520478
2046-12-31,3.303034884401007,3.137180659462536,1.9450700649395989,2.289282334949722,2.0786188079254906,2.9879401822279372,2.1062902025044234,2.971961342574246,1.6207426060859607,1.4519131806521255
2047-01-31,3.318613908816934,3.165702539045985,1.9379777266055764,2.2749106929015377,2.0797234644850184,2.984502418732899,2.1101493763092125,2.987005236586071,1.6263651731488835,1.450325662707546
2047-02-28,3.300618635973864,3.1586551262297204,1.9302702313833309,2.2859670833364487,2.0706647075387266,2.991547057072405,2.1147905334001296,2.9638648461467056,1.6327727445590652,1.4498073073623963
2047-03-31,3.2891835409988275,3.146912743077081,1.925533516711204,2.2855168206070924,2.0617673640380025,2.991882673234195,2.1169574250529846,2.9772354692167013,1.631854629478079,1.4525913067461154
2047-04-30,3.299506630462503,3.133165136392431,1.9307113482040643,2.2876384867768063,2.0609920015841503,2.999298744565805,2.1227995421209878,2.9745268266853375,1.6447509684914212,1.450688543962947
2047-05-31,3.3190448168778324,2.9429473581337593,1.9269081610492305,2.2980968196935407,2.064407674183524,2.978807034567001,2.1192070417691906,2.9722288350130905,1.6354135619901042,1.4489016431020842
2047-06-30,3.325892381461188,2.9424775604625193,1.9291497979494872,2.3087545841907846,2.0622660323010895,2.9744939156855135,2.1248161313953817,2.961484222034627,1.6399154820009683,1.442228287671843
2047-07-31,3.336865331677454,2.9383646552523333,1.9261020419145745,2.3174885980337057,2.0594954154568317,2.9771213349850556,2.126497226523875,2.9599789767377023,1.6389188517107536,1.4403232487148347
2047-08-31,3.340199703792558,2.9478727675126137,1.918359962711099,2.314495092220953,2.0805807218447523,2.9780669699014286,2.1316045780629156,2.956672837855815,1.6301626377575158,1.433462015693062
2047-09-30,3.3519474615124154,2.950781883865389,1.9055523649846111,2.3239118143405344,2.0749384280125693,2.964983174732448,2.124727690176622,2.951749494198264,1.6180150613457867,1.437478013972226
2047-10-31,3.3496643243179802,2.93805616040303,1.9082865897449515,2.3335339154129175,2.084735163880164,2.967236276456649,2.1131489671510777,2.9637034632627017,1.6234346116028635,1.4333487175244093
2047-11-30,3.362947258211593,2.9480637837825703,1.9114704267424223,2.317044890116216,2.104312518241283,2.9661004038629892,2.109461246107916,2.9663257495114412,1.6361182092933488,1.4397553896611317
2047-12-31,3.382366614749073,2.961904085152916,1.9050421341697645,2.307465642403358,2.103340591039326,2.9482552049264905,2.1141252149831735,2.9861306344135525,1.6359785301347154,1.4306680285443372
2048-01-31,3.3659487892707807,2.963039864040409,1.8965233308501863,2.3159514812338626,2.0593589469578193,2.9530393460087994,2.1149553487539148,2.993158785008137,1.6300635769917544,1.3504899692757903
2048-02-29,3.347579269691968,2.9682772051490685,1.8820161966089233,2.3189971951157653,2.059896925195172,2.9306667528753167,2.107208995752313,2.9917520964463162,1.630090784811409,1.353058458106215
2048-03-31,3.3420981950015807,2.973486407217356,1.8711266551950922,2.311437640065683,2.0572211108825353,2.9321798148482947,2.1236464457323274,2.975667125446156,1.636977505446735,1.3449281451817536
2048-04-30,3.340324539382096,2.961100536356191,1.8600595551636472,2.312497361221464,2.0672798711403737,2.9351902515656825,2.1246005385672126,2.9504011046438747,1.6360749767536158,1.3466332940731218
2048-05-31,3.352821080465377,2.944310878936705,1.8791060501127954,2.3167892862025425,2.067936121796106,2.9283689503596624,2.1390933748879246,2.9715224978119057,1.6388145937127057,1.332139135238142
2048-06-30,3.3736230808717003,2.943731582122652,1.8799139995098848,2.3005279387225377,2.0637275252547242,2.9147026657809922,2.149855404918562,2.9828189234734603,1.6388036378534718,1.3329291381434243
2048-07-31,3.3750725866834155,2.9292007993686537,1.8880370816765248,2.317387797111505,2.0566476298714953,2.9187770065284804,2.136086111175389,2.9606126578551795,1.632728424644216,1.3305881941247286
2048-08-31,3.3877463326195807,2.926062309821208,1.8961685542666111,2.308343676476393,2.0460071077701625,2.930767288533425,2.134143675130922,2.9699306615629975,1.6425840912483693,1.3295693310467402
2048-09-30,3.36863800458603,2.910800936572151,1.8975981229450272,2.3110252953469246,2.0317128801016815,2.9407198503766625,2.139223526739748,2.9484250860359134,1.644378564641485,1.3220558621728222
2048-10-31,3.3615843657750992,2.8962697861238755,1.9089561763693221,2.3140641310767514,2.020345808185995,2.9404945223257353,2.1236882378123,2.93758763700639,1.6446477342164931,2.0977189929488276
2048-11-30,3.368218687377861,2.886070300440953,1.9151701998165969,2.3171604286857352,2.015802535651388,2.956026363305314,2.132198239527418,2.953857069517137,1.6453397857573113,2.0944270457000846
2048-12-31,3.3753820450315057,2.8860079536235816,1.9040768670386012,2.319657527775606,2.0283666898324855,2.934617669302428,2.1250181906493624,2.9563313786282683,1.6574999379713682,2.105697732269292
2049-01-31,3.3638886224470985,2.8889648388723588,1.9043966635468843,2.3027710514510553,2.037124736488648,2.915130349696383,2.1250356685872576,2.9389310140798584,1.6609018278858398,2.1047398263780086
2049-02-28,3.373503783399354,2.88575747918477,1.9001813937078331,2.29565105529717,2.040477543069369,2.8892452795829118,2.1192227896288074,2.94989015788936,1.6631939883690943,2.1047923115186347
2049-12-31,3.373466483525503,2.8857295736276325,1.90014391262612,2.2956285150629308,2.04043364191072,2.889161023458348,2.119123905224847,2.9498489906961978,1.663165640358795,2.1047532107622136
